nohup: ignoring input
Namespace(dataset='busi', dataroot=None, workers=1, batchSize=16, imageSize=64, nc=1, nz=100, ngf=64, ndf=64, niter=10001, lrD=5e-05, lrG=5e-05, beta1=0.5, cuda=True, ngpu=1, netG='', netD='', clamp_lower=-0.01, clamp_upper=0.01, Diters=5, noBN=False, mlp_G=False, mlp_D=False, n_extra_layers=0, experiment='/root/example/airs1/semi/code/pretrain/GAN', adam=True, root='/root/example/airs1', expID=3)
mkdir: cannot create directory ‘/root/example/airs1/semi/code/pretrain/GAN’: File exists
Random Seed:  4014
正在预加载 train-label 数据 (共 288 张)...
✅ 数据已锁入内存！
using cuda ===================================== 
[0/10001] End of Epoch | Avg_Loss_D: -1.5816 | Avg_Loss_G: 1.6945 | Total_Iter: 3
[1/10001] End of Epoch | Avg_Loss_D: -4.5230 | Avg_Loss_G: 3.3075 | Total_Iter: 6
[2/10001] End of Epoch | Avg_Loss_D: -6.2526 | Avg_Loss_G: 4.1328 | Total_Iter: 9
[3/10001] End of Epoch | Avg_Loss_D: -7.5277 | Avg_Loss_G: 5.1378 | Total_Iter: 12
[4/10001] End of Epoch | Avg_Loss_D: -10.9378 | Avg_Loss_G: 7.3955 | Total_Iter: 15
[5/10001] End of Epoch | Avg_Loss_D: -14.0269 | Avg_Loss_G: 9.4137 | Total_Iter: 18
[6/10001] End of Epoch | Avg_Loss_D: -16.7602 | Avg_Loss_G: 10.7718 | Total_Iter: 21
[7/10001] End of Epoch | Avg_Loss_D: -20.0951 | Avg_Loss_G: 11.9842 | Total_Iter: 24
[8/10001] End of Epoch | Avg_Loss_D: -22.1627 | Avg_Loss_G: 13.2694 | Total_Iter: 27
[9/10001] End of Epoch | Avg_Loss_D: -25.4657 | Avg_Loss_G: 14.3795 | Total_Iter: 30
[10/10001] End of Epoch | Avg_Loss_D: -28.2286 | Avg_Loss_G: 15.1215 | Total_Iter: 33
[11/10001] End of Epoch | Avg_Loss_D: -30.5438 | Avg_Loss_G: 16.2849 | Total_Iter: 36
[12/10001] End of Epoch | Avg_Loss_D: -31.5959 | Avg_Loss_G: 17.0212 | Total_Iter: 39
[13/10001] End of Epoch | Avg_Loss_D: -34.4160 | Avg_Loss_G: 17.9058 | Total_Iter: 42
[14/10001] End of Epoch | Avg_Loss_D: -36.3279 | Avg_Loss_G: 18.9792 | Total_Iter: 45
[15/10001] End of Epoch | Avg_Loss_D: -38.2872 | Avg_Loss_G: 19.9589 | Total_Iter: 48
[16/10001] End of Epoch | Avg_Loss_D: -39.8547 | Avg_Loss_G: 20.7378 | Total_Iter: 51
[17/10001] End of Epoch | Avg_Loss_D: -41.7001 | Avg_Loss_G: 21.5854 | Total_Iter: 54
[18/10001] End of Epoch | Avg_Loss_D: -43.6331 | Avg_Loss_G: 22.3108 | Total_Iter: 57
[19/10001] End of Epoch | Avg_Loss_D: -45.1843 | Avg_Loss_G: 23.0184 | Total_Iter: 60
[20/10001] End of Epoch | Avg_Loss_D: -46.6397 | Avg_Loss_G: 23.8787 | Total_Iter: 63
[21/10001] End of Epoch | Avg_Loss_D: -48.5099 | Avg_Loss_G: 24.7828 | Total_Iter: 66
[22/10001] End of Epoch | Avg_Loss_D: -49.9897 | Avg_Loss_G: 25.4960 | Total_Iter: 69
[23/10001] End of Epoch | Avg_Loss_D: -51.4826 | Avg_Loss_G: 26.3587 | Total_Iter: 72
[24/10001] End of Epoch | Avg_Loss_D: -53.2160 | Avg_Loss_G: 27.2324 | Total_Iter: 75
[25/10001] End of Epoch | Avg_Loss_D: -54.7257 | Avg_Loss_G: 27.8742 | Total_Iter: 78
[26/10001] End of Epoch | Avg_Loss_D: -55.3727 | Avg_Loss_G: 28.7982 | Total_Iter: 81
[27/10001] End of Epoch | Avg_Loss_D: -57.5307 | Avg_Loss_G: 29.3610 | Total_Iter: 84
[28/10001] End of Epoch | Avg_Loss_D: -59.2439 | Avg_Loss_G: 30.4448 | Total_Iter: 87
[29/10001] End of Epoch | Avg_Loss_D: -60.1433 | Avg_Loss_G: 31.1061 | Total_Iter: 90
[30/10001] End of Epoch | Avg_Loss_D: -59.5856 | Avg_Loss_G: 30.5338 | Total_Iter: 93
[31/10001] End of Epoch | Avg_Loss_D: -59.6181 | Avg_Loss_G: 32.0760 | Total_Iter: 96
[32/10001] End of Epoch | Avg_Loss_D: -62.9436 | Avg_Loss_G: 32.9659 | Total_Iter: 99
[33/10001] End of Epoch | Avg_Loss_D: -63.5054 | Avg_Loss_G: 32.1479 | Total_Iter: 102
[34/10001] End of Epoch | Avg_Loss_D: -65.3703 | Avg_Loss_G: 33.3831 | Total_Iter: 105
[35/10001] End of Epoch | Avg_Loss_D: -65.2373 | Avg_Loss_G: 34.9582 | Total_Iter: 108
[36/10001] End of Epoch | Avg_Loss_D: -65.8894 | Avg_Loss_G: 32.1654 | Total_Iter: 111
[37/10001] End of Epoch | Avg_Loss_D: -67.1937 | Avg_Loss_G: 34.8240 | Total_Iter: 114
[38/10001] End of Epoch | Avg_Loss_D: -66.4796 | Avg_Loss_G: 34.9222 | Total_Iter: 117
[39/10001] End of Epoch | Avg_Loss_D: -68.0528 | Avg_Loss_G: 36.0009 | Total_Iter: 120
[40/10001] End of Epoch | Avg_Loss_D: -68.0647 | Avg_Loss_G: 36.4441 | Total_Iter: 123
[41/10001] End of Epoch | Avg_Loss_D: -73.5245 | Avg_Loss_G: 38.4703 | Total_Iter: 126
[42/10001] End of Epoch | Avg_Loss_D: -74.2483 | Avg_Loss_G: 38.5535 | Total_Iter: 129
[43/10001] End of Epoch | Avg_Loss_D: -77.3129 | Avg_Loss_G: 38.9602 | Total_Iter: 132
[44/10001] End of Epoch | Avg_Loss_D: -74.5443 | Avg_Loss_G: 38.2216 | Total_Iter: 135
[45/10001] End of Epoch | Avg_Loss_D: -77.6295 | Avg_Loss_G: 40.4157 | Total_Iter: 138
[46/10001] End of Epoch | Avg_Loss_D: -81.0815 | Avg_Loss_G: 41.6717 | Total_Iter: 141
[47/10001] End of Epoch | Avg_Loss_D: -82.5718 | Avg_Loss_G: 42.4671 | Total_Iter: 144
[48/10001] End of Epoch | Avg_Loss_D: -80.8828 | Avg_Loss_G: 41.6830 | Total_Iter: 147
[49/10001] End of Epoch | Avg_Loss_D: -80.6662 | Avg_Loss_G: 43.2355 | Total_Iter: 150
[50/10001] End of Epoch | Avg_Loss_D: -88.6290 | Avg_Loss_G: 44.7664 | Total_Iter: 153
[51/10001] End of Epoch | Avg_Loss_D: -86.9221 | Avg_Loss_G: 44.0483 | Total_Iter: 156
[52/10001] End of Epoch | Avg_Loss_D: -89.4779 | Avg_Loss_G: 45.9485 | Total_Iter: 159
[53/10001] End of Epoch | Avg_Loss_D: -80.4428 | Avg_Loss_G: 45.0506 | Total_Iter: 162
[54/10001] End of Epoch | Avg_Loss_D: -92.7261 | Avg_Loss_G: 47.2214 | Total_Iter: 165
[55/10001] End of Epoch | Avg_Loss_D: -92.5234 | Avg_Loss_G: 47.3525 | Total_Iter: 168
[56/10001] End of Epoch | Avg_Loss_D: -96.1015 | Avg_Loss_G: 48.8567 | Total_Iter: 171
[57/10001] End of Epoch | Avg_Loss_D: -97.8696 | Avg_Loss_G: 49.4518 | Total_Iter: 174
[58/10001] End of Epoch | Avg_Loss_D: -100.6124 | Avg_Loss_G: 50.4901 | Total_Iter: 177
[59/10001] End of Epoch | Avg_Loss_D: -101.3980 | Avg_Loss_G: 51.0731 | Total_Iter: 180
[60/10001] End of Epoch | Avg_Loss_D: -103.1145 | Avg_Loss_G: 51.9539 | Total_Iter: 183
[61/10001] End of Epoch | Avg_Loss_D: -84.4659 | Avg_Loss_G: 51.7341 | Total_Iter: 186
[62/10001] End of Epoch | Avg_Loss_D: -106.1847 | Avg_Loss_G: 53.2541 | Total_Iter: 189
[63/10001] End of Epoch | Avg_Loss_D: -108.2102 | Avg_Loss_G: 54.5185 | Total_Iter: 192
[64/10001] End of Epoch | Avg_Loss_D: -109.9568 | Avg_Loss_G: 55.2793 | Total_Iter: 195
[65/10001] End of Epoch | Avg_Loss_D: -110.3678 | Avg_Loss_G: 56.0993 | Total_Iter: 198
[66/10001] End of Epoch | Avg_Loss_D: -114.0220 | Avg_Loss_G: 56.7889 | Total_Iter: 201
[67/10001] End of Epoch | Avg_Loss_D: -103.8532 | Avg_Loss_G: 57.7402 | Total_Iter: 204
[68/10001] End of Epoch | Avg_Loss_D: -111.1609 | Avg_Loss_G: 57.3627 | Total_Iter: 207
[69/10001] End of Epoch | Avg_Loss_D: -48.9019 | Avg_Loss_G: 54.7758 | Total_Iter: 210
[70/10001] End of Epoch | Avg_Loss_D: -92.3059 | Avg_Loss_G: 58.1729 | Total_Iter: 213
[71/10001] End of Epoch | Avg_Loss_D: -104.4095 | Avg_Loss_G: 58.4446 | Total_Iter: 216
[72/10001] End of Epoch | Avg_Loss_D: -119.5298 | Avg_Loss_G: 60.6562 | Total_Iter: 219
[73/10001] End of Epoch | Avg_Loss_D: -121.0675 | Avg_Loss_G: 61.4301 | Total_Iter: 222
[74/10001] End of Epoch | Avg_Loss_D: -123.8776 | Avg_Loss_G: 62.4727 | Total_Iter: 225
[75/10001] End of Epoch | Avg_Loss_D: -123.7441 | Avg_Loss_G: 63.0326 | Total_Iter: 228
[76/10001] End of Epoch | Avg_Loss_D: -103.8475 | Avg_Loss_G: 61.9702 | Total_Iter: 231
[77/10001] End of Epoch | Avg_Loss_D: -123.9203 | Avg_Loss_G: 64.3385 | Total_Iter: 234
[78/10001] End of Epoch | Avg_Loss_D: -127.3827 | Avg_Loss_G: 65.1051 | Total_Iter: 237
[79/10001] End of Epoch | Avg_Loss_D: -131.6943 | Avg_Loss_G: 66.8731 | Total_Iter: 240
[80/10001] End of Epoch | Avg_Loss_D: -134.2759 | Avg_Loss_G: 67.2110 | Total_Iter: 243
[81/10001] End of Epoch | Avg_Loss_D: -131.6244 | Avg_Loss_G: 68.3183 | Total_Iter: 246
[82/10001] End of Epoch | Avg_Loss_D: -136.7518 | Avg_Loss_G: 69.3882 | Total_Iter: 249
[83/10001] End of Epoch | Avg_Loss_D: -140.2241 | Avg_Loss_G: 70.3375 | Total_Iter: 252
[84/10001] End of Epoch | Avg_Loss_D: -141.7985 | Avg_Loss_G: 71.2393 | Total_Iter: 255
[85/10001] End of Epoch | Avg_Loss_D: -143.8126 | Avg_Loss_G: 72.0828 | Total_Iter: 258
[86/10001] End of Epoch | Avg_Loss_D: -129.1941 | Avg_Loss_G: 72.2943 | Total_Iter: 261
[87/10001] End of Epoch | Avg_Loss_D: -137.8200 | Avg_Loss_G: 72.8755 | Total_Iter: 264
[88/10001] End of Epoch | Avg_Loss_D: -147.5849 | Avg_Loss_G: 74.6045 | Total_Iter: 267
[89/10001] End of Epoch | Avg_Loss_D: -150.3367 | Avg_Loss_G: 75.4061 | Total_Iter: 270
[90/10001] End of Epoch | Avg_Loss_D: -150.3261 | Avg_Loss_G: 76.3615 | Total_Iter: 273
[91/10001] End of Epoch | Avg_Loss_D: -154.4257 | Avg_Loss_G: 77.2993 | Total_Iter: 276
[92/10001] End of Epoch | Avg_Loss_D: -156.0576 | Avg_Loss_G: 78.2866 | Total_Iter: 279
[93/10001] End of Epoch | Avg_Loss_D: -158.1230 | Avg_Loss_G: 79.3892 | Total_Iter: 282
[94/10001] End of Epoch | Avg_Loss_D: -148.9865 | Avg_Loss_G: 78.4104 | Total_Iter: 285
[95/10001] End of Epoch | Avg_Loss_D: -159.2463 | Avg_Loss_G: 80.7061 | Total_Iter: 288
[96/10001] End of Epoch | Avg_Loss_D: -158.2072 | Avg_Loss_G: 81.4802 | Total_Iter: 291
[97/10001] End of Epoch | Avg_Loss_D: -164.4931 | Avg_Loss_G: 82.7976 | Total_Iter: 294
[98/10001] End of Epoch | Avg_Loss_D: -166.9157 | Avg_Loss_G: 83.7153 | Total_Iter: 297
[99/10001] End of Epoch | Avg_Loss_D: -156.5933 | Avg_Loss_G: 83.5171 | Total_Iter: 300
[100/10001] End of Epoch | Avg_Loss_D: -170.0881 | Avg_Loss_G: 85.5607 | Total_Iter: 303
[101/10001] End of Epoch | Avg_Loss_D: -172.1791 | Avg_Loss_G: 86.5570 | Total_Iter: 306
[102/10001] End of Epoch | Avg_Loss_D: -173.3067 | Avg_Loss_G: 87.2747 | Total_Iter: 309
[103/10001] End of Epoch | Avg_Loss_D: -175.8365 | Avg_Loss_G: 88.4058 | Total_Iter: 312
[104/10001] End of Epoch | Avg_Loss_D: -165.8932 | Avg_Loss_G: 89.1382 | Total_Iter: 315
[105/10001] End of Epoch | Avg_Loss_D: -178.9276 | Avg_Loss_G: 90.2830 | Total_Iter: 318
[106/10001] End of Epoch | Avg_Loss_D: -180.8847 | Avg_Loss_G: 91.2022 | Total_Iter: 321
[107/10001] End of Epoch | Avg_Loss_D: -172.3210 | Avg_Loss_G: 91.2082 | Total_Iter: 324
[108/10001] End of Epoch | Avg_Loss_D: -183.8754 | Avg_Loss_G: 92.9202 | Total_Iter: 327
[109/10001] End of Epoch | Avg_Loss_D: -187.5605 | Avg_Loss_G: 93.7493 | Total_Iter: 330
[110/10001] End of Epoch | Avg_Loss_D: -187.3200 | Avg_Loss_G: 94.9169 | Total_Iter: 333
[111/10001] End of Epoch | Avg_Loss_D: -187.5491 | Avg_Loss_G: 95.4349 | Total_Iter: 336
[112/10001] End of Epoch | Avg_Loss_D: -190.6217 | Avg_Loss_G: 96.5865 | Total_Iter: 339
[113/10001] End of Epoch | Avg_Loss_D: -135.6460 | Avg_Loss_G: 96.9377 | Total_Iter: 342
[114/10001] End of Epoch | Avg_Loss_D: -177.6123 | Avg_Loss_G: 97.0644 | Total_Iter: 345
[115/10001] End of Epoch | Avg_Loss_D: -196.7788 | Avg_Loss_G: 99.0537 | Total_Iter: 348
[116/10001] End of Epoch | Avg_Loss_D: -198.0473 | Avg_Loss_G: 99.9986 | Total_Iter: 351
[117/10001] End of Epoch | Avg_Loss_D: -200.8632 | Avg_Loss_G: 101.1290 | Total_Iter: 354
[118/10001] End of Epoch | Avg_Loss_D: -201.7924 | Avg_Loss_G: 102.0008 | Total_Iter: 357
[119/10001] End of Epoch | Avg_Loss_D: -205.4938 | Avg_Loss_G: 103.0415 | Total_Iter: 360
[120/10001] End of Epoch | Avg_Loss_D: -206.8607 | Avg_Loss_G: 104.0108 | Total_Iter: 363
[121/10001] End of Epoch | Avg_Loss_D: -209.8919 | Avg_Loss_G: 105.0575 | Total_Iter: 366
[122/10001] End of Epoch | Avg_Loss_D: -211.1146 | Avg_Loss_G: 106.0474 | Total_Iter: 369
[123/10001] End of Epoch | Avg_Loss_D: -213.6099 | Avg_Loss_G: 107.0127 | Total_Iter: 372
[124/10001] End of Epoch | Avg_Loss_D: -213.9668 | Avg_Loss_G: 108.0093 | Total_Iter: 375
[125/10001] End of Epoch | Avg_Loss_D: -217.9378 | Avg_Loss_G: 109.0624 | Total_Iter: 378
[126/10001] End of Epoch | Avg_Loss_D: -219.6818 | Avg_Loss_G: 110.0348 | Total_Iter: 381
[127/10001] End of Epoch | Avg_Loss_D: -221.4503 | Avg_Loss_G: 110.8990 | Total_Iter: 384
[128/10001] End of Epoch | Avg_Loss_D: -221.9074 | Avg_Loss_G: 111.9585 | Total_Iter: 387
[129/10001] End of Epoch | Avg_Loss_D: -220.4307 | Avg_Loss_G: 112.8712 | Total_Iter: 390
[130/10001] End of Epoch | Avg_Loss_D: -227.7516 | Avg_Loss_G: 113.9873 | Total_Iter: 393
[131/10001] End of Epoch | Avg_Loss_D: -229.9768 | Avg_Loss_G: 115.0191 | Total_Iter: 396
[132/10001] End of Epoch | Avg_Loss_D: -229.5911 | Avg_Loss_G: 115.9320 | Total_Iter: 399
[133/10001] End of Epoch | Avg_Loss_D: -233.3129 | Avg_Loss_G: 117.1314 | Total_Iter: 402
[134/10001] End of Epoch | Avg_Loss_D: -235.3607 | Avg_Loss_G: 118.1398 | Total_Iter: 405
[135/10001] End of Epoch | Avg_Loss_D: -237.9169 | Avg_Loss_G: 119.0906 | Total_Iter: 408
[136/10001] End of Epoch | Avg_Loss_D: -238.6973 | Avg_Loss_G: 120.0033 | Total_Iter: 411
[137/10001] End of Epoch | Avg_Loss_D: -241.6518 | Avg_Loss_G: 121.3006 | Total_Iter: 414
[138/10001] End of Epoch | Avg_Loss_D: -244.2076 | Avg_Loss_G: 122.2769 | Total_Iter: 417
[139/10001] End of Epoch | Avg_Loss_D: -245.6788 | Avg_Loss_G: 123.3517 | Total_Iter: 420
[140/10001] End of Epoch | Avg_Loss_D: -248.3802 | Avg_Loss_G: 124.2954 | Total_Iter: 423
[141/10001] End of Epoch | Avg_Loss_D: -250.3330 | Avg_Loss_G: 125.4649 | Total_Iter: 426
[142/10001] End of Epoch | Avg_Loss_D: -251.7140 | Avg_Loss_G: 126.5081 | Total_Iter: 429
[143/10001] End of Epoch | Avg_Loss_D: -253.0156 | Avg_Loss_G: 127.4934 | Total_Iter: 432
[144/10001] End of Epoch | Avg_Loss_D: -256.3621 | Avg_Loss_G: 128.6153 | Total_Iter: 435
[145/10001] End of Epoch | Avg_Loss_D: -258.2235 | Avg_Loss_G: 129.5262 | Total_Iter: 438
[146/10001] End of Epoch | Avg_Loss_D: -260.3502 | Avg_Loss_G: 130.6389 | Total_Iter: 441
[147/10001] End of Epoch | Avg_Loss_D: -262.4144 | Avg_Loss_G: 131.7853 | Total_Iter: 444
[148/10001] End of Epoch | Avg_Loss_D: -264.0405 | Avg_Loss_G: 132.6995 | Total_Iter: 447
[149/10001] End of Epoch | Avg_Loss_D: -266.9280 | Avg_Loss_G: 133.8242 | Total_Iter: 450
[150/10001] End of Epoch | Avg_Loss_D: -269.0852 | Avg_Loss_G: 134.8794 | Total_Iter: 453
[151/10001] End of Epoch | Avg_Loss_D: -271.1186 | Avg_Loss_G: 135.9211 | Total_Iter: 456
[152/10001] End of Epoch | Avg_Loss_D: -272.5628 | Avg_Loss_G: 136.9913 | Total_Iter: 459
[153/10001] End of Epoch | Avg_Loss_D: -275.1878 | Avg_Loss_G: 138.0921 | Total_Iter: 462
[154/10001] End of Epoch | Avg_Loss_D: -277.4802 | Avg_Loss_G: 139.0204 | Total_Iter: 465
[155/10001] End of Epoch | Avg_Loss_D: -279.4110 | Avg_Loss_G: 140.1644 | Total_Iter: 468
[156/10001] End of Epoch | Avg_Loss_D: -280.6035 | Avg_Loss_G: 141.2005 | Total_Iter: 471
[157/10001] End of Epoch | Avg_Loss_D: -283.7020 | Avg_Loss_G: 142.3455 | Total_Iter: 474
[158/10001] End of Epoch | Avg_Loss_D: -284.7406 | Avg_Loss_G: 143.3640 | Total_Iter: 477
[159/10001] End of Epoch | Avg_Loss_D: -287.8865 | Avg_Loss_G: 144.4728 | Total_Iter: 480
[160/10001] End of Epoch | Avg_Loss_D: -289.4316 | Avg_Loss_G: 145.5645 | Total_Iter: 483
[161/10001] End of Epoch | Avg_Loss_D: -292.0200 | Avg_Loss_G: 146.6377 | Total_Iter: 486
[162/10001] End of Epoch | Avg_Loss_D: -294.4326 | Avg_Loss_G: 147.7455 | Total_Iter: 489
[163/10001] End of Epoch | Avg_Loss_D: -296.3247 | Avg_Loss_G: 148.8013 | Total_Iter: 492
[164/10001] End of Epoch | Avg_Loss_D: -297.8379 | Avg_Loss_G: 149.8333 | Total_Iter: 495
[165/10001] End of Epoch | Avg_Loss_D: -300.6884 | Avg_Loss_G: 150.8754 | Total_Iter: 498
[166/10001] End of Epoch | Avg_Loss_D: -302.6912 | Avg_Loss_G: 152.0234 | Total_Iter: 501
[167/10001] End of Epoch | Avg_Loss_D: -304.9437 | Avg_Loss_G: 153.0485 | Total_Iter: 504
[168/10001] End of Epoch | Avg_Loss_D: -306.8741 | Avg_Loss_G: 154.1771 | Total_Iter: 507
[169/10001] End of Epoch | Avg_Loss_D: -308.7158 | Avg_Loss_G: 155.2451 | Total_Iter: 510
[170/10001] End of Epoch | Avg_Loss_D: -309.1942 | Avg_Loss_G: 156.3712 | Total_Iter: 513
[171/10001] End of Epoch | Avg_Loss_D: -311.7826 | Avg_Loss_G: 157.1991 | Total_Iter: 516
[172/10001] End of Epoch | Avg_Loss_D: -260.4294 | Avg_Loss_G: 157.8069 | Total_Iter: 519
[173/10001] End of Epoch | Avg_Loss_D: -284.8486 | Avg_Loss_G: 158.2743 | Total_Iter: 522
[174/10001] End of Epoch | Avg_Loss_D: -316.2270 | Avg_Loss_G: 159.7025 | Total_Iter: 525
[175/10001] End of Epoch | Avg_Loss_D: -319.1897 | Avg_Loss_G: 160.8944 | Total_Iter: 528
[176/10001] End of Epoch | Avg_Loss_D: -322.3118 | Avg_Loss_G: 161.9294 | Total_Iter: 531
[177/10001] End of Epoch | Avg_Loss_D: -324.5476 | Avg_Loss_G: 163.0498 | Total_Iter: 534
[178/10001] End of Epoch | Avg_Loss_D: -326.1639 | Avg_Loss_G: 164.1116 | Total_Iter: 537
[179/10001] End of Epoch | Avg_Loss_D: -328.8283 | Avg_Loss_G: 165.1585 | Total_Iter: 540
[180/10001] End of Epoch | Avg_Loss_D: -330.8498 | Avg_Loss_G: 166.2263 | Total_Iter: 543
[181/10001] End of Epoch | Avg_Loss_D: -333.4185 | Avg_Loss_G: 167.3054 | Total_Iter: 546
[182/10001] End of Epoch | Avg_Loss_D: -335.2870 | Avg_Loss_G: 168.3845 | Total_Iter: 549
[183/10001] End of Epoch | Avg_Loss_D: -337.9401 | Avg_Loss_G: 169.6133 | Total_Iter: 552
[184/10001] End of Epoch | Avg_Loss_D: -339.6711 | Avg_Loss_G: 170.7564 | Total_Iter: 555
[185/10001] End of Epoch | Avg_Loss_D: -342.2142 | Avg_Loss_G: 171.9283 | Total_Iter: 558
[186/10001] End of Epoch | Avg_Loss_D: -344.3305 | Avg_Loss_G: 173.0252 | Total_Iter: 561
[187/10001] End of Epoch | Avg_Loss_D: -346.9489 | Avg_Loss_G: 174.2168 | Total_Iter: 564
[188/10001] End of Epoch | Avg_Loss_D: -348.6914 | Avg_Loss_G: 175.3481 | Total_Iter: 567
[189/10001] End of Epoch | Avg_Loss_D: -350.4202 | Avg_Loss_G: 176.2997 | Total_Iter: 570
[190/10001] End of Epoch | Avg_Loss_D: -353.2305 | Avg_Loss_G: 177.3989 | Total_Iter: 573
[191/10001] End of Epoch | Avg_Loss_D: -355.1314 | Avg_Loss_G: 178.4921 | Total_Iter: 576
[192/10001] End of Epoch | Avg_Loss_D: -357.5611 | Avg_Loss_G: 179.5150 | Total_Iter: 579
[193/10001] End of Epoch | Avg_Loss_D: -358.8300 | Avg_Loss_G: 180.4213 | Total_Iter: 582
[194/10001] End of Epoch | Avg_Loss_D: -361.8314 | Avg_Loss_G: 181.6888 | Total_Iter: 585
[195/10001] End of Epoch | Avg_Loss_D: -363.7105 | Avg_Loss_G: 182.7904 | Total_Iter: 588
[196/10001] End of Epoch | Avg_Loss_D: -365.1527 | Avg_Loss_G: 183.8402 | Total_Iter: 591
[197/10001] End of Epoch | Avg_Loss_D: -368.1918 | Avg_Loss_G: 185.0779 | Total_Iter: 594
[198/10001] End of Epoch | Avg_Loss_D: -370.6697 | Avg_Loss_G: 186.1413 | Total_Iter: 597
[199/10001] End of Epoch | Avg_Loss_D: -292.9480 | Avg_Loss_G: 185.3344 | Total_Iter: 600
[200/10001] End of Epoch | Avg_Loss_D: -371.9253 | Avg_Loss_G: 187.6391 | Total_Iter: 603
[201/10001] End of Epoch | Avg_Loss_D: -375.5412 | Avg_Loss_G: 188.6168 | Total_Iter: 606
[202/10001] End of Epoch | Avg_Loss_D: -373.0655 | Avg_Loss_G: 189.6660 | Total_Iter: 609
[203/10001] End of Epoch | Avg_Loss_D: -368.3964 | Avg_Loss_G: 190.9409 | Total_Iter: 612
[204/10001] End of Epoch | Avg_Loss_D: -376.9338 | Avg_Loss_G: 191.1922 | Total_Iter: 615
[205/10001] End of Epoch | Avg_Loss_D: -382.8649 | Avg_Loss_G: 192.9402 | Total_Iter: 618
[206/10001] End of Epoch | Avg_Loss_D: -385.3026 | Avg_Loss_G: 194.1639 | Total_Iter: 621
[207/10001] End of Epoch | Avg_Loss_D: -388.8656 | Avg_Loss_G: 195.5007 | Total_Iter: 624
[208/10001] End of Epoch | Avg_Loss_D: -391.7651 | Avg_Loss_G: 196.6556 | Total_Iter: 627
[209/10001] End of Epoch | Avg_Loss_D: -391.8936 | Avg_Loss_G: 197.7502 | Total_Iter: 630
[210/10001] End of Epoch | Avg_Loss_D: -396.0906 | Avg_Loss_G: 199.1331 | Total_Iter: 633
[211/10001] End of Epoch | Avg_Loss_D: -398.4656 | Avg_Loss_G: 200.2429 | Total_Iter: 636
[212/10001] End of Epoch | Avg_Loss_D: -401.0251 | Avg_Loss_G: 201.4074 | Total_Iter: 639
[213/10001] End of Epoch | Avg_Loss_D: -394.0696 | Avg_Loss_G: 202.4622 | Total_Iter: 642
[214/10001] End of Epoch | Avg_Loss_D: -403.3094 | Avg_Loss_G: 203.4319 | Total_Iter: 645
[215/10001] End of Epoch | Avg_Loss_D: -406.6183 | Avg_Loss_G: 204.6793 | Total_Iter: 648
[216/10001] End of Epoch | Avg_Loss_D: -409.2054 | Avg_Loss_G: 205.7774 | Total_Iter: 651
[217/10001] End of Epoch | Avg_Loss_D: -410.4211 | Avg_Loss_G: 206.7927 | Total_Iter: 654
[218/10001] End of Epoch | Avg_Loss_D: -414.4481 | Avg_Loss_G: 208.1474 | Total_Iter: 657
[219/10001] End of Epoch | Avg_Loss_D: -417.0662 | Avg_Loss_G: 209.4988 | Total_Iter: 660
[220/10001] End of Epoch | Avg_Loss_D: -419.3336 | Avg_Loss_G: 210.7039 | Total_Iter: 663
[221/10001] End of Epoch | Avg_Loss_D: -421.9155 | Avg_Loss_G: 211.9429 | Total_Iter: 666
[222/10001] End of Epoch | Avg_Loss_D: -389.0026 | Avg_Loss_G: 212.4794 | Total_Iter: 669
[223/10001] End of Epoch | Avg_Loss_D: -418.8934 | Avg_Loss_G: 213.1118 | Total_Iter: 672
[224/10001] End of Epoch | Avg_Loss_D: -427.4445 | Avg_Loss_G: 214.5882 | Total_Iter: 675
[225/10001] End of Epoch | Avg_Loss_D: -427.4372 | Avg_Loss_G: 215.7757 | Total_Iter: 678
[226/10001] End of Epoch | Avg_Loss_D: -430.0007 | Avg_Loss_G: 216.8654 | Total_Iter: 681
[227/10001] End of Epoch | Avg_Loss_D: -419.4531 | Avg_Loss_G: 217.4077 | Total_Iter: 684
[228/10001] End of Epoch | Avg_Loss_D: -370.4215 | Avg_Loss_G: 217.2002 | Total_Iter: 687
[229/10001] End of Epoch | Avg_Loss_D: -432.3496 | Avg_Loss_G: 219.7172 | Total_Iter: 690
[230/10001] End of Epoch | Avg_Loss_D: -389.0177 | Avg_Loss_G: 220.0063 | Total_Iter: 693
[231/10001] End of Epoch | Avg_Loss_D: -424.9937 | Avg_Loss_G: 221.1847 | Total_Iter: 696
[232/10001] End of Epoch | Avg_Loss_D: -432.8952 | Avg_Loss_G: 222.9526 | Total_Iter: 699
[233/10001] End of Epoch | Avg_Loss_D: -442.2632 | Avg_Loss_G: 224.1606 | Total_Iter: 702
[234/10001] End of Epoch | Avg_Loss_D: -436.5504 | Avg_Loss_G: 225.2477 | Total_Iter: 705
[235/10001] End of Epoch | Avg_Loss_D: -441.1534 | Avg_Loss_G: 225.8484 | Total_Iter: 708
[236/10001] End of Epoch | Avg_Loss_D: -449.6520 | Avg_Loss_G: 227.4707 | Total_Iter: 711
[237/10001] End of Epoch | Avg_Loss_D: -454.9900 | Avg_Loss_G: 228.7962 | Total_Iter: 714
[238/10001] End of Epoch | Avg_Loss_D: -457.8323 | Avg_Loss_G: 230.2038 | Total_Iter: 717
[239/10001] End of Epoch | Avg_Loss_D: -451.0554 | Avg_Loss_G: 230.4179 | Total_Iter: 720
[240/10001] End of Epoch | Avg_Loss_D: -460.8622 | Avg_Loss_G: 232.3324 | Total_Iter: 723
[241/10001] End of Epoch | Avg_Loss_D: -464.4321 | Avg_Loss_G: 233.6281 | Total_Iter: 726
[242/10001] End of Epoch | Avg_Loss_D: -465.9765 | Avg_Loss_G: 235.0353 | Total_Iter: 729
[243/10001] End of Epoch | Avg_Loss_D: -469.3027 | Avg_Loss_G: 236.1876 | Total_Iter: 732
[244/10001] End of Epoch | Avg_Loss_D: -471.7128 | Avg_Loss_G: 237.6417 | Total_Iter: 735
[245/10001] End of Epoch | Avg_Loss_D: -473.7144 | Avg_Loss_G: 238.8262 | Total_Iter: 738
[246/10001] End of Epoch | Avg_Loss_D: -476.1749 | Avg_Loss_G: 240.0686 | Total_Iter: 741
[247/10001] End of Epoch | Avg_Loss_D: -478.8739 | Avg_Loss_G: 241.1711 | Total_Iter: 744
[248/10001] End of Epoch | Avg_Loss_D: -481.6243 | Avg_Loss_G: 242.4013 | Total_Iter: 747
[249/10001] End of Epoch | Avg_Loss_D: -482.6327 | Avg_Loss_G: 243.7012 | Total_Iter: 750
[250/10001] End of Epoch | Avg_Loss_D: -485.7183 | Avg_Loss_G: 244.8131 | Total_Iter: 753
[251/10001] End of Epoch | Avg_Loss_D: -489.1918 | Avg_Loss_G: 246.0671 | Total_Iter: 756
[252/10001] End of Epoch | Avg_Loss_D: -491.3260 | Avg_Loss_G: 247.3012 | Total_Iter: 759
[253/10001] End of Epoch | Avg_Loss_D: -493.1373 | Avg_Loss_G: 248.4266 | Total_Iter: 762
[254/10001] End of Epoch | Avg_Loss_D: -6.6157 | Avg_Loss_G: 234.0478 | Total_Iter: 765
[255/10001] End of Epoch | Avg_Loss_D: -21.5360 | Avg_Loss_G: 236.7835 | Total_Iter: 768
[256/10001] End of Epoch | Avg_Loss_D: -25.2261 | Avg_Loss_G: 235.7236 | Total_Iter: 771
[257/10001] End of Epoch | Avg_Loss_D: -19.8667 | Avg_Loss_G: 232.7656 | Total_Iter: 774
[258/10001] End of Epoch | Avg_Loss_D: -24.9298 | Avg_Loss_G: 235.9428 | Total_Iter: 777
[259/10001] End of Epoch | Avg_Loss_D: -17.4371 | Avg_Loss_G: 234.7884 | Total_Iter: 780
[260/10001] End of Epoch | Avg_Loss_D: -19.2016 | Avg_Loss_G: 235.1728 | Total_Iter: 783
[261/10001] End of Epoch | Avg_Loss_D: -27.2590 | Avg_Loss_G: 235.6416 | Total_Iter: 786
[262/10001] End of Epoch | Avg_Loss_D: -30.2185 | Avg_Loss_G: 234.6306 | Total_Iter: 789
[263/10001] End of Epoch | Avg_Loss_D: -12.8044 | Avg_Loss_G: 234.1207 | Total_Iter: 792
[264/10001] End of Epoch | Avg_Loss_D: -24.7308 | Avg_Loss_G: 232.8389 | Total_Iter: 795
[265/10001] End of Epoch | Avg_Loss_D: -26.4520 | Avg_Loss_G: 233.1833 | Total_Iter: 798
[266/10001] End of Epoch | Avg_Loss_D: -11.6374 | Avg_Loss_G: 233.0319 | Total_Iter: 801
[267/10001] End of Epoch | Avg_Loss_D: -21.6375 | Avg_Loss_G: 234.8250 | Total_Iter: 804
[268/10001] End of Epoch | Avg_Loss_D: -16.6440 | Avg_Loss_G: 235.7555 | Total_Iter: 807
[269/10001] End of Epoch | Avg_Loss_D: -11.7035 | Avg_Loss_G: 234.8411 | Total_Iter: 810
[270/10001] End of Epoch | Avg_Loss_D: -9.1577 | Avg_Loss_G: 235.1404 | Total_Iter: 813
[271/10001] End of Epoch | Avg_Loss_D: -30.9922 | Avg_Loss_G: 234.4485 | Total_Iter: 816
[272/10001] End of Epoch | Avg_Loss_D: -20.1493 | Avg_Loss_G: 235.4149 | Total_Iter: 819
[273/10001] End of Epoch | Avg_Loss_D: -21.6022 | Avg_Loss_G: 234.0190 | Total_Iter: 822
[274/10001] End of Epoch | Avg_Loss_D: 1.5398 | Avg_Loss_G: 237.5783 | Total_Iter: 825
[275/10001] End of Epoch | Avg_Loss_D: -7.2086 | Avg_Loss_G: 235.8732 | Total_Iter: 828
[276/10001] End of Epoch | Avg_Loss_D: -5.6671 | Avg_Loss_G: 235.2555 | Total_Iter: 831
[277/10001] End of Epoch | Avg_Loss_D: -23.5383 | Avg_Loss_G: 234.1864 | Total_Iter: 834
[278/10001] End of Epoch | Avg_Loss_D: -33.5522 | Avg_Loss_G: 230.4680 | Total_Iter: 837
[279/10001] End of Epoch | Avg_Loss_D: -5.7122 | Avg_Loss_G: 233.6115 | Total_Iter: 840
[280/10001] End of Epoch | Avg_Loss_D: -1.6695 | Avg_Loss_G: 234.2427 | Total_Iter: 843
[281/10001] End of Epoch | Avg_Loss_D: -3.9065 | Avg_Loss_G: 235.7467 | Total_Iter: 846
[282/10001] End of Epoch | Avg_Loss_D: -7.6832 | Avg_Loss_G: 236.8385 | Total_Iter: 849
[283/10001] End of Epoch | Avg_Loss_D: -6.0987 | Avg_Loss_G: 235.4367 | Total_Iter: 852
[284/10001] End of Epoch | Avg_Loss_D: -10.5118 | Avg_Loss_G: 236.5487 | Total_Iter: 855
[285/10001] End of Epoch | Avg_Loss_D: -13.8367 | Avg_Loss_G: 236.0629 | Total_Iter: 858
[286/10001] End of Epoch | Avg_Loss_D: -13.5123 | Avg_Loss_G: 235.0566 | Total_Iter: 861
[287/10001] End of Epoch | Avg_Loss_D: -12.0086 | Avg_Loss_G: 234.9443 | Total_Iter: 864
[288/10001] End of Epoch | Avg_Loss_D: -38.7713 | Avg_Loss_G: 233.1109 | Total_Iter: 867
[289/10001] End of Epoch | Avg_Loss_D: -10.2785 | Avg_Loss_G: 236.6951 | Total_Iter: 870
[290/10001] End of Epoch | Avg_Loss_D: -15.3368 | Avg_Loss_G: 232.0559 | Total_Iter: 873
[291/10001] End of Epoch | Avg_Loss_D: -28.5308 | Avg_Loss_G: 224.1618 | Total_Iter: 876
[292/10001] End of Epoch | Avg_Loss_D: 37.9646 | Avg_Loss_G: 234.8976 | Total_Iter: 879
[293/10001] End of Epoch | Avg_Loss_D: -5.6925 | Avg_Loss_G: 228.6614 | Total_Iter: 882
[294/10001] End of Epoch | Avg_Loss_D: -19.8003 | Avg_Loss_G: 227.0690 | Total_Iter: 885
[295/10001] End of Epoch | Avg_Loss_D: -47.5944 | Avg_Loss_G: 219.2525 | Total_Iter: 888
[296/10001] End of Epoch | Avg_Loss_D: -70.0473 | Avg_Loss_G: 222.9819 | Total_Iter: 891
[297/10001] End of Epoch | Avg_Loss_D: 10.3837 | Avg_Loss_G: 228.4874 | Total_Iter: 894
[298/10001] End of Epoch | Avg_Loss_D: -0.1761 | Avg_Loss_G: 232.6880 | Total_Iter: 897
[299/10001] End of Epoch | Avg_Loss_D: -1.7128 | Avg_Loss_G: 233.6469 | Total_Iter: 900
[300/10001] End of Epoch | Avg_Loss_D: -2.4473 | Avg_Loss_G: 234.2053 | Total_Iter: 903
[301/10001] End of Epoch | Avg_Loss_D: -7.0425 | Avg_Loss_G: 233.4941 | Total_Iter: 906
[302/10001] End of Epoch | Avg_Loss_D: -4.6885 | Avg_Loss_G: 233.6781 | Total_Iter: 909
[303/10001] End of Epoch | Avg_Loss_D: -7.1238 | Avg_Loss_G: 232.6994 | Total_Iter: 912
[304/10001] End of Epoch | Avg_Loss_D: -6.9912 | Avg_Loss_G: 233.5073 | Total_Iter: 915
[305/10001] End of Epoch | Avg_Loss_D: -7.9227 | Avg_Loss_G: 232.7649 | Total_Iter: 918
[306/10001] End of Epoch | Avg_Loss_D: -10.0979 | Avg_Loss_G: 231.8741 | Total_Iter: 921
[307/10001] End of Epoch | Avg_Loss_D: -11.3075 | Avg_Loss_G: 233.7709 | Total_Iter: 924
[308/10001] End of Epoch | Avg_Loss_D: -15.5618 | Avg_Loss_G: 233.2479 | Total_Iter: 927
[309/10001] End of Epoch | Avg_Loss_D: -11.3133 | Avg_Loss_G: 232.6357 | Total_Iter: 930
[310/10001] End of Epoch | Avg_Loss_D: -14.6250 | Avg_Loss_G: 231.9536 | Total_Iter: 933
[311/10001] End of Epoch | Avg_Loss_D: -13.6591 | Avg_Loss_G: 231.6834 | Total_Iter: 936
[312/10001] End of Epoch | Avg_Loss_D: -13.7515 | Avg_Loss_G: 230.3555 | Total_Iter: 939
[313/10001] End of Epoch | Avg_Loss_D: -19.0754 | Avg_Loss_G: 230.8503 | Total_Iter: 942
[314/10001] End of Epoch | Avg_Loss_D: -30.7915 | Avg_Loss_G: 230.2745 | Total_Iter: 945
[315/10001] End of Epoch | Avg_Loss_D: -35.7246 | Avg_Loss_G: 227.4770 | Total_Iter: 948
[316/10001] End of Epoch | Avg_Loss_D: -18.9243 | Avg_Loss_G: 230.3608 | Total_Iter: 951
[317/10001] End of Epoch | Avg_Loss_D: -4.2488 | Avg_Loss_G: 236.4273 | Total_Iter: 954
[318/10001] End of Epoch | Avg_Loss_D: -7.6162 | Avg_Loss_G: 234.6137 | Total_Iter: 957
[319/10001] End of Epoch | Avg_Loss_D: -19.7647 | Avg_Loss_G: 228.2102 | Total_Iter: 960
[320/10001] End of Epoch | Avg_Loss_D: -11.8221 | Avg_Loss_G: 230.8544 | Total_Iter: 963
[321/10001] End of Epoch | Avg_Loss_D: 15.6693 | Avg_Loss_G: 227.3428 | Total_Iter: 966
[322/10001] End of Epoch | Avg_Loss_D: -114.0241 | Avg_Loss_G: 214.8780 | Total_Iter: 969
[323/10001] End of Epoch | Avg_Loss_D: -404.1505 | Avg_Loss_G: 241.3997 | Total_Iter: 972
[324/10001] End of Epoch | Avg_Loss_D: -448.8239 | Avg_Loss_G: 243.5864 | Total_Iter: 975
[325/10001] End of Epoch | Avg_Loss_D: -459.0147 | Avg_Loss_G: 246.4830 | Total_Iter: 978
[326/10001] End of Epoch | Avg_Loss_D: -458.6336 | Avg_Loss_G: 248.4667 | Total_Iter: 981
[327/10001] End of Epoch | Avg_Loss_D: -432.3032 | Avg_Loss_G: 249.3934 | Total_Iter: 984
[328/10001] End of Epoch | Avg_Loss_D: -489.1158 | Avg_Loss_G: 252.4431 | Total_Iter: 987
[329/10001] End of Epoch | Avg_Loss_D: -476.5029 | Avg_Loss_G: 253.3155 | Total_Iter: 990
[330/10001] End of Epoch | Avg_Loss_D: -447.6900 | Avg_Loss_G: 249.6948 | Total_Iter: 993
[331/10001] End of Epoch | Avg_Loss_D: 4.9177 | Avg_Loss_G: 230.6679 | Total_Iter: 996
[332/10001] End of Epoch | Avg_Loss_D: 13.3390 | Avg_Loss_G: 226.5131 | Total_Iter: 999
[333/10001] End of Epoch | Avg_Loss_D: 9.0138 | Avg_Loss_G: 231.4338 | Total_Iter: 1002
[334/10001] End of Epoch | Avg_Loss_D: -11.3377 | Avg_Loss_G: 240.2918 | Total_Iter: 1005
[335/10001] End of Epoch | Avg_Loss_D: -8.5807 | Avg_Loss_G: 232.0891 | Total_Iter: 1008
[336/10001] End of Epoch | Avg_Loss_D: 3.7267 | Avg_Loss_G: 224.7512 | Total_Iter: 1011
[337/10001] End of Epoch | Avg_Loss_D: 1.2527 | Avg_Loss_G: 227.7022 | Total_Iter: 1014
[338/10001] End of Epoch | Avg_Loss_D: -1.2364 | Avg_Loss_G: 231.2634 | Total_Iter: 1017
[339/10001] End of Epoch | Avg_Loss_D: -1.6592 | Avg_Loss_G: 234.6766 | Total_Iter: 1020
[340/10001] End of Epoch | Avg_Loss_D: -5.7661 | Avg_Loss_G: 236.2423 | Total_Iter: 1023
[341/10001] End of Epoch | Avg_Loss_D: -5.2258 | Avg_Loss_G: 235.4963 | Total_Iter: 1026
[342/10001] End of Epoch | Avg_Loss_D: -7.4055 | Avg_Loss_G: 235.2887 | Total_Iter: 1029
[343/10001] End of Epoch | Avg_Loss_D: -8.4522 | Avg_Loss_G: 236.0651 | Total_Iter: 1032
[344/10001] End of Epoch | Avg_Loss_D: -4.2926 | Avg_Loss_G: 237.8103 | Total_Iter: 1035
[345/10001] End of Epoch | Avg_Loss_D: -5.2422 | Avg_Loss_G: 237.3647 | Total_Iter: 1038
[346/10001] End of Epoch | Avg_Loss_D: -7.5348 | Avg_Loss_G: 239.5663 | Total_Iter: 1041
[347/10001] End of Epoch | Avg_Loss_D: -5.6088 | Avg_Loss_G: 239.8622 | Total_Iter: 1044
[348/10001] End of Epoch | Avg_Loss_D: -8.1978 | Avg_Loss_G: 238.4801 | Total_Iter: 1047
[349/10001] End of Epoch | Avg_Loss_D: -3.4218 | Avg_Loss_G: 239.4262 | Total_Iter: 1050
[350/10001] End of Epoch | Avg_Loss_D: -12.3235 | Avg_Loss_G: 240.3470 | Total_Iter: 1053
[351/10001] End of Epoch | Avg_Loss_D: -12.2069 | Avg_Loss_G: 238.8275 | Total_Iter: 1056
[352/10001] End of Epoch | Avg_Loss_D: -15.0661 | Avg_Loss_G: 239.0389 | Total_Iter: 1059
[353/10001] End of Epoch | Avg_Loss_D: -9.8160 | Avg_Loss_G: 238.8501 | Total_Iter: 1062
[354/10001] End of Epoch | Avg_Loss_D: -16.9223 | Avg_Loss_G: 239.6747 | Total_Iter: 1065
[355/10001] End of Epoch | Avg_Loss_D: -12.4147 | Avg_Loss_G: 240.6044 | Total_Iter: 1068
[356/10001] End of Epoch | Avg_Loss_D: -10.8970 | Avg_Loss_G: 241.2069 | Total_Iter: 1071
[357/10001] End of Epoch | Avg_Loss_D: -28.2827 | Avg_Loss_G: 240.4035 | Total_Iter: 1074
[358/10001] End of Epoch | Avg_Loss_D: -16.2072 | Avg_Loss_G: 240.2031 | Total_Iter: 1077
[359/10001] End of Epoch | Avg_Loss_D: -16.4675 | Avg_Loss_G: 239.9116 | Total_Iter: 1080
[360/10001] End of Epoch | Avg_Loss_D: -9.9994 | Avg_Loss_G: 242.0516 | Total_Iter: 1083
[361/10001] End of Epoch | Avg_Loss_D: -15.7021 | Avg_Loss_G: 240.2763 | Total_Iter: 1086
[362/10001] End of Epoch | Avg_Loss_D: -19.6953 | Avg_Loss_G: 240.3862 | Total_Iter: 1089
[363/10001] End of Epoch | Avg_Loss_D: -16.1316 | Avg_Loss_G: 244.6898 | Total_Iter: 1092
[364/10001] End of Epoch | Avg_Loss_D: -31.5937 | Avg_Loss_G: 239.4684 | Total_Iter: 1095
[365/10001] End of Epoch | Avg_Loss_D: -31.2304 | Avg_Loss_G: 241.1297 | Total_Iter: 1098
[366/10001] End of Epoch | Avg_Loss_D: -62.5186 | Avg_Loss_G: 234.4569 | Total_Iter: 1101
[367/10001] End of Epoch | Avg_Loss_D: -40.7801 | Avg_Loss_G: 242.3517 | Total_Iter: 1104
[368/10001] End of Epoch | Avg_Loss_D: -1.4572 | Avg_Loss_G: 244.5566 | Total_Iter: 1107
[369/10001] End of Epoch | Avg_Loss_D: -7.3328 | Avg_Loss_G: 243.9734 | Total_Iter: 1110
[370/10001] End of Epoch | Avg_Loss_D: -17.3705 | Avg_Loss_G: 237.5784 | Total_Iter: 1113
[371/10001] End of Epoch | Avg_Loss_D: 1.0975 | Avg_Loss_G: 245.6260 | Total_Iter: 1116
[372/10001] End of Epoch | Avg_Loss_D: 2.4881 | Avg_Loss_G: 245.1317 | Total_Iter: 1119
[373/10001] End of Epoch | Avg_Loss_D: -0.0495 | Avg_Loss_G: 247.0729 | Total_Iter: 1122
[374/10001] End of Epoch | Avg_Loss_D: 0.8423 | Avg_Loss_G: 246.0394 | Total_Iter: 1125
[375/10001] End of Epoch | Avg_Loss_D: -0.6539 | Avg_Loss_G: 246.4455 | Total_Iter: 1128
[376/10001] End of Epoch | Avg_Loss_D: -0.9103 | Avg_Loss_G: 246.5451 | Total_Iter: 1131
[377/10001] End of Epoch | Avg_Loss_D: -0.8622 | Avg_Loss_G: 246.3203 | Total_Iter: 1134
[378/10001] End of Epoch | Avg_Loss_D: -1.8940 | Avg_Loss_G: 245.5562 | Total_Iter: 1137
[379/10001] End of Epoch | Avg_Loss_D: -1.5388 | Avg_Loss_G: 244.9749 | Total_Iter: 1140
[380/10001] End of Epoch | Avg_Loss_D: -2.1097 | Avg_Loss_G: 245.5686 | Total_Iter: 1143
[381/10001] End of Epoch | Avg_Loss_D: -0.7798 | Avg_Loss_G: 245.6191 | Total_Iter: 1146
[382/10001] End of Epoch | Avg_Loss_D: -2.0241 | Avg_Loss_G: 246.3597 | Total_Iter: 1149
[383/10001] End of Epoch | Avg_Loss_D: -1.5368 | Avg_Loss_G: 246.5126 | Total_Iter: 1152
[384/10001] End of Epoch | Avg_Loss_D: -1.6210 | Avg_Loss_G: 246.4285 | Total_Iter: 1155
[385/10001] End of Epoch | Avg_Loss_D: -1.2037 | Avg_Loss_G: 247.1888 | Total_Iter: 1158
[386/10001] End of Epoch | Avg_Loss_D: -1.8728 | Avg_Loss_G: 247.2621 | Total_Iter: 1161
[387/10001] End of Epoch | Avg_Loss_D: -2.4169 | Avg_Loss_G: 247.2715 | Total_Iter: 1164
[388/10001] End of Epoch | Avg_Loss_D: -2.3680 | Avg_Loss_G: 246.7160 | Total_Iter: 1167
[389/10001] End of Epoch | Avg_Loss_D: -2.6030 | Avg_Loss_G: 247.2121 | Total_Iter: 1170
[390/10001] End of Epoch | Avg_Loss_D: -2.3421 | Avg_Loss_G: 246.2553 | Total_Iter: 1173
[391/10001] End of Epoch | Avg_Loss_D: -2.2199 | Avg_Loss_G: 245.8741 | Total_Iter: 1176
[392/10001] End of Epoch | Avg_Loss_D: -0.8487 | Avg_Loss_G: 245.9549 | Total_Iter: 1179
[393/10001] End of Epoch | Avg_Loss_D: -2.1988 | Avg_Loss_G: 246.2905 | Total_Iter: 1182
[394/10001] End of Epoch | Avg_Loss_D: -2.6503 | Avg_Loss_G: 246.8913 | Total_Iter: 1185
[395/10001] End of Epoch | Avg_Loss_D: -2.8801 | Avg_Loss_G: 245.4763 | Total_Iter: 1188
[396/10001] End of Epoch | Avg_Loss_D: -3.4142 | Avg_Loss_G: 246.9828 | Total_Iter: 1191
[397/10001] End of Epoch | Avg_Loss_D: -2.2280 | Avg_Loss_G: 245.2634 | Total_Iter: 1194
[398/10001] End of Epoch | Avg_Loss_D: -3.0831 | Avg_Loss_G: 246.2566 | Total_Iter: 1197
[399/10001] End of Epoch | Avg_Loss_D: -3.9677 | Avg_Loss_G: 246.4521 | Total_Iter: 1200
[400/10001] End of Epoch | Avg_Loss_D: -3.3232 | Avg_Loss_G: 246.1994 | Total_Iter: 1203
[401/10001] End of Epoch | Avg_Loss_D: -2.6367 | Avg_Loss_G: 246.1963 | Total_Iter: 1206
[402/10001] End of Epoch | Avg_Loss_D: -3.4487 | Avg_Loss_G: 245.9083 | Total_Iter: 1209
[403/10001] End of Epoch | Avg_Loss_D: -3.7518 | Avg_Loss_G: 246.8350 | Total_Iter: 1212
[404/10001] End of Epoch | Avg_Loss_D: -3.6352 | Avg_Loss_G: 245.7518 | Total_Iter: 1215
[405/10001] End of Epoch | Avg_Loss_D: -3.1805 | Avg_Loss_G: 246.2045 | Total_Iter: 1218
[406/10001] End of Epoch | Avg_Loss_D: -2.9143 | Avg_Loss_G: 245.7268 | Total_Iter: 1221
[407/10001] End of Epoch | Avg_Loss_D: -4.6188 | Avg_Loss_G: 245.6105 | Total_Iter: 1224
[408/10001] End of Epoch | Avg_Loss_D: -4.2640 | Avg_Loss_G: 245.4955 | Total_Iter: 1227
[409/10001] End of Epoch | Avg_Loss_D: -4.8265 | Avg_Loss_G: 244.5919 | Total_Iter: 1230
[410/10001] End of Epoch | Avg_Loss_D: -7.2548 | Avg_Loss_G: 244.3623 | Total_Iter: 1233
[411/10001] End of Epoch | Avg_Loss_D: -4.2697 | Avg_Loss_G: 245.1030 | Total_Iter: 1236
[412/10001] End of Epoch | Avg_Loss_D: -6.3066 | Avg_Loss_G: 244.2162 | Total_Iter: 1239
[413/10001] End of Epoch | Avg_Loss_D: -6.5867 | Avg_Loss_G: 244.1306 | Total_Iter: 1242
[414/10001] End of Epoch | Avg_Loss_D: -8.9430 | Avg_Loss_G: 243.5781 | Total_Iter: 1245
[415/10001] End of Epoch | Avg_Loss_D: -8.9220 | Avg_Loss_G: 243.3100 | Total_Iter: 1248
[416/10001] End of Epoch | Avg_Loss_D: -9.2290 | Avg_Loss_G: 242.8392 | Total_Iter: 1251
[417/10001] End of Epoch | Avg_Loss_D: -9.5635 | Avg_Loss_G: 243.2009 | Total_Iter: 1254
[418/10001] End of Epoch | Avg_Loss_D: -9.7215 | Avg_Loss_G: 242.1814 | Total_Iter: 1257
[419/10001] End of Epoch | Avg_Loss_D: -7.6922 | Avg_Loss_G: 242.8412 | Total_Iter: 1260
[420/10001] End of Epoch | Avg_Loss_D: -9.2456 | Avg_Loss_G: 241.7854 | Total_Iter: 1263
[421/10001] End of Epoch | Avg_Loss_D: -8.3012 | Avg_Loss_G: 242.0706 | Total_Iter: 1266
[422/10001] End of Epoch | Avg_Loss_D: -7.9157 | Avg_Loss_G: 241.4539 | Total_Iter: 1269
[423/10001] End of Epoch | Avg_Loss_D: -7.3108 | Avg_Loss_G: 241.0697 | Total_Iter: 1272
[424/10001] End of Epoch | Avg_Loss_D: -11.7012 | Avg_Loss_G: 242.0398 | Total_Iter: 1275
[425/10001] End of Epoch | Avg_Loss_D: -12.9372 | Avg_Loss_G: 241.3076 | Total_Iter: 1278
[426/10001] End of Epoch | Avg_Loss_D: -9.0552 | Avg_Loss_G: 242.2932 | Total_Iter: 1281
[427/10001] End of Epoch | Avg_Loss_D: -8.2648 | Avg_Loss_G: 241.0657 | Total_Iter: 1284
[428/10001] End of Epoch | Avg_Loss_D: -7.7512 | Avg_Loss_G: 239.8031 | Total_Iter: 1287
[429/10001] End of Epoch | Avg_Loss_D: -11.3827 | Avg_Loss_G: 238.9179 | Total_Iter: 1290
[430/10001] End of Epoch | Avg_Loss_D: -11.4627 | Avg_Loss_G: 239.3535 | Total_Iter: 1293
[431/10001] End of Epoch | Avg_Loss_D: -10.6312 | Avg_Loss_G: 238.1846 | Total_Iter: 1296
[432/10001] End of Epoch | Avg_Loss_D: -13.4305 | Avg_Loss_G: 238.2459 | Total_Iter: 1299
[433/10001] End of Epoch | Avg_Loss_D: -16.3610 | Avg_Loss_G: 237.0094 | Total_Iter: 1302
[434/10001] End of Epoch | Avg_Loss_D: -13.8364 | Avg_Loss_G: 236.0532 | Total_Iter: 1305
[435/10001] End of Epoch | Avg_Loss_D: -14.6850 | Avg_Loss_G: 237.9930 | Total_Iter: 1308
[436/10001] End of Epoch | Avg_Loss_D: -17.3872 | Avg_Loss_G: 236.5418 | Total_Iter: 1311
[437/10001] End of Epoch | Avg_Loss_D: -14.4822 | Avg_Loss_G: 236.6639 | Total_Iter: 1314
[438/10001] End of Epoch | Avg_Loss_D: -17.6294 | Avg_Loss_G: 236.1425 | Total_Iter: 1317
[439/10001] End of Epoch | Avg_Loss_D: -14.6337 | Avg_Loss_G: 236.4039 | Total_Iter: 1320
[440/10001] End of Epoch | Avg_Loss_D: -19.0493 | Avg_Loss_G: 237.8019 | Total_Iter: 1323
[441/10001] End of Epoch | Avg_Loss_D: -17.7910 | Avg_Loss_G: 238.4311 | Total_Iter: 1326
[442/10001] End of Epoch | Avg_Loss_D: -19.6241 | Avg_Loss_G: 238.3597 | Total_Iter: 1329
[443/10001] End of Epoch | Avg_Loss_D: -18.1590 | Avg_Loss_G: 238.2295 | Total_Iter: 1332
[444/10001] End of Epoch | Avg_Loss_D: -19.2958 | Avg_Loss_G: 238.5135 | Total_Iter: 1335
[445/10001] End of Epoch | Avg_Loss_D: -25.9250 | Avg_Loss_G: 236.3170 | Total_Iter: 1338
[446/10001] End of Epoch | Avg_Loss_D: -23.9277 | Avg_Loss_G: 237.0250 | Total_Iter: 1341
[447/10001] End of Epoch | Avg_Loss_D: -15.5071 | Avg_Loss_G: 239.2351 | Total_Iter: 1344
[448/10001] End of Epoch | Avg_Loss_D: -19.2869 | Avg_Loss_G: 238.3697 | Total_Iter: 1347
[449/10001] End of Epoch | Avg_Loss_D: -27.1033 | Avg_Loss_G: 237.2107 | Total_Iter: 1350
[450/10001] End of Epoch | Avg_Loss_D: -19.8721 | Avg_Loss_G: 237.2305 | Total_Iter: 1353
[451/10001] End of Epoch | Avg_Loss_D: -28.6022 | Avg_Loss_G: 234.8773 | Total_Iter: 1356
[452/10001] End of Epoch | Avg_Loss_D: -30.6211 | Avg_Loss_G: 237.7989 | Total_Iter: 1359
[453/10001] End of Epoch | Avg_Loss_D: -25.2152 | Avg_Loss_G: 237.4739 | Total_Iter: 1362
[454/10001] End of Epoch | Avg_Loss_D: -19.9444 | Avg_Loss_G: 235.4882 | Total_Iter: 1365
[455/10001] End of Epoch | Avg_Loss_D: -41.6405 | Avg_Loss_G: 233.4457 | Total_Iter: 1368
[456/10001] End of Epoch | Avg_Loss_D: -18.5104 | Avg_Loss_G: 230.2877 | Total_Iter: 1371
[457/10001] End of Epoch | Avg_Loss_D: -59.5505 | Avg_Loss_G: 214.8580 | Total_Iter: 1374
[458/10001] End of Epoch | Avg_Loss_D: -80.0249 | Avg_Loss_G: 220.4103 | Total_Iter: 1377
[459/10001] End of Epoch | Avg_Loss_D: 13.7570 | Avg_Loss_G: 215.7071 | Total_Iter: 1380
[460/10001] End of Epoch | Avg_Loss_D: 6.6672 | Avg_Loss_G: 218.0153 | Total_Iter: 1383
[461/10001] End of Epoch | Avg_Loss_D: 31.6907 | Avg_Loss_G: 220.4874 | Total_Iter: 1386
[462/10001] End of Epoch | Avg_Loss_D: 20.0634 | Avg_Loss_G: 213.7350 | Total_Iter: 1389
[463/10001] End of Epoch | Avg_Loss_D: 35.0922 | Avg_Loss_G: 219.2275 | Total_Iter: 1392
[464/10001] End of Epoch | Avg_Loss_D: 6.2637 | Avg_Loss_G: 228.0675 | Total_Iter: 1395
[465/10001] End of Epoch | Avg_Loss_D: -17.8578 | Avg_Loss_G: 239.3806 | Total_Iter: 1398
[466/10001] End of Epoch | Avg_Loss_D: -25.0059 | Avg_Loss_G: 239.1625 | Total_Iter: 1401
[467/10001] End of Epoch | Avg_Loss_D: -31.5136 | Avg_Loss_G: 235.5113 | Total_Iter: 1404
[468/10001] End of Epoch | Avg_Loss_D: -45.1505 | Avg_Loss_G: 233.2766 | Total_Iter: 1407
[469/10001] End of Epoch | Avg_Loss_D: -33.2057 | Avg_Loss_G: 222.6210 | Total_Iter: 1410
[470/10001] End of Epoch | Avg_Loss_D: 7.2505 | Avg_Loss_G: 201.3182 | Total_Iter: 1413
[471/10001] End of Epoch | Avg_Loss_D: 25.4970 | Avg_Loss_G: 189.5176 | Total_Iter: 1416
[472/10001] End of Epoch | Avg_Loss_D: 15.2417 | Avg_Loss_G: 207.6992 | Total_Iter: 1419
[473/10001] End of Epoch | Avg_Loss_D: 9.4628 | Avg_Loss_G: 215.2225 | Total_Iter: 1422
[474/10001] End of Epoch | Avg_Loss_D: 3.5642 | Avg_Loss_G: 218.3078 | Total_Iter: 1425
[475/10001] End of Epoch | Avg_Loss_D: 6.3282 | Avg_Loss_G: 223.5221 | Total_Iter: 1428
[476/10001] End of Epoch | Avg_Loss_D: 3.5041 | Avg_Loss_G: 225.3779 | Total_Iter: 1431
[477/10001] End of Epoch | Avg_Loss_D: 6.6055 | Avg_Loss_G: 223.0459 | Total_Iter: 1434
[478/10001] End of Epoch | Avg_Loss_D: 8.3392 | Avg_Loss_G: 227.2514 | Total_Iter: 1437
[479/10001] End of Epoch | Avg_Loss_D: 5.2715 | Avg_Loss_G: 228.9180 | Total_Iter: 1440
[480/10001] End of Epoch | Avg_Loss_D: 1.1291 | Avg_Loss_G: 231.4950 | Total_Iter: 1443
[481/10001] End of Epoch | Avg_Loss_D: 4.8100 | Avg_Loss_G: 228.6380 | Total_Iter: 1446
[482/10001] End of Epoch | Avg_Loss_D: 5.2228 | Avg_Loss_G: 231.4880 | Total_Iter: 1449
[483/10001] End of Epoch | Avg_Loss_D: 1.7524 | Avg_Loss_G: 232.3551 | Total_Iter: 1452
[484/10001] End of Epoch | Avg_Loss_D: 0.8526 | Avg_Loss_G: 231.7123 | Total_Iter: 1455
[485/10001] End of Epoch | Avg_Loss_D: 1.2697 | Avg_Loss_G: 231.7480 | Total_Iter: 1458
[486/10001] End of Epoch | Avg_Loss_D: 0.3327 | Avg_Loss_G: 234.1879 | Total_Iter: 1461
[487/10001] End of Epoch | Avg_Loss_D: 1.7009 | Avg_Loss_G: 233.7588 | Total_Iter: 1464
[488/10001] End of Epoch | Avg_Loss_D: 3.0502 | Avg_Loss_G: 234.0421 | Total_Iter: 1467
[489/10001] End of Epoch | Avg_Loss_D: 1.4150 | Avg_Loss_G: 234.1981 | Total_Iter: 1470
[490/10001] End of Epoch | Avg_Loss_D: 0.2865 | Avg_Loss_G: 234.9969 | Total_Iter: 1473
[491/10001] End of Epoch | Avg_Loss_D: -0.2811 | Avg_Loss_G: 234.6772 | Total_Iter: 1476
[492/10001] End of Epoch | Avg_Loss_D: -0.4031 | Avg_Loss_G: 234.3590 | Total_Iter: 1479
[493/10001] End of Epoch | Avg_Loss_D: 1.0666 | Avg_Loss_G: 235.3661 | Total_Iter: 1482
[494/10001] End of Epoch | Avg_Loss_D: -0.0053 | Avg_Loss_G: 234.7777 | Total_Iter: 1485
[495/10001] End of Epoch | Avg_Loss_D: -0.7610 | Avg_Loss_G: 236.1773 | Total_Iter: 1488
[496/10001] End of Epoch | Avg_Loss_D: 0.2257 | Avg_Loss_G: 235.9179 | Total_Iter: 1491
[497/10001] End of Epoch | Avg_Loss_D: -0.5488 | Avg_Loss_G: 235.8855 | Total_Iter: 1494
[498/10001] End of Epoch | Avg_Loss_D: -0.7175 | Avg_Loss_G: 236.0266 | Total_Iter: 1497
[499/10001] End of Epoch | Avg_Loss_D: -0.3216 | Avg_Loss_G: 235.8380 | Total_Iter: 1500
[500/10001] End of Epoch | Avg_Loss_D: -0.4895 | Avg_Loss_G: 236.6485 | Total_Iter: 1503
[501/10001] End of Epoch | Avg_Loss_D: -0.6343 | Avg_Loss_G: 236.3005 | Total_Iter: 1506
[502/10001] End of Epoch | Avg_Loss_D: 1.3835 | Avg_Loss_G: 236.2483 | Total_Iter: 1509
[503/10001] End of Epoch | Avg_Loss_D: -1.6244 | Avg_Loss_G: 236.1930 | Total_Iter: 1512
[504/10001] End of Epoch | Avg_Loss_D: -0.9366 | Avg_Loss_G: 235.9252 | Total_Iter: 1515
[505/10001] End of Epoch | Avg_Loss_D: -0.8103 | Avg_Loss_G: 236.7972 | Total_Iter: 1518
[506/10001] End of Epoch | Avg_Loss_D: -1.4026 | Avg_Loss_G: 236.6573 | Total_Iter: 1521
[507/10001] End of Epoch | Avg_Loss_D: -0.7143 | Avg_Loss_G: 236.6204 | Total_Iter: 1524
[508/10001] End of Epoch | Avg_Loss_D: -1.2762 | Avg_Loss_G: 236.8090 | Total_Iter: 1527
[509/10001] End of Epoch | Avg_Loss_D: -0.6514 | Avg_Loss_G: 237.3073 | Total_Iter: 1530
[510/10001] End of Epoch | Avg_Loss_D: -1.9477 | Avg_Loss_G: 236.9955 | Total_Iter: 1533
[511/10001] End of Epoch | Avg_Loss_D: -1.6560 | Avg_Loss_G: 237.1706 | Total_Iter: 1536
[512/10001] End of Epoch | Avg_Loss_D: -1.4604 | Avg_Loss_G: 237.4032 | Total_Iter: 1539
[513/10001] End of Epoch | Avg_Loss_D: -0.2393 | Avg_Loss_G: 237.4582 | Total_Iter: 1542
[514/10001] End of Epoch | Avg_Loss_D: -2.2711 | Avg_Loss_G: 237.5599 | Total_Iter: 1545
[515/10001] End of Epoch | Avg_Loss_D: -0.7291 | Avg_Loss_G: 237.1855 | Total_Iter: 1548
[516/10001] End of Epoch | Avg_Loss_D: -1.2788 | Avg_Loss_G: 237.4733 | Total_Iter: 1551
[517/10001] End of Epoch | Avg_Loss_D: -2.3688 | Avg_Loss_G: 237.3114 | Total_Iter: 1554
[518/10001] End of Epoch | Avg_Loss_D: -1.6414 | Avg_Loss_G: 237.6372 | Total_Iter: 1557
[519/10001] End of Epoch | Avg_Loss_D: -1.4002 | Avg_Loss_G: 237.7390 | Total_Iter: 1560
[520/10001] End of Epoch | Avg_Loss_D: -2.2621 | Avg_Loss_G: 237.6750 | Total_Iter: 1563
[521/10001] End of Epoch | Avg_Loss_D: -1.2747 | Avg_Loss_G: 237.9032 | Total_Iter: 1566
[522/10001] End of Epoch | Avg_Loss_D: -2.0430 | Avg_Loss_G: 238.0394 | Total_Iter: 1569
[523/10001] End of Epoch | Avg_Loss_D: -2.8023 | Avg_Loss_G: 237.9170 | Total_Iter: 1572
[524/10001] End of Epoch | Avg_Loss_D: -2.5699 | Avg_Loss_G: 237.9699 | Total_Iter: 1575
[525/10001] End of Epoch | Avg_Loss_D: -2.4949 | Avg_Loss_G: 237.8039 | Total_Iter: 1578
[526/10001] End of Epoch | Avg_Loss_D: -1.5851 | Avg_Loss_G: 238.3339 | Total_Iter: 1581
[527/10001] End of Epoch | Avg_Loss_D: -2.3649 | Avg_Loss_G: 238.1186 | Total_Iter: 1584
[528/10001] End of Epoch | Avg_Loss_D: -2.9532 | Avg_Loss_G: 238.0440 | Total_Iter: 1587
[529/10001] End of Epoch | Avg_Loss_D: -2.6466 | Avg_Loss_G: 237.8955 | Total_Iter: 1590
[530/10001] End of Epoch | Avg_Loss_D: -3.3708 | Avg_Loss_G: 238.1666 | Total_Iter: 1593
[531/10001] End of Epoch | Avg_Loss_D: -3.2869 | Avg_Loss_G: 238.1711 | Total_Iter: 1596
[532/10001] End of Epoch | Avg_Loss_D: -3.1487 | Avg_Loss_G: 237.7925 | Total_Iter: 1599
[533/10001] End of Epoch | Avg_Loss_D: -3.2279 | Avg_Loss_G: 237.8139 | Total_Iter: 1602
[534/10001] End of Epoch | Avg_Loss_D: -4.4434 | Avg_Loss_G: 238.1243 | Total_Iter: 1605
[535/10001] End of Epoch | Avg_Loss_D: -3.0862 | Avg_Loss_G: 238.2718 | Total_Iter: 1608
[536/10001] End of Epoch | Avg_Loss_D: -3.3997 | Avg_Loss_G: 237.8668 | Total_Iter: 1611
[537/10001] End of Epoch | Avg_Loss_D: -4.1411 | Avg_Loss_G: 237.4992 | Total_Iter: 1614
[538/10001] End of Epoch | Avg_Loss_D: -3.7239 | Avg_Loss_G: 237.9060 | Total_Iter: 1617
[539/10001] End of Epoch | Avg_Loss_D: -3.1971 | Avg_Loss_G: 238.3571 | Total_Iter: 1620
[540/10001] End of Epoch | Avg_Loss_D: -3.5201 | Avg_Loss_G: 238.0526 | Total_Iter: 1623
[541/10001] End of Epoch | Avg_Loss_D: -3.5817 | Avg_Loss_G: 237.7109 | Total_Iter: 1626
[542/10001] End of Epoch | Avg_Loss_D: -3.6625 | Avg_Loss_G: 237.5630 | Total_Iter: 1629
[543/10001] End of Epoch | Avg_Loss_D: -3.5243 | Avg_Loss_G: 237.7024 | Total_Iter: 1632
[544/10001] End of Epoch | Avg_Loss_D: -4.3319 | Avg_Loss_G: 238.0221 | Total_Iter: 1635
[545/10001] End of Epoch | Avg_Loss_D: -4.5486 | Avg_Loss_G: 237.9272 | Total_Iter: 1638
[546/10001] End of Epoch | Avg_Loss_D: -4.4421 | Avg_Loss_G: 237.4604 | Total_Iter: 1641
[547/10001] End of Epoch | Avg_Loss_D: -4.9528 | Avg_Loss_G: 236.4585 | Total_Iter: 1644
[548/10001] End of Epoch | Avg_Loss_D: -6.6623 | Avg_Loss_G: 237.1677 | Total_Iter: 1647
[549/10001] End of Epoch | Avg_Loss_D: -4.5053 | Avg_Loss_G: 236.8108 | Total_Iter: 1650
[550/10001] End of Epoch | Avg_Loss_D: -5.4018 | Avg_Loss_G: 236.7788 | Total_Iter: 1653
[551/10001] End of Epoch | Avg_Loss_D: -5.2120 | Avg_Loss_G: 236.5307 | Total_Iter: 1656
[552/10001] End of Epoch | Avg_Loss_D: -5.7501 | Avg_Loss_G: 236.8338 | Total_Iter: 1659
[553/10001] End of Epoch | Avg_Loss_D: -5.8672 | Avg_Loss_G: 236.2278 | Total_Iter: 1662
[554/10001] End of Epoch | Avg_Loss_D: -5.3304 | Avg_Loss_G: 236.0928 | Total_Iter: 1665
[555/10001] End of Epoch | Avg_Loss_D: -4.3150 | Avg_Loss_G: 235.3465 | Total_Iter: 1668
[556/10001] End of Epoch | Avg_Loss_D: -3.9306 | Avg_Loss_G: 235.8995 | Total_Iter: 1671
[557/10001] End of Epoch | Avg_Loss_D: -4.1377 | Avg_Loss_G: 235.5170 | Total_Iter: 1674
[558/10001] End of Epoch | Avg_Loss_D: -3.9422 | Avg_Loss_G: 235.8759 | Total_Iter: 1677
[559/10001] End of Epoch | Avg_Loss_D: -5.4762 | Avg_Loss_G: 235.6265 | Total_Iter: 1680
[560/10001] End of Epoch | Avg_Loss_D: -5.6771 | Avg_Loss_G: 235.9904 | Total_Iter: 1683
[561/10001] End of Epoch | Avg_Loss_D: -6.1983 | Avg_Loss_G: 235.6633 | Total_Iter: 1686
[562/10001] End of Epoch | Avg_Loss_D: -5.1891 | Avg_Loss_G: 235.8580 | Total_Iter: 1689
[563/10001] End of Epoch | Avg_Loss_D: -6.7249 | Avg_Loss_G: 236.8078 | Total_Iter: 1692
[564/10001] End of Epoch | Avg_Loss_D: -7.8327 | Avg_Loss_G: 236.1267 | Total_Iter: 1695
[565/10001] End of Epoch | Avg_Loss_D: -4.8298 | Avg_Loss_G: 235.5596 | Total_Iter: 1698
[566/10001] End of Epoch | Avg_Loss_D: -4.6205 | Avg_Loss_G: 235.6198 | Total_Iter: 1701
[567/10001] End of Epoch | Avg_Loss_D: -5.7011 | Avg_Loss_G: 235.9296 | Total_Iter: 1704
[568/10001] End of Epoch | Avg_Loss_D: -5.1604 | Avg_Loss_G: 235.7090 | Total_Iter: 1707
[569/10001] End of Epoch | Avg_Loss_D: -6.1056 | Avg_Loss_G: 234.6575 | Total_Iter: 1710
[570/10001] End of Epoch | Avg_Loss_D: -4.3704 | Avg_Loss_G: 235.9842 | Total_Iter: 1713
[571/10001] End of Epoch | Avg_Loss_D: -5.7082 | Avg_Loss_G: 235.5908 | Total_Iter: 1716
[572/10001] End of Epoch | Avg_Loss_D: -6.1829 | Avg_Loss_G: 235.5204 | Total_Iter: 1719
[573/10001] End of Epoch | Avg_Loss_D: -6.3800 | Avg_Loss_G: 235.9259 | Total_Iter: 1722
[574/10001] End of Epoch | Avg_Loss_D: -5.3255 | Avg_Loss_G: 235.7651 | Total_Iter: 1725
[575/10001] End of Epoch | Avg_Loss_D: -7.5796 | Avg_Loss_G: 235.4107 | Total_Iter: 1728
[576/10001] End of Epoch | Avg_Loss_D: -4.7550 | Avg_Loss_G: 234.5194 | Total_Iter: 1731
[577/10001] End of Epoch | Avg_Loss_D: -5.2689 | Avg_Loss_G: 234.8148 | Total_Iter: 1734
[578/10001] End of Epoch | Avg_Loss_D: -6.0769 | Avg_Loss_G: 234.2447 | Total_Iter: 1737
[579/10001] End of Epoch | Avg_Loss_D: -5.6181 | Avg_Loss_G: 233.2975 | Total_Iter: 1740
[580/10001] End of Epoch | Avg_Loss_D: -5.8146 | Avg_Loss_G: 234.1138 | Total_Iter: 1743
[581/10001] End of Epoch | Avg_Loss_D: -5.7742 | Avg_Loss_G: 234.7537 | Total_Iter: 1746
[582/10001] End of Epoch | Avg_Loss_D: -6.7893 | Avg_Loss_G: 234.4528 | Total_Iter: 1749
[583/10001] End of Epoch | Avg_Loss_D: -11.4709 | Avg_Loss_G: 234.7727 | Total_Iter: 1752
[584/10001] End of Epoch | Avg_Loss_D: -8.6218 | Avg_Loss_G: 234.1432 | Total_Iter: 1755
[585/10001] End of Epoch | Avg_Loss_D: -10.3288 | Avg_Loss_G: 234.8149 | Total_Iter: 1758
[586/10001] End of Epoch | Avg_Loss_D: -11.0685 | Avg_Loss_G: 235.1309 | Total_Iter: 1761
[587/10001] End of Epoch | Avg_Loss_D: -7.2700 | Avg_Loss_G: 234.7061 | Total_Iter: 1764
[588/10001] End of Epoch | Avg_Loss_D: -9.7683 | Avg_Loss_G: 233.5927 | Total_Iter: 1767
[589/10001] End of Epoch | Avg_Loss_D: -6.8635 | Avg_Loss_G: 234.5705 | Total_Iter: 1770
[590/10001] End of Epoch | Avg_Loss_D: -7.5498 | Avg_Loss_G: 233.5425 | Total_Iter: 1773
[591/10001] End of Epoch | Avg_Loss_D: -8.2997 | Avg_Loss_G: 233.4146 | Total_Iter: 1776
[592/10001] End of Epoch | Avg_Loss_D: -7.5199 | Avg_Loss_G: 232.9047 | Total_Iter: 1779
[593/10001] End of Epoch | Avg_Loss_D: -8.9448 | Avg_Loss_G: 233.6851 | Total_Iter: 1782
[594/10001] End of Epoch | Avg_Loss_D: -10.5650 | Avg_Loss_G: 233.3647 | Total_Iter: 1785
[595/10001] End of Epoch | Avg_Loss_D: -11.1826 | Avg_Loss_G: 232.8533 | Total_Iter: 1788
[596/10001] End of Epoch | Avg_Loss_D: -9.1823 | Avg_Loss_G: 233.0441 | Total_Iter: 1791
[597/10001] End of Epoch | Avg_Loss_D: -11.7392 | Avg_Loss_G: 233.4535 | Total_Iter: 1794
[598/10001] End of Epoch | Avg_Loss_D: -10.8354 | Avg_Loss_G: 234.0433 | Total_Iter: 1797
[599/10001] End of Epoch | Avg_Loss_D: -11.5892 | Avg_Loss_G: 233.4400 | Total_Iter: 1800
[600/10001] End of Epoch | Avg_Loss_D: -12.5680 | Avg_Loss_G: 234.1691 | Total_Iter: 1803
[601/10001] End of Epoch | Avg_Loss_D: -10.6684 | Avg_Loss_G: 233.9897 | Total_Iter: 1806
[602/10001] End of Epoch | Avg_Loss_D: -10.2547 | Avg_Loss_G: 234.4359 | Total_Iter: 1809
[603/10001] End of Epoch | Avg_Loss_D: -10.5515 | Avg_Loss_G: 234.4544 | Total_Iter: 1812
[604/10001] End of Epoch | Avg_Loss_D: -9.0509 | Avg_Loss_G: 233.2037 | Total_Iter: 1815
[605/10001] End of Epoch | Avg_Loss_D: -10.3525 | Avg_Loss_G: 233.8746 | Total_Iter: 1818
[606/10001] End of Epoch | Avg_Loss_D: -11.2567 | Avg_Loss_G: 232.8831 | Total_Iter: 1821
[607/10001] End of Epoch | Avg_Loss_D: -14.5385 | Avg_Loss_G: 231.9195 | Total_Iter: 1824
[608/10001] End of Epoch | Avg_Loss_D: -12.2374 | Avg_Loss_G: 231.7943 | Total_Iter: 1827
[609/10001] End of Epoch | Avg_Loss_D: -15.4235 | Avg_Loss_G: 232.1615 | Total_Iter: 1830
[610/10001] End of Epoch | Avg_Loss_D: -12.2404 | Avg_Loss_G: 231.8833 | Total_Iter: 1833
[611/10001] End of Epoch | Avg_Loss_D: -14.7254 | Avg_Loss_G: 232.9246 | Total_Iter: 1836
[612/10001] End of Epoch | Avg_Loss_D: -14.2368 | Avg_Loss_G: 230.2469 | Total_Iter: 1839
[613/10001] End of Epoch | Avg_Loss_D: -14.5793 | Avg_Loss_G: 230.4478 | Total_Iter: 1842
[614/10001] End of Epoch | Avg_Loss_D: -13.4948 | Avg_Loss_G: 231.6299 | Total_Iter: 1845
[615/10001] End of Epoch | Avg_Loss_D: -18.8228 | Avg_Loss_G: 231.2798 | Total_Iter: 1848
[616/10001] End of Epoch | Avg_Loss_D: -16.6368 | Avg_Loss_G: 231.3217 | Total_Iter: 1851
[617/10001] End of Epoch | Avg_Loss_D: -18.8249 | Avg_Loss_G: 232.4528 | Total_Iter: 1854
[618/10001] End of Epoch | Avg_Loss_D: -19.9180 | Avg_Loss_G: 231.6242 | Total_Iter: 1857
[619/10001] End of Epoch | Avg_Loss_D: -19.8895 | Avg_Loss_G: 229.9889 | Total_Iter: 1860
[620/10001] End of Epoch | Avg_Loss_D: -19.3505 | Avg_Loss_G: 229.0331 | Total_Iter: 1863
[621/10001] End of Epoch | Avg_Loss_D: -16.5355 | Avg_Loss_G: 231.5090 | Total_Iter: 1866
[622/10001] End of Epoch | Avg_Loss_D: -25.0231 | Avg_Loss_G: 228.1848 | Total_Iter: 1869
[623/10001] End of Epoch | Avg_Loss_D: -20.7377 | Avg_Loss_G: 228.2582 | Total_Iter: 1872
[624/10001] End of Epoch | Avg_Loss_D: -23.5638 | Avg_Loss_G: 230.0263 | Total_Iter: 1875
[625/10001] End of Epoch | Avg_Loss_D: -20.8377 | Avg_Loss_G: 229.5946 | Total_Iter: 1878
[626/10001] End of Epoch | Avg_Loss_D: -18.7375 | Avg_Loss_G: 231.3383 | Total_Iter: 1881
[627/10001] End of Epoch | Avg_Loss_D: -21.9068 | Avg_Loss_G: 225.8368 | Total_Iter: 1884
[628/10001] End of Epoch | Avg_Loss_D: -32.4843 | Avg_Loss_G: 230.6599 | Total_Iter: 1887
[629/10001] End of Epoch | Avg_Loss_D: -21.1770 | Avg_Loss_G: 233.5421 | Total_Iter: 1890
[630/10001] End of Epoch | Avg_Loss_D: -35.6432 | Avg_Loss_G: 227.9777 | Total_Iter: 1893
[631/10001] End of Epoch | Avg_Loss_D: -29.9765 | Avg_Loss_G: 230.9543 | Total_Iter: 1896
[632/10001] End of Epoch | Avg_Loss_D: -26.3047 | Avg_Loss_G: 228.2545 | Total_Iter: 1899
[633/10001] End of Epoch | Avg_Loss_D: -32.5982 | Avg_Loss_G: 227.2546 | Total_Iter: 1902
[634/10001] End of Epoch | Avg_Loss_D: -41.3921 | Avg_Loss_G: 228.6119 | Total_Iter: 1905
[635/10001] End of Epoch | Avg_Loss_D: -36.8994 | Avg_Loss_G: 231.7366 | Total_Iter: 1908
[636/10001] End of Epoch | Avg_Loss_D: -41.8350 | Avg_Loss_G: 229.0632 | Total_Iter: 1911
[637/10001] End of Epoch | Avg_Loss_D: -34.0208 | Avg_Loss_G: 236.5758 | Total_Iter: 1914
[638/10001] End of Epoch | Avg_Loss_D: -45.8568 | Avg_Loss_G: 224.9986 | Total_Iter: 1917
[639/10001] End of Epoch | Avg_Loss_D: -31.7612 | Avg_Loss_G: 237.4985 | Total_Iter: 1920
[640/10001] End of Epoch | Avg_Loss_D: -78.0814 | Avg_Loss_G: 224.9397 | Total_Iter: 1923
[641/10001] End of Epoch | Avg_Loss_D: -51.7340 | Avg_Loss_G: 219.4724 | Total_Iter: 1926
[642/10001] End of Epoch | Avg_Loss_D: -34.9514 | Avg_Loss_G: 226.8054 | Total_Iter: 1929
[643/10001] End of Epoch | Avg_Loss_D: -23.1226 | Avg_Loss_G: 223.3486 | Total_Iter: 1932
[644/10001] End of Epoch | Avg_Loss_D: 42.8849 | Avg_Loss_G: 234.2557 | Total_Iter: 1935
[645/10001] End of Epoch | Avg_Loss_D: -3.8407 | Avg_Loss_G: 237.7239 | Total_Iter: 1938
[646/10001] End of Epoch | Avg_Loss_D: -5.7244 | Avg_Loss_G: 235.6782 | Total_Iter: 1941
[647/10001] End of Epoch | Avg_Loss_D: -20.7398 | Avg_Loss_G: 225.7146 | Total_Iter: 1944
[648/10001] End of Epoch | Avg_Loss_D: -6.5499 | Avg_Loss_G: 239.0855 | Total_Iter: 1947
[649/10001] End of Epoch | Avg_Loss_D: -23.9884 | Avg_Loss_G: 222.9704 | Total_Iter: 1950
[650/10001] End of Epoch | Avg_Loss_D: -45.1728 | Avg_Loss_G: 232.3327 | Total_Iter: 1953
[651/10001] End of Epoch | Avg_Loss_D: -15.4020 | Avg_Loss_G: 230.4547 | Total_Iter: 1956
[652/10001] End of Epoch | Avg_Loss_D: -51.4381 | Avg_Loss_G: 213.4447 | Total_Iter: 1959
[653/10001] End of Epoch | Avg_Loss_D: 4.9197 | Avg_Loss_G: 227.5129 | Total_Iter: 1962
[654/10001] End of Epoch | Avg_Loss_D: -91.6409 | Avg_Loss_G: 223.0251 | Total_Iter: 1965
[655/10001] End of Epoch | Avg_Loss_D: -166.7644 | Avg_Loss_G: 221.9588 | Total_Iter: 1968
[656/10001] End of Epoch | Avg_Loss_D: 76.0353 | Avg_Loss_G: 241.1896 | Total_Iter: 1971
[657/10001] End of Epoch | Avg_Loss_D: -0.1113 | Avg_Loss_G: 237.2829 | Total_Iter: 1974
[658/10001] End of Epoch | Avg_Loss_D: 1.5104 | Avg_Loss_G: 237.3206 | Total_Iter: 1977
[659/10001] End of Epoch | Avg_Loss_D: -0.9010 | Avg_Loss_G: 237.3197 | Total_Iter: 1980
[660/10001] End of Epoch | Avg_Loss_D: -0.8614 | Avg_Loss_G: 237.2028 | Total_Iter: 1983
[661/10001] End of Epoch | Avg_Loss_D: -0.6816 | Avg_Loss_G: 237.6759 | Total_Iter: 1986
[662/10001] End of Epoch | Avg_Loss_D: 0.7416 | Avg_Loss_G: 235.7535 | Total_Iter: 1989
[663/10001] End of Epoch | Avg_Loss_D: -0.8019 | Avg_Loss_G: 235.9801 | Total_Iter: 1992
[664/10001] End of Epoch | Avg_Loss_D: -1.6391 | Avg_Loss_G: 235.8049 | Total_Iter: 1995
[665/10001] End of Epoch | Avg_Loss_D: -3.7343 | Avg_Loss_G: 234.2227 | Total_Iter: 1998
[666/10001] End of Epoch | Avg_Loss_D: -2.2005 | Avg_Loss_G: 232.9882 | Total_Iter: 2001
[667/10001] End of Epoch | Avg_Loss_D: -2.8140 | Avg_Loss_G: 233.6330 | Total_Iter: 2004
[668/10001] End of Epoch | Avg_Loss_D: -1.5729 | Avg_Loss_G: 233.8852 | Total_Iter: 2007
[669/10001] End of Epoch | Avg_Loss_D: -2.2927 | Avg_Loss_G: 233.4815 | Total_Iter: 2010
[670/10001] End of Epoch | Avg_Loss_D: -1.1122 | Avg_Loss_G: 235.1884 | Total_Iter: 2013
[671/10001] End of Epoch | Avg_Loss_D: -2.5414 | Avg_Loss_G: 236.8448 | Total_Iter: 2016
[672/10001] End of Epoch | Avg_Loss_D: -2.6161 | Avg_Loss_G: 236.2575 | Total_Iter: 2019
[673/10001] End of Epoch | Avg_Loss_D: -3.0536 | Avg_Loss_G: 237.2135 | Total_Iter: 2022
[674/10001] End of Epoch | Avg_Loss_D: -3.1000 | Avg_Loss_G: 237.5561 | Total_Iter: 2025
[675/10001] End of Epoch | Avg_Loss_D: -3.3967 | Avg_Loss_G: 237.3466 | Total_Iter: 2028
[676/10001] End of Epoch | Avg_Loss_D: -3.9787 | Avg_Loss_G: 237.2608 | Total_Iter: 2031
[677/10001] End of Epoch | Avg_Loss_D: -2.7039 | Avg_Loss_G: 237.7287 | Total_Iter: 2034
[678/10001] End of Epoch | Avg_Loss_D: -4.6719 | Avg_Loss_G: 238.3921 | Total_Iter: 2037
[679/10001] End of Epoch | Avg_Loss_D: -5.5251 | Avg_Loss_G: 237.8267 | Total_Iter: 2040
[680/10001] End of Epoch | Avg_Loss_D: -3.7070 | Avg_Loss_G: 237.6884 | Total_Iter: 2043
[681/10001] End of Epoch | Avg_Loss_D: -5.7802 | Avg_Loss_G: 237.7247 | Total_Iter: 2046
[682/10001] End of Epoch | Avg_Loss_D: -4.5078 | Avg_Loss_G: 238.3149 | Total_Iter: 2049
[683/10001] End of Epoch | Avg_Loss_D: -5.0743 | Avg_Loss_G: 238.0323 | Total_Iter: 2052
[684/10001] End of Epoch | Avg_Loss_D: -4.7845 | Avg_Loss_G: 237.6032 | Total_Iter: 2055
[685/10001] End of Epoch | Avg_Loss_D: -4.6869 | Avg_Loss_G: 237.1228 | Total_Iter: 2058
[686/10001] End of Epoch | Avg_Loss_D: -4.9052 | Avg_Loss_G: 236.4428 | Total_Iter: 2061
[687/10001] End of Epoch | Avg_Loss_D: -5.3561 | Avg_Loss_G: 236.0968 | Total_Iter: 2064
[688/10001] End of Epoch | Avg_Loss_D: -6.5760 | Avg_Loss_G: 235.1644 | Total_Iter: 2067
[689/10001] End of Epoch | Avg_Loss_D: -7.2346 | Avg_Loss_G: 235.2980 | Total_Iter: 2070
[690/10001] End of Epoch | Avg_Loss_D: -7.3404 | Avg_Loss_G: 234.7026 | Total_Iter: 2073
[691/10001] End of Epoch | Avg_Loss_D: -6.6331 | Avg_Loss_G: 235.0012 | Total_Iter: 2076
[692/10001] End of Epoch | Avg_Loss_D: -7.2530 | Avg_Loss_G: 235.0676 | Total_Iter: 2079
[693/10001] End of Epoch | Avg_Loss_D: -8.6664 | Avg_Loss_G: 237.1472 | Total_Iter: 2082
[694/10001] End of Epoch | Avg_Loss_D: -8.8183 | Avg_Loss_G: 235.6129 | Total_Iter: 2085
[695/10001] End of Epoch | Avg_Loss_D: -10.5749 | Avg_Loss_G: 234.1403 | Total_Iter: 2088
[696/10001] End of Epoch | Avg_Loss_D: -9.9598 | Avg_Loss_G: 234.5714 | Total_Iter: 2091
[697/10001] End of Epoch | Avg_Loss_D: -11.2440 | Avg_Loss_G: 235.8165 | Total_Iter: 2094
[698/10001] End of Epoch | Avg_Loss_D: -11.1010 | Avg_Loss_G: 235.0369 | Total_Iter: 2097
[699/10001] End of Epoch | Avg_Loss_D: -14.0978 | Avg_Loss_G: 234.1629 | Total_Iter: 2100
[700/10001] End of Epoch | Avg_Loss_D: -11.6803 | Avg_Loss_G: 234.2107 | Total_Iter: 2103
[701/10001] End of Epoch | Avg_Loss_D: -14.5435 | Avg_Loss_G: 234.7332 | Total_Iter: 2106
[702/10001] End of Epoch | Avg_Loss_D: -13.4295 | Avg_Loss_G: 234.2024 | Total_Iter: 2109
[703/10001] End of Epoch | Avg_Loss_D: -14.2570 | Avg_Loss_G: 233.1146 | Total_Iter: 2112
[704/10001] End of Epoch | Avg_Loss_D: -14.0475 | Avg_Loss_G: 232.7771 | Total_Iter: 2115
[705/10001] End of Epoch | Avg_Loss_D: -16.3489 | Avg_Loss_G: 232.1308 | Total_Iter: 2118
[706/10001] End of Epoch | Avg_Loss_D: -17.7945 | Avg_Loss_G: 233.1353 | Total_Iter: 2121
[707/10001] End of Epoch | Avg_Loss_D: -18.1175 | Avg_Loss_G: 228.9651 | Total_Iter: 2124
[708/10001] End of Epoch | Avg_Loss_D: -28.1937 | Avg_Loss_G: 228.2602 | Total_Iter: 2127
[709/10001] End of Epoch | Avg_Loss_D: -31.8167 | Avg_Loss_G: 226.0860 | Total_Iter: 2130
[710/10001] End of Epoch | Avg_Loss_D: -9.2165 | Avg_Loss_G: 231.3741 | Total_Iter: 2133
[711/10001] End of Epoch | Avg_Loss_D: -32.6737 | Avg_Loss_G: 226.7626 | Total_Iter: 2136
[712/10001] End of Epoch | Avg_Loss_D: -146.5546 | Avg_Loss_G: 225.9256 | Total_Iter: 2139
[713/10001] End of Epoch | Avg_Loss_D: -36.0692 | Avg_Loss_G: 237.4909 | Total_Iter: 2142
[714/10001] End of Epoch | Avg_Loss_D: -200.4413 | Avg_Loss_G: 221.1703 | Total_Iter: 2145
[715/10001] End of Epoch | Avg_Loss_D: -287.5344 | Avg_Loss_G: 239.9661 | Total_Iter: 2148
[716/10001] End of Epoch | Avg_Loss_D: -335.9690 | Avg_Loss_G: 216.7998 | Total_Iter: 2151
[717/10001] End of Epoch | Avg_Loss_D: -488.1634 | Avg_Loss_G: 252.4686 | Total_Iter: 2154
[718/10001] End of Epoch | Avg_Loss_D: -498.3425 | Avg_Loss_G: 256.3608 | Total_Iter: 2157
[719/10001] End of Epoch | Avg_Loss_D: -481.8993 | Avg_Loss_G: 260.3577 | Total_Iter: 2160
[720/10001] End of Epoch | Avg_Loss_D: -524.7656 | Avg_Loss_G: 265.1808 | Total_Iter: 2163
[721/10001] End of Epoch | Avg_Loss_D: -533.3646 | Avg_Loss_G: 269.1904 | Total_Iter: 2166
[722/10001] End of Epoch | Avg_Loss_D: -539.5883 | Avg_Loss_G: 272.0443 | Total_Iter: 2169
[723/10001] End of Epoch | Avg_Loss_D: -548.8926 | Avg_Loss_G: 275.6788 | Total_Iter: 2172
[724/10001] End of Epoch | Avg_Loss_D: -551.9615 | Avg_Loss_G: 279.0243 | Total_Iter: 2175
[725/10001] End of Epoch | Avg_Loss_D: -557.8245 | Avg_Loss_G: 281.3380 | Total_Iter: 2178
[726/10001] End of Epoch | Avg_Loss_D: -565.5441 | Avg_Loss_G: 284.2826 | Total_Iter: 2181
[727/10001] End of Epoch | Avg_Loss_D: -559.7329 | Avg_Loss_G: 286.9812 | Total_Iter: 2184
[728/10001] End of Epoch | Avg_Loss_D: -563.3891 | Avg_Loss_G: 288.3007 | Total_Iter: 2187
[729/10001] End of Epoch | Avg_Loss_D: -571.4173 | Avg_Loss_G: 291.0929 | Total_Iter: 2190
[730/10001] End of Epoch | Avg_Loss_D: -584.0338 | Avg_Loss_G: 293.9758 | Total_Iter: 2193
[731/10001] End of Epoch | Avg_Loss_D: -591.2005 | Avg_Loss_G: 296.4026 | Total_Iter: 2196
[732/10001] End of Epoch | Avg_Loss_D: -597.6311 | Avg_Loss_G: 299.0694 | Total_Iter: 2199
[733/10001] End of Epoch | Avg_Loss_D: -601.9874 | Avg_Loss_G: 301.5278 | Total_Iter: 2202
[734/10001] End of Epoch | Avg_Loss_D: -605.8108 | Avg_Loss_G: 303.7299 | Total_Iter: 2205
[735/10001] End of Epoch | Avg_Loss_D: -584.3780 | Avg_Loss_G: 304.7988 | Total_Iter: 2208
[736/10001] End of Epoch | Avg_Loss_D: -613.0275 | Avg_Loss_G: 307.6200 | Total_Iter: 2211
[737/10001] End of Epoch | Avg_Loss_D: -615.3425 | Avg_Loss_G: 309.8056 | Total_Iter: 2214
[738/10001] End of Epoch | Avg_Loss_D: -619.0135 | Avg_Loss_G: 312.3451 | Total_Iter: 2217
[739/10001] End of Epoch | Avg_Loss_D: -623.2470 | Avg_Loss_G: 313.6856 | Total_Iter: 2220
[740/10001] End of Epoch | Avg_Loss_D: -583.3547 | Avg_Loss_G: 315.5029 | Total_Iter: 2223
[741/10001] End of Epoch | Avg_Loss_D: -630.5013 | Avg_Loss_G: 317.8514 | Total_Iter: 2226
[742/10001] End of Epoch | Avg_Loss_D: -638.5837 | Avg_Loss_G: 319.6249 | Total_Iter: 2229
[743/10001] End of Epoch | Avg_Loss_D: -639.2364 | Avg_Loss_G: 321.1609 | Total_Iter: 2232
[744/10001] End of Epoch | Avg_Loss_D: -645.1187 | Avg_Loss_G: 323.7557 | Total_Iter: 2235
[745/10001] End of Epoch | Avg_Loss_D: -646.3366 | Avg_Loss_G: 325.4423 | Total_Iter: 2238
[746/10001] End of Epoch | Avg_Loss_D: -654.4988 | Avg_Loss_G: 327.0533 | Total_Iter: 2241
[747/10001] End of Epoch | Avg_Loss_D: -654.5574 | Avg_Loss_G: 329.0134 | Total_Iter: 2244
[748/10001] End of Epoch | Avg_Loss_D: -649.7556 | Avg_Loss_G: 331.0561 | Total_Iter: 2247
[749/10001] End of Epoch | Avg_Loss_D: -641.7118 | Avg_Loss_G: 331.8129 | Total_Iter: 2250
[750/10001] End of Epoch | Avg_Loss_D: -630.2606 | Avg_Loss_G: 330.6315 | Total_Iter: 2253
[751/10001] End of Epoch | Avg_Loss_D: -652.7228 | Avg_Loss_G: 333.9103 | Total_Iter: 2256
[752/10001] End of Epoch | Avg_Loss_D: -41.8116 | Avg_Loss_G: 265.1858 | Total_Iter: 2259
[753/10001] End of Epoch | Avg_Loss_D: 1.3916 | Avg_Loss_G: 278.7661 | Total_Iter: 2262
[754/10001] End of Epoch | Avg_Loss_D: 19.7860 | Avg_Loss_G: 273.4156 | Total_Iter: 2265
[755/10001] End of Epoch | Avg_Loss_D: 13.3917 | Avg_Loss_G: 279.8326 | Total_Iter: 2268
[756/10001] End of Epoch | Avg_Loss_D: 10.2704 | Avg_Loss_G: 282.6359 | Total_Iter: 2271
[757/10001] End of Epoch | Avg_Loss_D: -8.8550 | Avg_Loss_G: 285.8672 | Total_Iter: 2274
[758/10001] End of Epoch | Avg_Loss_D: -1.6527 | Avg_Loss_G: 286.6015 | Total_Iter: 2277
[759/10001] End of Epoch | Avg_Loss_D: -36.9383 | Avg_Loss_G: 285.3282 | Total_Iter: 2280
[760/10001] End of Epoch | Avg_Loss_D: -37.2464 | Avg_Loss_G: 291.1302 | Total_Iter: 2283
[761/10001] End of Epoch | Avg_Loss_D: -30.8035 | Avg_Loss_G: 286.4632 | Total_Iter: 2286
[762/10001] End of Epoch | Avg_Loss_D: -44.5289 | Avg_Loss_G: 285.2783 | Total_Iter: 2289
[763/10001] End of Epoch | Avg_Loss_D: -54.9008 | Avg_Loss_G: 288.8380 | Total_Iter: 2292
[764/10001] End of Epoch | Avg_Loss_D: -39.7681 | Avg_Loss_G: 293.7612 | Total_Iter: 2295
[765/10001] End of Epoch | Avg_Loss_D: -98.2127 | Avg_Loss_G: 299.3774 | Total_Iter: 2298
[766/10001] End of Epoch | Avg_Loss_D: -239.0545 | Avg_Loss_G: 302.3138 | Total_Iter: 2301
[767/10001] End of Epoch | Avg_Loss_D: -88.2271 | Avg_Loss_G: 310.9389 | Total_Iter: 2304
[768/10001] End of Epoch | Avg_Loss_D: -5.5811 | Avg_Loss_G: 314.0471 | Total_Iter: 2307
[769/10001] End of Epoch | Avg_Loss_D: -28.6717 | Avg_Loss_G: 304.0651 | Total_Iter: 2310
[770/10001] End of Epoch | Avg_Loss_D: -159.8803 | Avg_Loss_G: 309.1716 | Total_Iter: 2313
[771/10001] End of Epoch | Avg_Loss_D: -103.1422 | Avg_Loss_G: 293.4606 | Total_Iter: 2316
[772/10001] End of Epoch | Avg_Loss_D: -344.6650 | Avg_Loss_G: 306.6398 | Total_Iter: 2319
[773/10001] End of Epoch | Avg_Loss_D: -450.3182 | Avg_Loss_G: 328.4310 | Total_Iter: 2322
[774/10001] End of Epoch | Avg_Loss_D: -601.5947 | Avg_Loss_G: 330.4943 | Total_Iter: 2325
[775/10001] End of Epoch | Avg_Loss_D: -132.2161 | Avg_Loss_G: 286.2977 | Total_Iter: 2328
[776/10001] End of Epoch | Avg_Loss_D: 11.1590 | Avg_Loss_G: 290.5150 | Total_Iter: 2331
[777/10001] End of Epoch | Avg_Loss_D: 0.5613 | Avg_Loss_G: 297.1755 | Total_Iter: 2334
[778/10001] End of Epoch | Avg_Loss_D: 5.3518 | Avg_Loss_G: 299.3334 | Total_Iter: 2337
[779/10001] End of Epoch | Avg_Loss_D: -1.6449 | Avg_Loss_G: 303.2887 | Total_Iter: 2340
[780/10001] End of Epoch | Avg_Loss_D: -6.2323 | Avg_Loss_G: 298.4608 | Total_Iter: 2343
[781/10001] End of Epoch | Avg_Loss_D: -3.8732 | Avg_Loss_G: 301.2555 | Total_Iter: 2346
[782/10001] End of Epoch | Avg_Loss_D: -5.2407 | Avg_Loss_G: 303.4349 | Total_Iter: 2349
[783/10001] End of Epoch | Avg_Loss_D: -17.5563 | Avg_Loss_G: 300.2727 | Total_Iter: 2352
[784/10001] End of Epoch | Avg_Loss_D: -17.5721 | Avg_Loss_G: 300.3592 | Total_Iter: 2355
[785/10001] End of Epoch | Avg_Loss_D: -20.4160 | Avg_Loss_G: 303.7870 | Total_Iter: 2358
[786/10001] End of Epoch | Avg_Loss_D: -34.0401 | Avg_Loss_G: 294.0870 | Total_Iter: 2361
[787/10001] End of Epoch | Avg_Loss_D: -48.1726 | Avg_Loss_G: 304.6945 | Total_Iter: 2364
[788/10001] End of Epoch | Avg_Loss_D: -53.3643 | Avg_Loss_G: 300.9205 | Total_Iter: 2367
[789/10001] End of Epoch | Avg_Loss_D: -61.3271 | Avg_Loss_G: 305.0598 | Total_Iter: 2370
[790/10001] End of Epoch | Avg_Loss_D: -65.9318 | Avg_Loss_G: 302.8795 | Total_Iter: 2373
[791/10001] End of Epoch | Avg_Loss_D: -102.8229 | Avg_Loss_G: 303.7268 | Total_Iter: 2376
[792/10001] End of Epoch | Avg_Loss_D: -181.6201 | Avg_Loss_G: 313.3600 | Total_Iter: 2379
[793/10001] End of Epoch | Avg_Loss_D: -246.0271 | Avg_Loss_G: 309.9871 | Total_Iter: 2382
[794/10001] End of Epoch | Avg_Loss_D: -549.2772 | Avg_Loss_G: 330.1174 | Total_Iter: 2385
[795/10001] End of Epoch | Avg_Loss_D: -525.2148 | Avg_Loss_G: 319.3248 | Total_Iter: 2388
[796/10001] End of Epoch | Avg_Loss_D: -533.7953 | Avg_Loss_G: 327.1352 | Total_Iter: 2391
[797/10001] End of Epoch | Avg_Loss_D: -633.1427 | Avg_Loss_G: 334.5783 | Total_Iter: 2394
[798/10001] End of Epoch | Avg_Loss_D: -650.4691 | Avg_Loss_G: 338.8842 | Total_Iter: 2397
[799/10001] End of Epoch | Avg_Loss_D: -631.8707 | Avg_Loss_G: 337.8191 | Total_Iter: 2400
[800/10001] End of Epoch | Avg_Loss_D: -445.7212 | Avg_Loss_G: 337.7192 | Total_Iter: 2403
[801/10001] End of Epoch | Avg_Loss_D: -592.5375 | Avg_Loss_G: 326.5536 | Total_Iter: 2406
[802/10001] End of Epoch | Avg_Loss_D: -512.3994 | Avg_Loss_G: 316.4297 | Total_Iter: 2409
[803/10001] End of Epoch | Avg_Loss_D: -466.3553 | Avg_Loss_G: 306.6865 | Total_Iter: 2412
[804/10001] End of Epoch | Avg_Loss_D: -659.5783 | Avg_Loss_G: 347.6479 | Total_Iter: 2415
[805/10001] End of Epoch | Avg_Loss_D: -699.0342 | Avg_Loss_G: 352.5132 | Total_Iter: 2418
[806/10001] End of Epoch | Avg_Loss_D: -702.2948 | Avg_Loss_G: 354.5905 | Total_Iter: 2421
[807/10001] End of Epoch | Avg_Loss_D: -710.9973 | Avg_Loss_G: 356.4889 | Total_Iter: 2424
[808/10001] End of Epoch | Avg_Loss_D: -718.4335 | Avg_Loss_G: 358.8161 | Total_Iter: 2427
[809/10001] End of Epoch | Avg_Loss_D: -723.9268 | Avg_Loss_G: 361.3959 | Total_Iter: 2430
[810/10001] End of Epoch | Avg_Loss_D: -719.7273 | Avg_Loss_G: 362.3624 | Total_Iter: 2433
[811/10001] End of Epoch | Avg_Loss_D: -731.0303 | Avg_Loss_G: 365.5093 | Total_Iter: 2436
[812/10001] End of Epoch | Avg_Loss_D: -733.3721 | Avg_Loss_G: 367.4507 | Total_Iter: 2439
[813/10001] End of Epoch | Avg_Loss_D: -738.0394 | Avg_Loss_G: 368.7570 | Total_Iter: 2442
[814/10001] End of Epoch | Avg_Loss_D: -740.4385 | Avg_Loss_G: 370.8821 | Total_Iter: 2445
[815/10001] End of Epoch | Avg_Loss_D: -749.5739 | Avg_Loss_G: 373.3333 | Total_Iter: 2448
[816/10001] End of Epoch | Avg_Loss_D: -753.3988 | Avg_Loss_G: 374.7919 | Total_Iter: 2451
[817/10001] End of Epoch | Avg_Loss_D: -756.1630 | Avg_Loss_G: 376.0764 | Total_Iter: 2454
[818/10001] End of Epoch | Avg_Loss_D: -760.5989 | Avg_Loss_G: 378.0665 | Total_Iter: 2457
[819/10001] End of Epoch | Avg_Loss_D: -763.5876 | Avg_Loss_G: 379.8636 | Total_Iter: 2460
[820/10001] End of Epoch | Avg_Loss_D: -675.4071 | Avg_Loss_G: 379.7796 | Total_Iter: 2463
[821/10001] End of Epoch | Avg_Loss_D: -746.6776 | Avg_Loss_G: 381.1827 | Total_Iter: 2466
[822/10001] End of Epoch | Avg_Loss_D: -755.6099 | Avg_Loss_G: 383.3507 | Total_Iter: 2469
[823/10001] End of Epoch | Avg_Loss_D: -768.8718 | Avg_Loss_G: 384.2675 | Total_Iter: 2472
[824/10001] End of Epoch | Avg_Loss_D: -758.8798 | Avg_Loss_G: 386.0994 | Total_Iter: 2475
[825/10001] End of Epoch | Avg_Loss_D: -722.1093 | Avg_Loss_G: 386.4756 | Total_Iter: 2478
[826/10001] End of Epoch | Avg_Loss_D: 88.2531 | Avg_Loss_G: 380.8472 | Total_Iter: 2481
[827/10001] End of Epoch | Avg_Loss_D: -212.7523 | Avg_Loss_G: 357.7859 | Total_Iter: 2484
[828/10001] End of Epoch | Avg_Loss_D: -707.1187 | Avg_Loss_G: 383.4788 | Total_Iter: 2487
[829/10001] End of Epoch | Avg_Loss_D: 112.4793 | Avg_Loss_G: 339.9616 | Total_Iter: 2490
[830/10001] End of Epoch | Avg_Loss_D: 8.6425 | Avg_Loss_G: 380.5439 | Total_Iter: 2493
[831/10001] End of Epoch | Avg_Loss_D: -2.7639 | Avg_Loss_G: 382.6946 | Total_Iter: 2496
[832/10001] End of Epoch | Avg_Loss_D: -2.4336 | Avg_Loss_G: 382.4149 | Total_Iter: 2499
[833/10001] End of Epoch | Avg_Loss_D: -2.0389 | Avg_Loss_G: 382.7711 | Total_Iter: 2502
[834/10001] End of Epoch | Avg_Loss_D: -4.0514 | Avg_Loss_G: 381.0305 | Total_Iter: 2505
[835/10001] End of Epoch | Avg_Loss_D: -8.0278 | Avg_Loss_G: 379.3803 | Total_Iter: 2508
[836/10001] End of Epoch | Avg_Loss_D: -0.8722 | Avg_Loss_G: 352.0316 | Total_Iter: 2511
[837/10001] End of Epoch | Avg_Loss_D: -685.0702 | Avg_Loss_G: 346.4622 | Total_Iter: 2514
[838/10001] End of Epoch | Avg_Loss_D: -761.4880 | Avg_Loss_G: 391.8467 | Total_Iter: 2517
[839/10001] End of Epoch | Avg_Loss_D: -788.4442 | Avg_Loss_G: 394.6453 | Total_Iter: 2520
[840/10001] End of Epoch | Avg_Loss_D: -795.5426 | Avg_Loss_G: 396.7019 | Total_Iter: 2523
[841/10001] End of Epoch | Avg_Loss_D: -794.3662 | Avg_Loss_G: 398.6237 | Total_Iter: 2526
[842/10001] End of Epoch | Avg_Loss_D: -795.6921 | Avg_Loss_G: 400.6190 | Total_Iter: 2529
[843/10001] End of Epoch | Avg_Loss_D: -809.1951 | Avg_Loss_G: 402.5778 | Total_Iter: 2532
[844/10001] End of Epoch | Avg_Loss_D: -806.8002 | Avg_Loss_G: 404.6411 | Total_Iter: 2535
[845/10001] End of Epoch | Avg_Loss_D: -813.2681 | Avg_Loss_G: 406.7448 | Total_Iter: 2538
[846/10001] End of Epoch | Avg_Loss_D: -823.6142 | Avg_Loss_G: 408.6094 | Total_Iter: 2541
[847/10001] End of Epoch | Avg_Loss_D: -818.7861 | Avg_Loss_G: 410.1922 | Total_Iter: 2544
[848/10001] End of Epoch | Avg_Loss_D: -823.6987 | Avg_Loss_G: 412.0169 | Total_Iter: 2547
[849/10001] End of Epoch | Avg_Loss_D: -833.3218 | Avg_Loss_G: 413.8295 | Total_Iter: 2550
[850/10001] End of Epoch | Avg_Loss_D: -839.2669 | Avg_Loss_G: 415.6916 | Total_Iter: 2553
[851/10001] End of Epoch | Avg_Loss_D: -844.3978 | Avg_Loss_G: 417.5651 | Total_Iter: 2556
[852/10001] End of Epoch | Avg_Loss_D: -845.1283 | Avg_Loss_G: 419.4170 | Total_Iter: 2559
[853/10001] End of Epoch | Avg_Loss_D: -847.4680 | Avg_Loss_G: 421.1255 | Total_Iter: 2562
[854/10001] End of Epoch | Avg_Loss_D: -853.9412 | Avg_Loss_G: 423.0265 | Total_Iter: 2565
[855/10001] End of Epoch | Avg_Loss_D: -857.5607 | Avg_Loss_G: 425.2172 | Total_Iter: 2568
[856/10001] End of Epoch | Avg_Loss_D: -839.5190 | Avg_Loss_G: 426.2002 | Total_Iter: 2571
[857/10001] End of Epoch | Avg_Loss_D: -862.6694 | Avg_Loss_G: 428.2747 | Total_Iter: 2574
[858/10001] End of Epoch | Avg_Loss_D: -865.4200 | Avg_Loss_G: 430.1757 | Total_Iter: 2577
[859/10001] End of Epoch | Avg_Loss_D: -872.0168 | Avg_Loss_G: 431.8273 | Total_Iter: 2580
[860/10001] End of Epoch | Avg_Loss_D: -869.9061 | Avg_Loss_G: 433.2016 | Total_Iter: 2583
[861/10001] End of Epoch | Avg_Loss_D: -873.9117 | Avg_Loss_G: 434.8849 | Total_Iter: 2586
[862/10001] End of Epoch | Avg_Loss_D: -877.1838 | Avg_Loss_G: 437.0702 | Total_Iter: 2589
[863/10001] End of Epoch | Avg_Loss_D: -860.7282 | Avg_Loss_G: 438.6662 | Total_Iter: 2592
[864/10001] End of Epoch | Avg_Loss_D: -888.4799 | Avg_Loss_G: 440.5221 | Total_Iter: 2595
[865/10001] End of Epoch | Avg_Loss_D: -893.0274 | Avg_Loss_G: 442.1828 | Total_Iter: 2598
[866/10001] End of Epoch | Avg_Loss_D: -890.5395 | Avg_Loss_G: 444.0711 | Total_Iter: 2601
[867/10001] End of Epoch | Avg_Loss_D: -899.0040 | Avg_Loss_G: 445.8429 | Total_Iter: 2604
[868/10001] End of Epoch | Avg_Loss_D: -897.2226 | Avg_Loss_G: 447.5366 | Total_Iter: 2607
[869/10001] End of Epoch | Avg_Loss_D: -906.4530 | Avg_Loss_G: 449.4713 | Total_Iter: 2610
[870/10001] End of Epoch | Avg_Loss_D: -910.2347 | Avg_Loss_G: 451.1896 | Total_Iter: 2613
[871/10001] End of Epoch | Avg_Loss_D: -915.7393 | Avg_Loss_G: 452.8009 | Total_Iter: 2616
[872/10001] End of Epoch | Avg_Loss_D: -918.0259 | Avg_Loss_G: 454.6304 | Total_Iter: 2619
[873/10001] End of Epoch | Avg_Loss_D: -916.5530 | Avg_Loss_G: 456.2600 | Total_Iter: 2622
[874/10001] End of Epoch | Avg_Loss_D: -923.8338 | Avg_Loss_G: 457.9596 | Total_Iter: 2625
[875/10001] End of Epoch | Avg_Loss_D: -926.3804 | Avg_Loss_G: 459.5645 | Total_Iter: 2628
[876/10001] End of Epoch | Avg_Loss_D: -934.4870 | Avg_Loss_G: 461.2088 | Total_Iter: 2631
[877/10001] End of Epoch | Avg_Loss_D: -917.8256 | Avg_Loss_G: 462.6978 | Total_Iter: 2634
[878/10001] End of Epoch | Avg_Loss_D: -934.1007 | Avg_Loss_G: 464.3556 | Total_Iter: 2637
[879/10001] End of Epoch | Avg_Loss_D: -712.4067 | Avg_Loss_G: 461.6375 | Total_Iter: 2640
[880/10001] End of Epoch | Avg_Loss_D: -736.2092 | Avg_Loss_G: 465.7726 | Total_Iter: 2643
[881/10001] End of Epoch | Avg_Loss_D: -940.5486 | Avg_Loss_G: 467.9936 | Total_Iter: 2646
[882/10001] End of Epoch | Avg_Loss_D: -942.7677 | Avg_Loss_G: 469.7572 | Total_Iter: 2649
[883/10001] End of Epoch | Avg_Loss_D: -945.8058 | Avg_Loss_G: 471.5933 | Total_Iter: 2652
[884/10001] End of Epoch | Avg_Loss_D: -947.6022 | Avg_Loss_G: 472.8181 | Total_Iter: 2655
[885/10001] End of Epoch | Avg_Loss_D: -393.3216 | Avg_Loss_G: 468.5569 | Total_Iter: 2658
[886/10001] End of Epoch | Avg_Loss_D: -72.0509 | Avg_Loss_G: 446.9740 | Total_Iter: 2661
[887/10001] End of Epoch | Avg_Loss_D: -74.0457 | Avg_Loss_G: 438.2873 | Total_Iter: 2664
[888/10001] End of Epoch | Avg_Loss_D: -52.7114 | Avg_Loss_G: 415.3842 | Total_Iter: 2667
[889/10001] End of Epoch | Avg_Loss_D: -9.9915 | Avg_Loss_G: 458.0571 | Total_Iter: 2670
[890/10001] End of Epoch | Avg_Loss_D: -12.5072 | Avg_Loss_G: 452.1564 | Total_Iter: 2673
[891/10001] End of Epoch | Avg_Loss_D: -138.1264 | Avg_Loss_G: 434.7252 | Total_Iter: 2676
[892/10001] End of Epoch | Avg_Loss_D: -356.8177 | Avg_Loss_G: 430.3768 | Total_Iter: 2679
[893/10001] End of Epoch | Avg_Loss_D: -907.9255 | Avg_Loss_G: 470.0663 | Total_Iter: 2682
[894/10001] End of Epoch | Avg_Loss_D: -937.3739 | Avg_Loss_G: 473.3497 | Total_Iter: 2685
[895/10001] End of Epoch | Avg_Loss_D: -951.5004 | Avg_Loss_G: 475.7361 | Total_Iter: 2688
[896/10001] End of Epoch | Avg_Loss_D: -936.1126 | Avg_Loss_G: 478.3580 | Total_Iter: 2691
[897/10001] End of Epoch | Avg_Loss_D: -960.3016 | Avg_Loss_G: 479.5961 | Total_Iter: 2694
[898/10001] End of Epoch | Avg_Loss_D: -964.5099 | Avg_Loss_G: 481.0276 | Total_Iter: 2697
[899/10001] End of Epoch | Avg_Loss_D: -658.6429 | Avg_Loss_G: 480.9234 | Total_Iter: 2700
[900/10001] End of Epoch | Avg_Loss_D: -572.7719 | Avg_Loss_G: 453.5773 | Total_Iter: 2703
[901/10001] End of Epoch | Avg_Loss_D: 24.6222 | Avg_Loss_G: 435.4780 | Total_Iter: 2706
[902/10001] End of Epoch | Avg_Loss_D: 12.2761 | Avg_Loss_G: 444.1438 | Total_Iter: 2709
[903/10001] End of Epoch | Avg_Loss_D: 12.8482 | Avg_Loss_G: 448.4676 | Total_Iter: 2712
[904/10001] End of Epoch | Avg_Loss_D: 8.5065 | Avg_Loss_G: 452.4510 | Total_Iter: 2715
[905/10001] End of Epoch | Avg_Loss_D: 8.6724 | Avg_Loss_G: 454.8646 | Total_Iter: 2718
[906/10001] End of Epoch | Avg_Loss_D: 7.1232 | Avg_Loss_G: 454.3055 | Total_Iter: 2721
[907/10001] End of Epoch | Avg_Loss_D: 4.8585 | Avg_Loss_G: 457.8977 | Total_Iter: 2724
[908/10001] End of Epoch | Avg_Loss_D: 7.4692 | Avg_Loss_G: 456.6729 | Total_Iter: 2727
[909/10001] End of Epoch | Avg_Loss_D: 2.8583 | Avg_Loss_G: 460.0361 | Total_Iter: 2730
[910/10001] End of Epoch | Avg_Loss_D: 1.0141 | Avg_Loss_G: 460.2534 | Total_Iter: 2733
[911/10001] End of Epoch | Avg_Loss_D: 0.9866 | Avg_Loss_G: 459.7732 | Total_Iter: 2736
[912/10001] End of Epoch | Avg_Loss_D: 0.7956 | Avg_Loss_G: 461.7470 | Total_Iter: 2739
[913/10001] End of Epoch | Avg_Loss_D: 1.1482 | Avg_Loss_G: 461.5317 | Total_Iter: 2742
[914/10001] End of Epoch | Avg_Loss_D: -0.9634 | Avg_Loss_G: 463.5540 | Total_Iter: 2745
[915/10001] End of Epoch | Avg_Loss_D: 2.1030 | Avg_Loss_G: 463.5806 | Total_Iter: 2748
[916/10001] End of Epoch | Avg_Loss_D: -2.2170 | Avg_Loss_G: 463.9007 | Total_Iter: 2751
[917/10001] End of Epoch | Avg_Loss_D: -2.4249 | Avg_Loss_G: 463.5672 | Total_Iter: 2754
[918/10001] End of Epoch | Avg_Loss_D: -2.7845 | Avg_Loss_G: 463.3921 | Total_Iter: 2757
[919/10001] End of Epoch | Avg_Loss_D: -1.6248 | Avg_Loss_G: 464.0087 | Total_Iter: 2760
[920/10001] End of Epoch | Avg_Loss_D: -3.9280 | Avg_Loss_G: 463.5608 | Total_Iter: 2763
[921/10001] End of Epoch | Avg_Loss_D: -4.1575 | Avg_Loss_G: 463.3839 | Total_Iter: 2766
[922/10001] End of Epoch | Avg_Loss_D: -3.1045 | Avg_Loss_G: 462.9238 | Total_Iter: 2769
[923/10001] End of Epoch | Avg_Loss_D: -4.2446 | Avg_Loss_G: 463.2170 | Total_Iter: 2772
[924/10001] End of Epoch | Avg_Loss_D: -5.2404 | Avg_Loss_G: 462.4762 | Total_Iter: 2775
[925/10001] End of Epoch | Avg_Loss_D: -5.8935 | Avg_Loss_G: 463.2144 | Total_Iter: 2778
[926/10001] End of Epoch | Avg_Loss_D: -4.7768 | Avg_Loss_G: 461.7056 | Total_Iter: 2781
[927/10001] End of Epoch | Avg_Loss_D: -7.6387 | Avg_Loss_G: 462.9671 | Total_Iter: 2784
[928/10001] End of Epoch | Avg_Loss_D: -4.4908 | Avg_Loss_G: 461.0424 | Total_Iter: 2787
[929/10001] End of Epoch | Avg_Loss_D: -3.5850 | Avg_Loss_G: 462.4101 | Total_Iter: 2790
[930/10001] End of Epoch | Avg_Loss_D: -4.3147 | Avg_Loss_G: 462.1839 | Total_Iter: 2793
[931/10001] End of Epoch | Avg_Loss_D: -5.2488 | Avg_Loss_G: 463.8781 | Total_Iter: 2796
[932/10001] End of Epoch | Avg_Loss_D: -5.2892 | Avg_Loss_G: 462.3049 | Total_Iter: 2799
[933/10001] End of Epoch | Avg_Loss_D: -4.0509 | Avg_Loss_G: 463.0676 | Total_Iter: 2802
[934/10001] End of Epoch | Avg_Loss_D: -4.5656 | Avg_Loss_G: 463.1247 | Total_Iter: 2805
[935/10001] End of Epoch | Avg_Loss_D: -3.9134 | Avg_Loss_G: 462.2122 | Total_Iter: 2808
[936/10001] End of Epoch | Avg_Loss_D: -5.6290 | Avg_Loss_G: 462.0566 | Total_Iter: 2811
[937/10001] End of Epoch | Avg_Loss_D: -6.0146 | Avg_Loss_G: 461.9002 | Total_Iter: 2814
[938/10001] End of Epoch | Avg_Loss_D: -6.7166 | Avg_Loss_G: 462.3729 | Total_Iter: 2817
[939/10001] End of Epoch | Avg_Loss_D: -6.4895 | Avg_Loss_G: 462.3627 | Total_Iter: 2820
[940/10001] End of Epoch | Avg_Loss_D: -6.1946 | Avg_Loss_G: 461.8951 | Total_Iter: 2823
[941/10001] End of Epoch | Avg_Loss_D: -7.9383 | Avg_Loss_G: 462.3829 | Total_Iter: 2826
[942/10001] End of Epoch | Avg_Loss_D: -6.7876 | Avg_Loss_G: 461.2638 | Total_Iter: 2829
[943/10001] End of Epoch | Avg_Loss_D: -3.7836 | Avg_Loss_G: 462.1219 | Total_Iter: 2832
[944/10001] End of Epoch | Avg_Loss_D: -8.6917 | Avg_Loss_G: 461.4879 | Total_Iter: 2835
[945/10001] End of Epoch | Avg_Loss_D: -1.9360 | Avg_Loss_G: 462.0744 | Total_Iter: 2838
[946/10001] End of Epoch | Avg_Loss_D: -10.9754 | Avg_Loss_G: 461.9656 | Total_Iter: 2841
[947/10001] End of Epoch | Avg_Loss_D: -8.6867 | Avg_Loss_G: 461.4680 | Total_Iter: 2844
[948/10001] End of Epoch | Avg_Loss_D: -8.1920 | Avg_Loss_G: 460.9397 | Total_Iter: 2847
[949/10001] End of Epoch | Avg_Loss_D: -7.6365 | Avg_Loss_G: 459.3001 | Total_Iter: 2850
[950/10001] End of Epoch | Avg_Loss_D: -10.1517 | Avg_Loss_G: 461.9422 | Total_Iter: 2853
[951/10001] End of Epoch | Avg_Loss_D: -8.3021 | Avg_Loss_G: 461.2392 | Total_Iter: 2856
[952/10001] End of Epoch | Avg_Loss_D: -11.7057 | Avg_Loss_G: 459.9577 | Total_Iter: 2859
[953/10001] End of Epoch | Avg_Loss_D: -8.0327 | Avg_Loss_G: 461.1116 | Total_Iter: 2862
[954/10001] End of Epoch | Avg_Loss_D: -7.2498 | Avg_Loss_G: 459.8863 | Total_Iter: 2865
[955/10001] End of Epoch | Avg_Loss_D: -13.2563 | Avg_Loss_G: 459.1355 | Total_Iter: 2868
[956/10001] End of Epoch | Avg_Loss_D: -12.0673 | Avg_Loss_G: 458.3559 | Total_Iter: 2871
[957/10001] End of Epoch | Avg_Loss_D: -12.9274 | Avg_Loss_G: 460.1320 | Total_Iter: 2874
[958/10001] End of Epoch | Avg_Loss_D: -19.1060 | Avg_Loss_G: 460.1230 | Total_Iter: 2877
[959/10001] End of Epoch | Avg_Loss_D: -13.3678 | Avg_Loss_G: 457.6184 | Total_Iter: 2880
[960/10001] End of Epoch | Avg_Loss_D: -12.8951 | Avg_Loss_G: 458.2047 | Total_Iter: 2883
[961/10001] End of Epoch | Avg_Loss_D: -17.0815 | Avg_Loss_G: 458.7643 | Total_Iter: 2886
[962/10001] End of Epoch | Avg_Loss_D: -12.6458 | Avg_Loss_G: 456.4912 | Total_Iter: 2889
[963/10001] End of Epoch | Avg_Loss_D: -19.6297 | Avg_Loss_G: 458.1252 | Total_Iter: 2892
[964/10001] End of Epoch | Avg_Loss_D: -20.9395 | Avg_Loss_G: 456.0878 | Total_Iter: 2895
[965/10001] End of Epoch | Avg_Loss_D: -21.1032 | Avg_Loss_G: 458.2269 | Total_Iter: 2898
[966/10001] End of Epoch | Avg_Loss_D: -24.3485 | Avg_Loss_G: 455.0414 | Total_Iter: 2901
[967/10001] End of Epoch | Avg_Loss_D: -18.0082 | Avg_Loss_G: 457.2885 | Total_Iter: 2904
[968/10001] End of Epoch | Avg_Loss_D: -22.4118 | Avg_Loss_G: 456.4584 | Total_Iter: 2907
[969/10001] End of Epoch | Avg_Loss_D: -19.5694 | Avg_Loss_G: 455.2362 | Total_Iter: 2910
[970/10001] End of Epoch | Avg_Loss_D: -24.9065 | Avg_Loss_G: 454.3847 | Total_Iter: 2913
[971/10001] End of Epoch | Avg_Loss_D: -26.1108 | Avg_Loss_G: 450.1208 | Total_Iter: 2916
[972/10001] End of Epoch | Avg_Loss_D: -30.5307 | Avg_Loss_G: 455.4897 | Total_Iter: 2919
[973/10001] End of Epoch | Avg_Loss_D: -28.7178 | Avg_Loss_G: 449.4954 | Total_Iter: 2922
[974/10001] End of Epoch | Avg_Loss_D: -17.7353 | Avg_Loss_G: 458.7289 | Total_Iter: 2925
[975/10001] End of Epoch | Avg_Loss_D: -59.5995 | Avg_Loss_G: 437.9213 | Total_Iter: 2928
[976/10001] End of Epoch | Avg_Loss_D: -32.0863 | Avg_Loss_G: 441.2154 | Total_Iter: 2931
[977/10001] End of Epoch | Avg_Loss_D: -71.6358 | Avg_Loss_G: 441.9294 | Total_Iter: 2934
[978/10001] End of Epoch | Avg_Loss_D: 389.2881 | Avg_Loss_G: 431.3073 | Total_Iter: 2937
[979/10001] End of Epoch | Avg_Loss_D: 5.9606 | Avg_Loss_G: 456.2955 | Total_Iter: 2940
[980/10001] End of Epoch | Avg_Loss_D: 3.9584 | Avg_Loss_G: 458.1962 | Total_Iter: 2943
[981/10001] End of Epoch | Avg_Loss_D: 2.6640 | Avg_Loss_G: 461.9881 | Total_Iter: 2946
[982/10001] End of Epoch | Avg_Loss_D: 1.2759 | Avg_Loss_G: 463.1942 | Total_Iter: 2949
[983/10001] End of Epoch | Avg_Loss_D: 1.3094 | Avg_Loss_G: 465.0249 | Total_Iter: 2952
[984/10001] End of Epoch | Avg_Loss_D: 3.2640 | Avg_Loss_G: 464.4115 | Total_Iter: 2955
[985/10001] End of Epoch | Avg_Loss_D: 0.7154 | Avg_Loss_G: 465.6863 | Total_Iter: 2958
[986/10001] End of Epoch | Avg_Loss_D: 2.9356 | Avg_Loss_G: 464.7087 | Total_Iter: 2961
[987/10001] End of Epoch | Avg_Loss_D: -0.0779 | Avg_Loss_G: 463.3616 | Total_Iter: 2964
[988/10001] End of Epoch | Avg_Loss_D: -1.1217 | Avg_Loss_G: 462.8872 | Total_Iter: 2967
[989/10001] End of Epoch | Avg_Loss_D: -1.0402 | Avg_Loss_G: 464.1108 | Total_Iter: 2970
[990/10001] End of Epoch | Avg_Loss_D: -1.1079 | Avg_Loss_G: 463.2479 | Total_Iter: 2973
[991/10001] End of Epoch | Avg_Loss_D: -0.1998 | Avg_Loss_G: 463.2513 | Total_Iter: 2976
[992/10001] End of Epoch | Avg_Loss_D: -1.4683 | Avg_Loss_G: 464.6905 | Total_Iter: 2979
[993/10001] End of Epoch | Avg_Loss_D: -4.5373 | Avg_Loss_G: 464.2600 | Total_Iter: 2982
[994/10001] End of Epoch | Avg_Loss_D: -1.5500 | Avg_Loss_G: 464.1465 | Total_Iter: 2985
[995/10001] End of Epoch | Avg_Loss_D: -1.4943 | Avg_Loss_G: 464.5462 | Total_Iter: 2988
[996/10001] End of Epoch | Avg_Loss_D: 2.4440 | Avg_Loss_G: 466.1036 | Total_Iter: 2991
[997/10001] End of Epoch | Avg_Loss_D: -1.1937 | Avg_Loss_G: 463.4676 | Total_Iter: 2994
[998/10001] End of Epoch | Avg_Loss_D: -3.3540 | Avg_Loss_G: 464.6894 | Total_Iter: 2997
[999/10001] End of Epoch | Avg_Loss_D: -3.7788 | Avg_Loss_G: 463.7327 | Total_Iter: 3000
[1000/10001] End of Epoch | Avg_Loss_D: -0.6985 | Avg_Loss_G: 464.0055 | Total_Iter: 3003
[1001/10001] End of Epoch | Avg_Loss_D: -2.6402 | Avg_Loss_G: 464.5246 | Total_Iter: 3006
[1002/10001] End of Epoch | Avg_Loss_D: -2.5615 | Avg_Loss_G: 464.9093 | Total_Iter: 3009
[1003/10001] End of Epoch | Avg_Loss_D: -4.1933 | Avg_Loss_G: 465.0372 | Total_Iter: 3012
[1004/10001] End of Epoch | Avg_Loss_D: -2.6703 | Avg_Loss_G: 463.4055 | Total_Iter: 3015
[1005/10001] End of Epoch | Avg_Loss_D: -2.9871 | Avg_Loss_G: 464.4889 | Total_Iter: 3018
[1006/10001] End of Epoch | Avg_Loss_D: -3.7370 | Avg_Loss_G: 464.0537 | Total_Iter: 3021
[1007/10001] End of Epoch | Avg_Loss_D: -5.4597 | Avg_Loss_G: 464.3766 | Total_Iter: 3024
[1008/10001] End of Epoch | Avg_Loss_D: -5.0880 | Avg_Loss_G: 464.0458 | Total_Iter: 3027
[1009/10001] End of Epoch | Avg_Loss_D: -2.9769 | Avg_Loss_G: 464.9755 | Total_Iter: 3030
[1010/10001] End of Epoch | Avg_Loss_D: -6.4644 | Avg_Loss_G: 462.7866 | Total_Iter: 3033
[1011/10001] End of Epoch | Avg_Loss_D: -2.3448 | Avg_Loss_G: 463.6944 | Total_Iter: 3036
[1012/10001] End of Epoch | Avg_Loss_D: -2.6469 | Avg_Loss_G: 463.6583 | Total_Iter: 3039
[1013/10001] End of Epoch | Avg_Loss_D: -2.2042 | Avg_Loss_G: 465.3713 | Total_Iter: 3042
[1014/10001] End of Epoch | Avg_Loss_D: -3.3106 | Avg_Loss_G: 464.3437 | Total_Iter: 3045
[1015/10001] End of Epoch | Avg_Loss_D: -5.6844 | Avg_Loss_G: 463.6110 | Total_Iter: 3048
[1016/10001] End of Epoch | Avg_Loss_D: -5.5314 | Avg_Loss_G: 462.2789 | Total_Iter: 3051
[1017/10001] End of Epoch | Avg_Loss_D: -4.8696 | Avg_Loss_G: 462.8304 | Total_Iter: 3054
[1018/10001] End of Epoch | Avg_Loss_D: -5.6893 | Avg_Loss_G: 463.3546 | Total_Iter: 3057
[1019/10001] End of Epoch | Avg_Loss_D: -6.5222 | Avg_Loss_G: 463.3115 | Total_Iter: 3060
[1020/10001] End of Epoch | Avg_Loss_D: -4.6346 | Avg_Loss_G: 461.8753 | Total_Iter: 3063
[1021/10001] End of Epoch | Avg_Loss_D: -5.5956 | Avg_Loss_G: 462.3352 | Total_Iter: 3066
[1022/10001] End of Epoch | Avg_Loss_D: -5.9695 | Avg_Loss_G: 461.4379 | Total_Iter: 3069
[1023/10001] End of Epoch | Avg_Loss_D: -6.8314 | Avg_Loss_G: 464.0806 | Total_Iter: 3072
[1024/10001] End of Epoch | Avg_Loss_D: -5.3037 | Avg_Loss_G: 462.8698 | Total_Iter: 3075
[1025/10001] End of Epoch | Avg_Loss_D: -7.8059 | Avg_Loss_G: 463.2994 | Total_Iter: 3078
[1026/10001] End of Epoch | Avg_Loss_D: -2.9166 | Avg_Loss_G: 461.2462 | Total_Iter: 3081
[1027/10001] End of Epoch | Avg_Loss_D: -6.4480 | Avg_Loss_G: 461.9153 | Total_Iter: 3084
[1028/10001] End of Epoch | Avg_Loss_D: -6.5037 | Avg_Loss_G: 461.5507 | Total_Iter: 3087
[1029/10001] End of Epoch | Avg_Loss_D: -8.5883 | Avg_Loss_G: 462.7574 | Total_Iter: 3090
[1030/10001] End of Epoch | Avg_Loss_D: -8.5233 | Avg_Loss_G: 461.7629 | Total_Iter: 3093
[1031/10001] End of Epoch | Avg_Loss_D: -7.2840 | Avg_Loss_G: 462.5814 | Total_Iter: 3096
[1032/10001] End of Epoch | Avg_Loss_D: -7.1877 | Avg_Loss_G: 461.1182 | Total_Iter: 3099
[1033/10001] End of Epoch | Avg_Loss_D: -7.0064 | Avg_Loss_G: 461.6807 | Total_Iter: 3102
[1034/10001] End of Epoch | Avg_Loss_D: -7.4416 | Avg_Loss_G: 461.4421 | Total_Iter: 3105
[1035/10001] End of Epoch | Avg_Loss_D: -6.3689 | Avg_Loss_G: 461.7754 | Total_Iter: 3108
[1036/10001] End of Epoch | Avg_Loss_D: -8.9757 | Avg_Loss_G: 459.8639 | Total_Iter: 3111
[1037/10001] End of Epoch | Avg_Loss_D: -6.1619 | Avg_Loss_G: 458.7538 | Total_Iter: 3114
[1038/10001] End of Epoch | Avg_Loss_D: -9.7023 | Avg_Loss_G: 459.5840 | Total_Iter: 3117
[1039/10001] End of Epoch | Avg_Loss_D: -10.7429 | Avg_Loss_G: 458.5553 | Total_Iter: 3120
[1040/10001] End of Epoch | Avg_Loss_D: -8.3635 | Avg_Loss_G: 459.9399 | Total_Iter: 3123
[1041/10001] End of Epoch | Avg_Loss_D: -8.8032 | Avg_Loss_G: 459.4554 | Total_Iter: 3126
[1042/10001] End of Epoch | Avg_Loss_D: -10.0908 | Avg_Loss_G: 458.3915 | Total_Iter: 3129
[1043/10001] End of Epoch | Avg_Loss_D: -9.7502 | Avg_Loss_G: 456.8949 | Total_Iter: 3132
[1044/10001] End of Epoch | Avg_Loss_D: -7.6419 | Avg_Loss_G: 456.3514 | Total_Iter: 3135
[1045/10001] End of Epoch | Avg_Loss_D: -11.5145 | Avg_Loss_G: 457.1519 | Total_Iter: 3138
[1046/10001] End of Epoch | Avg_Loss_D: -10.3906 | Avg_Loss_G: 456.9754 | Total_Iter: 3141
[1047/10001] End of Epoch | Avg_Loss_D: -12.7614 | Avg_Loss_G: 456.8725 | Total_Iter: 3144
[1048/10001] End of Epoch | Avg_Loss_D: -8.6576 | Avg_Loss_G: 460.3623 | Total_Iter: 3147
[1049/10001] End of Epoch | Avg_Loss_D: -10.4115 | Avg_Loss_G: 458.7577 | Total_Iter: 3150
[1050/10001] End of Epoch | Avg_Loss_D: -10.0589 | Avg_Loss_G: 458.1704 | Total_Iter: 3153
[1051/10001] End of Epoch | Avg_Loss_D: -10.0932 | Avg_Loss_G: 458.2728 | Total_Iter: 3156
[1052/10001] End of Epoch | Avg_Loss_D: -10.7418 | Avg_Loss_G: 457.1242 | Total_Iter: 3159
[1053/10001] End of Epoch | Avg_Loss_D: -8.9410 | Avg_Loss_G: 456.0861 | Total_Iter: 3162
[1054/10001] End of Epoch | Avg_Loss_D: -10.5241 | Avg_Loss_G: 456.6093 | Total_Iter: 3165
[1055/10001] End of Epoch | Avg_Loss_D: -8.4781 | Avg_Loss_G: 454.6806 | Total_Iter: 3168
[1056/10001] End of Epoch | Avg_Loss_D: -12.6117 | Avg_Loss_G: 456.2170 | Total_Iter: 3171
[1057/10001] End of Epoch | Avg_Loss_D: -11.8293 | Avg_Loss_G: 455.2000 | Total_Iter: 3174
[1058/10001] End of Epoch | Avg_Loss_D: -11.2192 | Avg_Loss_G: 456.5742 | Total_Iter: 3177
[1059/10001] End of Epoch | Avg_Loss_D: -13.7059 | Avg_Loss_G: 455.1281 | Total_Iter: 3180
[1060/10001] End of Epoch | Avg_Loss_D: -12.3913 | Avg_Loss_G: 456.2871 | Total_Iter: 3183
[1061/10001] End of Epoch | Avg_Loss_D: -13.1060 | Avg_Loss_G: 457.1497 | Total_Iter: 3186
[1062/10001] End of Epoch | Avg_Loss_D: -13.1528 | Avg_Loss_G: 455.8403 | Total_Iter: 3189
[1063/10001] End of Epoch | Avg_Loss_D: -14.4294 | Avg_Loss_G: 456.3836 | Total_Iter: 3192
[1064/10001] End of Epoch | Avg_Loss_D: -10.9112 | Avg_Loss_G: 454.8066 | Total_Iter: 3195
[1065/10001] End of Epoch | Avg_Loss_D: -15.6119 | Avg_Loss_G: 457.7593 | Total_Iter: 3198
[1066/10001] End of Epoch | Avg_Loss_D: -13.1616 | Avg_Loss_G: 455.0216 | Total_Iter: 3201
[1067/10001] End of Epoch | Avg_Loss_D: -9.8694 | Avg_Loss_G: 454.8917 | Total_Iter: 3204
[1068/10001] End of Epoch | Avg_Loss_D: -15.1426 | Avg_Loss_G: 453.0158 | Total_Iter: 3207
[1069/10001] End of Epoch | Avg_Loss_D: -11.6365 | Avg_Loss_G: 454.1872 | Total_Iter: 3210
[1070/10001] End of Epoch | Avg_Loss_D: -15.6537 | Avg_Loss_G: 453.7604 | Total_Iter: 3213
[1071/10001] End of Epoch | Avg_Loss_D: -13.2792 | Avg_Loss_G: 452.2777 | Total_Iter: 3216
[1072/10001] End of Epoch | Avg_Loss_D: -16.4525 | Avg_Loss_G: 451.3086 | Total_Iter: 3219
[1073/10001] End of Epoch | Avg_Loss_D: -17.7582 | Avg_Loss_G: 452.9199 | Total_Iter: 3222
[1074/10001] End of Epoch | Avg_Loss_D: -17.0658 | Avg_Loss_G: 450.8378 | Total_Iter: 3225
[1075/10001] End of Epoch | Avg_Loss_D: -13.8993 | Avg_Loss_G: 454.4102 | Total_Iter: 3228
[1076/10001] End of Epoch | Avg_Loss_D: -16.7032 | Avg_Loss_G: 451.4751 | Total_Iter: 3231
[1077/10001] End of Epoch | Avg_Loss_D: -19.9158 | Avg_Loss_G: 450.8230 | Total_Iter: 3234
[1078/10001] End of Epoch | Avg_Loss_D: -14.3573 | Avg_Loss_G: 448.8322 | Total_Iter: 3237
[1079/10001] End of Epoch | Avg_Loss_D: -17.4170 | Avg_Loss_G: 452.6306 | Total_Iter: 3240
[1080/10001] End of Epoch | Avg_Loss_D: -16.2067 | Avg_Loss_G: 449.6287 | Total_Iter: 3243
[1081/10001] End of Epoch | Avg_Loss_D: -17.1431 | Avg_Loss_G: 450.5100 | Total_Iter: 3246
[1082/10001] End of Epoch | Avg_Loss_D: -16.2776 | Avg_Loss_G: 449.5186 | Total_Iter: 3249
[1083/10001] End of Epoch | Avg_Loss_D: -18.4416 | Avg_Loss_G: 446.5739 | Total_Iter: 3252
[1084/10001] End of Epoch | Avg_Loss_D: -20.1065 | Avg_Loss_G: 451.0587 | Total_Iter: 3255
[1085/10001] End of Epoch | Avg_Loss_D: -19.0783 | Avg_Loss_G: 448.4089 | Total_Iter: 3258
[1086/10001] End of Epoch | Avg_Loss_D: -16.7806 | Avg_Loss_G: 448.6588 | Total_Iter: 3261
[1087/10001] End of Epoch | Avg_Loss_D: -21.6840 | Avg_Loss_G: 446.9305 | Total_Iter: 3264
[1088/10001] End of Epoch | Avg_Loss_D: -13.6685 | Avg_Loss_G: 450.0113 | Total_Iter: 3267
[1089/10001] End of Epoch | Avg_Loss_D: -16.9572 | Avg_Loss_G: 450.5861 | Total_Iter: 3270
[1090/10001] End of Epoch | Avg_Loss_D: -14.5294 | Avg_Loss_G: 448.6625 | Total_Iter: 3273
[1091/10001] End of Epoch | Avg_Loss_D: -17.2841 | Avg_Loss_G: 450.4012 | Total_Iter: 3276
[1092/10001] End of Epoch | Avg_Loss_D: -18.6174 | Avg_Loss_G: 449.7781 | Total_Iter: 3279
[1093/10001] End of Epoch | Avg_Loss_D: -20.6712 | Avg_Loss_G: 444.5620 | Total_Iter: 3282
[1094/10001] End of Epoch | Avg_Loss_D: -22.0863 | Avg_Loss_G: 447.2802 | Total_Iter: 3285
[1095/10001] End of Epoch | Avg_Loss_D: -20.1672 | Avg_Loss_G: 443.9019 | Total_Iter: 3288
[1096/10001] End of Epoch | Avg_Loss_D: -17.8450 | Avg_Loss_G: 448.8706 | Total_Iter: 3291
[1097/10001] End of Epoch | Avg_Loss_D: -14.3775 | Avg_Loss_G: 450.4639 | Total_Iter: 3294
[1098/10001] End of Epoch | Avg_Loss_D: -15.4046 | Avg_Loss_G: 449.1657 | Total_Iter: 3297
[1099/10001] End of Epoch | Avg_Loss_D: -20.4875 | Avg_Loss_G: 446.9150 | Total_Iter: 3300
[1100/10001] End of Epoch | Avg_Loss_D: -20.5286 | Avg_Loss_G: 446.3184 | Total_Iter: 3303
[1101/10001] End of Epoch | Avg_Loss_D: -22.4805 | Avg_Loss_G: 447.8444 | Total_Iter: 3306
[1102/10001] End of Epoch | Avg_Loss_D: -21.4257 | Avg_Loss_G: 446.4121 | Total_Iter: 3309
[1103/10001] End of Epoch | Avg_Loss_D: -20.0710 | Avg_Loss_G: 449.1846 | Total_Iter: 3312
[1104/10001] End of Epoch | Avg_Loss_D: -21.5828 | Avg_Loss_G: 445.2901 | Total_Iter: 3315
[1105/10001] End of Epoch | Avg_Loss_D: -25.6480 | Avg_Loss_G: 449.8528 | Total_Iter: 3318
[1106/10001] End of Epoch | Avg_Loss_D: -27.8129 | Avg_Loss_G: 447.7725 | Total_Iter: 3321
[1107/10001] End of Epoch | Avg_Loss_D: -19.6769 | Avg_Loss_G: 448.7503 | Total_Iter: 3324
[1108/10001] End of Epoch | Avg_Loss_D: -21.7433 | Avg_Loss_G: 454.4749 | Total_Iter: 3327
[1109/10001] End of Epoch | Avg_Loss_D: -30.5700 | Avg_Loss_G: 449.5930 | Total_Iter: 3330
[1110/10001] End of Epoch | Avg_Loss_D: -23.8091 | Avg_Loss_G: 444.9621 | Total_Iter: 3333
[1111/10001] End of Epoch | Avg_Loss_D: -21.2618 | Avg_Loss_G: 447.7264 | Total_Iter: 3336
[1112/10001] End of Epoch | Avg_Loss_D: -35.0335 | Avg_Loss_G: 440.8308 | Total_Iter: 3339
[1113/10001] End of Epoch | Avg_Loss_D: -29.2022 | Avg_Loss_G: 444.7185 | Total_Iter: 3342
[1114/10001] End of Epoch | Avg_Loss_D: -27.8679 | Avg_Loss_G: 444.4136 | Total_Iter: 3345
[1115/10001] End of Epoch | Avg_Loss_D: -30.9261 | Avg_Loss_G: 446.1685 | Total_Iter: 3348
[1116/10001] End of Epoch | Avg_Loss_D: -12.9230 | Avg_Loss_G: 448.5239 | Total_Iter: 3351
[1117/10001] End of Epoch | Avg_Loss_D: -29.9637 | Avg_Loss_G: 446.6492 | Total_Iter: 3354
[1118/10001] End of Epoch | Avg_Loss_D: -19.7663 | Avg_Loss_G: 448.3882 | Total_Iter: 3357
[1119/10001] End of Epoch | Avg_Loss_D: -30.4745 | Avg_Loss_G: 447.6115 | Total_Iter: 3360
[1120/10001] End of Epoch | Avg_Loss_D: -26.9824 | Avg_Loss_G: 448.4187 | Total_Iter: 3363
[1121/10001] End of Epoch | Avg_Loss_D: -20.9256 | Avg_Loss_G: 441.9486 | Total_Iter: 3366
[1122/10001] End of Epoch | Avg_Loss_D: -32.2168 | Avg_Loss_G: 448.3164 | Total_Iter: 3369
[1123/10001] End of Epoch | Avg_Loss_D: -18.1299 | Avg_Loss_G: 445.7469 | Total_Iter: 3372
[1124/10001] End of Epoch | Avg_Loss_D: -25.2117 | Avg_Loss_G: 439.7017 | Total_Iter: 3375
[1125/10001] End of Epoch | Avg_Loss_D: -21.7019 | Avg_Loss_G: 444.4754 | Total_Iter: 3378
[1126/10001] End of Epoch | Avg_Loss_D: -26.5857 | Avg_Loss_G: 448.9599 | Total_Iter: 3381
[1127/10001] End of Epoch | Avg_Loss_D: -36.7853 | Avg_Loss_G: 447.0449 | Total_Iter: 3384
[1128/10001] End of Epoch | Avg_Loss_D: -42.0503 | Avg_Loss_G: 434.6278 | Total_Iter: 3387
[1129/10001] End of Epoch | Avg_Loss_D: -38.8525 | Avg_Loss_G: 444.0035 | Total_Iter: 3390
[1130/10001] End of Epoch | Avg_Loss_D: -33.7535 | Avg_Loss_G: 442.2133 | Total_Iter: 3393
[1131/10001] End of Epoch | Avg_Loss_D: -31.7110 | Avg_Loss_G: 449.7505 | Total_Iter: 3396
[1132/10001] End of Epoch | Avg_Loss_D: -28.5611 | Avg_Loss_G: 442.1777 | Total_Iter: 3399
[1133/10001] End of Epoch | Avg_Loss_D: -45.7764 | Avg_Loss_G: 442.3019 | Total_Iter: 3402
[1134/10001] End of Epoch | Avg_Loss_D: -47.6180 | Avg_Loss_G: 437.9247 | Total_Iter: 3405
[1135/10001] End of Epoch | Avg_Loss_D: -22.9933 | Avg_Loss_G: 448.6721 | Total_Iter: 3408
[1136/10001] End of Epoch | Avg_Loss_D: -39.0746 | Avg_Loss_G: 444.9979 | Total_Iter: 3411
[1137/10001] End of Epoch | Avg_Loss_D: -19.4668 | Avg_Loss_G: 441.2286 | Total_Iter: 3414
[1138/10001] End of Epoch | Avg_Loss_D: -45.3761 | Avg_Loss_G: 446.8708 | Total_Iter: 3417
[1139/10001] End of Epoch | Avg_Loss_D: -44.1811 | Avg_Loss_G: 432.9377 | Total_Iter: 3420
[1140/10001] End of Epoch | Avg_Loss_D: 4.4700 | Avg_Loss_G: 433.3824 | Total_Iter: 3423
[1141/10001] End of Epoch | Avg_Loss_D: -30.8646 | Avg_Loss_G: 435.0232 | Total_Iter: 3426
[1142/10001] End of Epoch | Avg_Loss_D: -24.2178 | Avg_Loss_G: 432.2810 | Total_Iter: 3429
[1143/10001] End of Epoch | Avg_Loss_D: -29.5863 | Avg_Loss_G: 436.7500 | Total_Iter: 3432
[1144/10001] End of Epoch | Avg_Loss_D: -55.6562 | Avg_Loss_G: 427.7197 | Total_Iter: 3435
[1145/10001] End of Epoch | Avg_Loss_D: -93.7995 | Avg_Loss_G: 421.4245 | Total_Iter: 3438
[1146/10001] End of Epoch | Avg_Loss_D: 17.2757 | Avg_Loss_G: 402.6128 | Total_Iter: 3441
[1147/10001] End of Epoch | Avg_Loss_D: 3.0100 | Avg_Loss_G: 419.0893 | Total_Iter: 3444
[1148/10001] End of Epoch | Avg_Loss_D: 3.3792 | Avg_Loss_G: 425.4681 | Total_Iter: 3447
[1149/10001] End of Epoch | Avg_Loss_D: 2.1832 | Avg_Loss_G: 422.5717 | Total_Iter: 3450
[1150/10001] End of Epoch | Avg_Loss_D: 1.9387 | Avg_Loss_G: 426.0377 | Total_Iter: 3453
[1151/10001] End of Epoch | Avg_Loss_D: 2.0849 | Avg_Loss_G: 422.5401 | Total_Iter: 3456
[1152/10001] End of Epoch | Avg_Loss_D: 2.4836 | Avg_Loss_G: 423.5779 | Total_Iter: 3459
[1153/10001] End of Epoch | Avg_Loss_D: -5.5322 | Avg_Loss_G: 424.0621 | Total_Iter: 3462
[1154/10001] End of Epoch | Avg_Loss_D: -3.7643 | Avg_Loss_G: 424.1895 | Total_Iter: 3465
[1155/10001] End of Epoch | Avg_Loss_D: -7.5873 | Avg_Loss_G: 424.4886 | Total_Iter: 3468
[1156/10001] End of Epoch | Avg_Loss_D: -8.1283 | Avg_Loss_G: 422.1835 | Total_Iter: 3471
[1157/10001] End of Epoch | Avg_Loss_D: -10.2058 | Avg_Loss_G: 424.9153 | Total_Iter: 3474
[1158/10001] End of Epoch | Avg_Loss_D: -8.0321 | Avg_Loss_G: 428.0721 | Total_Iter: 3477
[1159/10001] End of Epoch | Avg_Loss_D: -9.1259 | Avg_Loss_G: 428.2845 | Total_Iter: 3480
[1160/10001] End of Epoch | Avg_Loss_D: -16.5999 | Avg_Loss_G: 424.0511 | Total_Iter: 3483
[1161/10001] End of Epoch | Avg_Loss_D: -13.6132 | Avg_Loss_G: 424.4067 | Total_Iter: 3486
[1162/10001] End of Epoch | Avg_Loss_D: -20.9522 | Avg_Loss_G: 425.4529 | Total_Iter: 3489
[1163/10001] End of Epoch | Avg_Loss_D: -21.1957 | Avg_Loss_G: 423.8303 | Total_Iter: 3492
[1164/10001] End of Epoch | Avg_Loss_D: -17.6351 | Avg_Loss_G: 422.8859 | Total_Iter: 3495
[1165/10001] End of Epoch | Avg_Loss_D: -17.9864 | Avg_Loss_G: 422.9952 | Total_Iter: 3498
[1166/10001] End of Epoch | Avg_Loss_D: -37.2080 | Avg_Loss_G: 405.5440 | Total_Iter: 3501
[1167/10001] End of Epoch | Avg_Loss_D: -51.1021 | Avg_Loss_G: 425.0039 | Total_Iter: 3504
[1168/10001] End of Epoch | Avg_Loss_D: -162.1192 | Avg_Loss_G: 400.2790 | Total_Iter: 3507
[1169/10001] End of Epoch | Avg_Loss_D: 2.7181 | Avg_Loss_G: 416.9113 | Total_Iter: 3510
[1170/10001] End of Epoch | Avg_Loss_D: -1.6619 | Avg_Loss_G: 423.4376 | Total_Iter: 3513
[1171/10001] End of Epoch | Avg_Loss_D: 0.7711 | Avg_Loss_G: 425.2602 | Total_Iter: 3516
[1172/10001] End of Epoch | Avg_Loss_D: -4.4559 | Avg_Loss_G: 425.6357 | Total_Iter: 3519
[1173/10001] End of Epoch | Avg_Loss_D: -7.5754 | Avg_Loss_G: 426.8374 | Total_Iter: 3522
[1174/10001] End of Epoch | Avg_Loss_D: -6.4527 | Avg_Loss_G: 426.1222 | Total_Iter: 3525
[1175/10001] End of Epoch | Avg_Loss_D: -8.6312 | Avg_Loss_G: 427.4906 | Total_Iter: 3528
[1176/10001] End of Epoch | Avg_Loss_D: -12.0291 | Avg_Loss_G: 425.4373 | Total_Iter: 3531
[1177/10001] End of Epoch | Avg_Loss_D: -10.1981 | Avg_Loss_G: 422.0834 | Total_Iter: 3534
[1178/10001] End of Epoch | Avg_Loss_D: -24.9981 | Avg_Loss_G: 419.0503 | Total_Iter: 3537
[1179/10001] End of Epoch | Avg_Loss_D: -70.9079 | Avg_Loss_G: 420.6139 | Total_Iter: 3540
[1180/10001] End of Epoch | Avg_Loss_D: -78.6285 | Avg_Loss_G: 407.7233 | Total_Iter: 3543
[1181/10001] End of Epoch | Avg_Loss_D: 73.4661 | Avg_Loss_G: 446.9317 | Total_Iter: 3546
[1182/10001] End of Epoch | Avg_Loss_D: 7.2563 | Avg_Loss_G: 447.4396 | Total_Iter: 3549
[1183/10001] End of Epoch | Avg_Loss_D: 2.3393 | Avg_Loss_G: 451.0588 | Total_Iter: 3552
[1184/10001] End of Epoch | Avg_Loss_D: 1.0654 | Avg_Loss_G: 450.2069 | Total_Iter: 3555
[1185/10001] End of Epoch | Avg_Loss_D: -2.3500 | Avg_Loss_G: 449.9733 | Total_Iter: 3558
[1186/10001] End of Epoch | Avg_Loss_D: -0.5191 | Avg_Loss_G: 447.7032 | Total_Iter: 3561
[1187/10001] End of Epoch | Avg_Loss_D: -2.4389 | Avg_Loss_G: 449.2690 | Total_Iter: 3564
[1188/10001] End of Epoch | Avg_Loss_D: -2.1685 | Avg_Loss_G: 447.2004 | Total_Iter: 3567
[1189/10001] End of Epoch | Avg_Loss_D: -4.8556 | Avg_Loss_G: 446.8256 | Total_Iter: 3570
[1190/10001] End of Epoch | Avg_Loss_D: -1.6061 | Avg_Loss_G: 445.9563 | Total_Iter: 3573
[1191/10001] End of Epoch | Avg_Loss_D: -4.2072 | Avg_Loss_G: 448.4768 | Total_Iter: 3576
[1192/10001] End of Epoch | Avg_Loss_D: -2.8550 | Avg_Loss_G: 446.7747 | Total_Iter: 3579
[1193/10001] End of Epoch | Avg_Loss_D: -4.9591 | Avg_Loss_G: 445.4899 | Total_Iter: 3582
[1194/10001] End of Epoch | Avg_Loss_D: -4.6623 | Avg_Loss_G: 444.3249 | Total_Iter: 3585
[1195/10001] End of Epoch | Avg_Loss_D: -4.8579 | Avg_Loss_G: 442.6419 | Total_Iter: 3588
[1196/10001] End of Epoch | Avg_Loss_D: -6.3675 | Avg_Loss_G: 444.9248 | Total_Iter: 3591
[1197/10001] End of Epoch | Avg_Loss_D: -7.7179 | Avg_Loss_G: 444.7252 | Total_Iter: 3594
[1198/10001] End of Epoch | Avg_Loss_D: -7.6587 | Avg_Loss_G: 442.8778 | Total_Iter: 3597
[1199/10001] End of Epoch | Avg_Loss_D: -6.1833 | Avg_Loss_G: 440.4808 | Total_Iter: 3600
[1200/10001] End of Epoch | Avg_Loss_D: -5.2444 | Avg_Loss_G: 440.6184 | Total_Iter: 3603
[1201/10001] End of Epoch | Avg_Loss_D: -6.7985 | Avg_Loss_G: 441.6957 | Total_Iter: 3606
[1202/10001] End of Epoch | Avg_Loss_D: -10.0390 | Avg_Loss_G: 443.3317 | Total_Iter: 3609
[1203/10001] End of Epoch | Avg_Loss_D: -8.3048 | Avg_Loss_G: 440.6619 | Total_Iter: 3612
[1204/10001] End of Epoch | Avg_Loss_D: -13.1379 | Avg_Loss_G: 441.9679 | Total_Iter: 3615
[1205/10001] End of Epoch | Avg_Loss_D: -13.1033 | Avg_Loss_G: 441.1881 | Total_Iter: 3618
[1206/10001] End of Epoch | Avg_Loss_D: -11.1824 | Avg_Loss_G: 441.0126 | Total_Iter: 3621
[1207/10001] End of Epoch | Avg_Loss_D: -10.1153 | Avg_Loss_G: 442.5623 | Total_Iter: 3624
[1208/10001] End of Epoch | Avg_Loss_D: -11.6954 | Avg_Loss_G: 443.8525 | Total_Iter: 3627
[1209/10001] End of Epoch | Avg_Loss_D: -12.2482 | Avg_Loss_G: 442.1796 | Total_Iter: 3630
[1210/10001] End of Epoch | Avg_Loss_D: -13.4339 | Avg_Loss_G: 441.3024 | Total_Iter: 3633
[1211/10001] End of Epoch | Avg_Loss_D: -13.7057 | Avg_Loss_G: 443.0894 | Total_Iter: 3636
[1212/10001] End of Epoch | Avg_Loss_D: -3.9832 | Avg_Loss_G: 442.5999 | Total_Iter: 3639
[1213/10001] End of Epoch | Avg_Loss_D: -13.2347 | Avg_Loss_G: 439.8035 | Total_Iter: 3642
[1214/10001] End of Epoch | Avg_Loss_D: -15.6883 | Avg_Loss_G: 441.9154 | Total_Iter: 3645
[1215/10001] End of Epoch | Avg_Loss_D: -13.4787 | Avg_Loss_G: 438.3689 | Total_Iter: 3648
[1216/10001] End of Epoch | Avg_Loss_D: -20.2999 | Avg_Loss_G: 438.5035 | Total_Iter: 3651
[1217/10001] End of Epoch | Avg_Loss_D: -21.2190 | Avg_Loss_G: 440.5755 | Total_Iter: 3654
[1218/10001] End of Epoch | Avg_Loss_D: -20.5676 | Avg_Loss_G: 437.9147 | Total_Iter: 3657
[1219/10001] End of Epoch | Avg_Loss_D: -27.2036 | Avg_Loss_G: 437.4838 | Total_Iter: 3660
[1220/10001] End of Epoch | Avg_Loss_D: -19.0482 | Avg_Loss_G: 438.1226 | Total_Iter: 3663
[1221/10001] End of Epoch | Avg_Loss_D: -17.3363 | Avg_Loss_G: 436.3001 | Total_Iter: 3666
[1222/10001] End of Epoch | Avg_Loss_D: -20.2805 | Avg_Loss_G: 437.2729 | Total_Iter: 3669
[1223/10001] End of Epoch | Avg_Loss_D: -34.0578 | Avg_Loss_G: 439.3209 | Total_Iter: 3672
[1224/10001] End of Epoch | Avg_Loss_D: -17.5934 | Avg_Loss_G: 440.0574 | Total_Iter: 3675
[1225/10001] End of Epoch | Avg_Loss_D: -13.8854 | Avg_Loss_G: 437.4355 | Total_Iter: 3678
[1226/10001] End of Epoch | Avg_Loss_D: -7.9625 | Avg_Loss_G: 433.7249 | Total_Iter: 3681
[1227/10001] End of Epoch | Avg_Loss_D: -19.6955 | Avg_Loss_G: 430.9312 | Total_Iter: 3684
[1228/10001] End of Epoch | Avg_Loss_D: -87.8803 | Avg_Loss_G: 416.4277 | Total_Iter: 3687
[1229/10001] End of Epoch | Avg_Loss_D: -299.9042 | Avg_Loss_G: 389.5801 | Total_Iter: 3690
[1230/10001] End of Epoch | Avg_Loss_D: -918.4644 | Avg_Loss_G: 466.4826 | Total_Iter: 3693
[1231/10001] End of Epoch | Avg_Loss_D: -963.7452 | Avg_Loss_G: 482.4565 | Total_Iter: 3696
[1232/10001] End of Epoch | Avg_Loss_D: -979.8269 | Avg_Loss_G: 491.3096 | Total_Iter: 3699
[1233/10001] End of Epoch | Avg_Loss_D: -1011.1529 | Avg_Loss_G: 500.2871 | Total_Iter: 3702
[1234/10001] End of Epoch | Avg_Loss_D: -1025.8558 | Avg_Loss_G: 507.3987 | Total_Iter: 3705
[1235/10001] End of Epoch | Avg_Loss_D: -1036.3621 | Avg_Loss_G: 514.1353 | Total_Iter: 3708
[1236/10001] End of Epoch | Avg_Loss_D: -1049.4387 | Avg_Loss_G: 519.3445 | Total_Iter: 3711
[1237/10001] End of Epoch | Avg_Loss_D: -1064.0363 | Avg_Loss_G: 524.5861 | Total_Iter: 3714
[1238/10001] End of Epoch | Avg_Loss_D: -1060.8957 | Avg_Loss_G: 529.2178 | Total_Iter: 3717
[1239/10001] End of Epoch | Avg_Loss_D: -1073.2891 | Avg_Loss_G: 533.5654 | Total_Iter: 3720
[1240/10001] End of Epoch | Avg_Loss_D: -1088.1057 | Avg_Loss_G: 537.8190 | Total_Iter: 3723
[1241/10001] End of Epoch | Avg_Loss_D: -1098.5679 | Avg_Loss_G: 542.1431 | Total_Iter: 3726
[1242/10001] End of Epoch | Avg_Loss_D: -1105.4573 | Avg_Loss_G: 545.7607 | Total_Iter: 3729
[1243/10001] End of Epoch | Avg_Loss_D: -1055.6807 | Avg_Loss_G: 547.3254 | Total_Iter: 3732
[1244/10001] End of Epoch | Avg_Loss_D: -1119.6539 | Avg_Loss_G: 551.8626 | Total_Iter: 3735
[1245/10001] End of Epoch | Avg_Loss_D: -1128.3562 | Avg_Loss_G: 555.8656 | Total_Iter: 3738
[1246/10001] End of Epoch | Avg_Loss_D: -1136.0639 | Avg_Loss_G: 559.8319 | Total_Iter: 3741
[1247/10001] End of Epoch | Avg_Loss_D: -1142.2464 | Avg_Loss_G: 563.1691 | Total_Iter: 3744
[1248/10001] End of Epoch | Avg_Loss_D: -1152.5854 | Avg_Loss_G: 566.5424 | Total_Iter: 3747
[1249/10001] End of Epoch | Avg_Loss_D: -1156.7204 | Avg_Loss_G: 569.8166 | Total_Iter: 3750
[1250/10001] End of Epoch | Avg_Loss_D: -1162.7023 | Avg_Loss_G: 572.7121 | Total_Iter: 3753
[1251/10001] End of Epoch | Avg_Loss_D: -1166.3130 | Avg_Loss_G: 576.0200 | Total_Iter: 3756
[1252/10001] End of Epoch | Avg_Loss_D: -1175.3388 | Avg_Loss_G: 578.8996 | Total_Iter: 3759
[1253/10001] End of Epoch | Avg_Loss_D: -1183.1899 | Avg_Loss_G: 582.0121 | Total_Iter: 3762
[1254/10001] End of Epoch | Avg_Loss_D: -1189.8434 | Avg_Loss_G: 585.2034 | Total_Iter: 3765
[1255/10001] End of Epoch | Avg_Loss_D: -1195.8204 | Avg_Loss_G: 588.0849 | Total_Iter: 3768
[1256/10001] End of Epoch | Avg_Loss_D: -1201.0832 | Avg_Loss_G: 590.9243 | Total_Iter: 3771
[1257/10001] End of Epoch | Avg_Loss_D: -1201.3963 | Avg_Loss_G: 593.7736 | Total_Iter: 3774
[1258/10001] End of Epoch | Avg_Loss_D: -1210.6113 | Avg_Loss_G: 596.6917 | Total_Iter: 3777
[1259/10001] End of Epoch | Avg_Loss_D: -1218.0047 | Avg_Loss_G: 599.6735 | Total_Iter: 3780
[1260/10001] End of Epoch | Avg_Loss_D: -1224.7331 | Avg_Loss_G: 602.7990 | Total_Iter: 3783
[1261/10001] End of Epoch | Avg_Loss_D: -1220.9717 | Avg_Loss_G: 605.4784 | Total_Iter: 3786
[1262/10001] End of Epoch | Avg_Loss_D: -1235.2997 | Avg_Loss_G: 608.3061 | Total_Iter: 3789
[1263/10001] End of Epoch | Avg_Loss_D: -1239.8630 | Avg_Loss_G: 611.1163 | Total_Iter: 3792
[1264/10001] End of Epoch | Avg_Loss_D: -1245.6779 | Avg_Loss_G: 613.8394 | Total_Iter: 3795
[1265/10001] End of Epoch | Avg_Loss_D: -1251.3462 | Avg_Loss_G: 616.5020 | Total_Iter: 3798
[1266/10001] End of Epoch | Avg_Loss_D: -1255.6290 | Avg_Loss_G: 619.1187 | Total_Iter: 3801
[1267/10001] End of Epoch | Avg_Loss_D: -1259.4421 | Avg_Loss_G: 621.5163 | Total_Iter: 3804
[1268/10001] End of Epoch | Avg_Loss_D: -1266.3277 | Avg_Loss_G: 624.0475 | Total_Iter: 3807
[1269/10001] End of Epoch | Avg_Loss_D: -1270.3883 | Avg_Loss_G: 626.4437 | Total_Iter: 3810
[1270/10001] End of Epoch | Avg_Loss_D: -1275.9245 | Avg_Loss_G: 629.0255 | Total_Iter: 3813
[1271/10001] End of Epoch | Avg_Loss_D: -1281.3191 | Avg_Loss_G: 631.4246 | Total_Iter: 3816
[1272/10001] End of Epoch | Avg_Loss_D: -1283.5445 | Avg_Loss_G: 633.7691 | Total_Iter: 3819
[1273/10001] End of Epoch | Avg_Loss_D: -1290.2436 | Avg_Loss_G: 636.2861 | Total_Iter: 3822
[1274/10001] End of Epoch | Avg_Loss_D: -1288.3720 | Avg_Loss_G: 638.4265 | Total_Iter: 3825
[1275/10001] End of Epoch | Avg_Loss_D: -1298.7755 | Avg_Loss_G: 640.9874 | Total_Iter: 3828
[1276/10001] End of Epoch | Avg_Loss_D: -1304.7681 | Avg_Loss_G: 643.3950 | Total_Iter: 3831
[1277/10001] End of Epoch | Avg_Loss_D: -1308.1430 | Avg_Loss_G: 645.5807 | Total_Iter: 3834
[1278/10001] End of Epoch | Avg_Loss_D: -1314.1123 | Avg_Loss_G: 647.9406 | Total_Iter: 3837
[1279/10001] End of Epoch | Avg_Loss_D: -1318.4335 | Avg_Loss_G: 650.2355 | Total_Iter: 3840
[1280/10001] End of Epoch | Avg_Loss_D: -1323.2787 | Avg_Loss_G: 652.5642 | Total_Iter: 3843
[1281/10001] End of Epoch | Avg_Loss_D: -1328.1662 | Avg_Loss_G: 654.9029 | Total_Iter: 3846
[1282/10001] End of Epoch | Avg_Loss_D: -1332.1684 | Avg_Loss_G: 657.0238 | Total_Iter: 3849
[1283/10001] End of Epoch | Avg_Loss_D: -1335.1062 | Avg_Loss_G: 659.3520 | Total_Iter: 3852
[1284/10001] End of Epoch | Avg_Loss_D: -1341.4859 | Avg_Loss_G: 661.7224 | Total_Iter: 3855
[1285/10001] End of Epoch | Avg_Loss_D: -1345.3997 | Avg_Loss_G: 663.9361 | Total_Iter: 3858
[1286/10001] End of Epoch | Avg_Loss_D: -1349.8446 | Avg_Loss_G: 666.1391 | Total_Iter: 3861
[1287/10001] End of Epoch | Avg_Loss_D: -1355.2020 | Avg_Loss_G: 668.2818 | Total_Iter: 3864
[1288/10001] End of Epoch | Avg_Loss_D: -1359.5592 | Avg_Loss_G: 670.4087 | Total_Iter: 3867
[1289/10001] End of Epoch | Avg_Loss_D: -1361.0418 | Avg_Loss_G: 672.7720 | Total_Iter: 3870
[1290/10001] End of Epoch | Avg_Loss_D: -1366.3161 | Avg_Loss_G: 674.9818 | Total_Iter: 3873
[1291/10001] End of Epoch | Avg_Loss_D: -1368.6122 | Avg_Loss_G: 677.1813 | Total_Iter: 3876
[1292/10001] End of Epoch | Avg_Loss_D: -1375.7975 | Avg_Loss_G: 679.3226 | Total_Iter: 3879
[1293/10001] End of Epoch | Avg_Loss_D: -1380.0248 | Avg_Loss_G: 681.5532 | Total_Iter: 3882
[1294/10001] End of Epoch | Avg_Loss_D: -1383.3387 | Avg_Loss_G: 683.5990 | Total_Iter: 3885
[1295/10001] End of Epoch | Avg_Loss_D: -1390.1808 | Avg_Loss_G: 685.7870 | Total_Iter: 3888
[1296/10001] End of Epoch | Avg_Loss_D: -1391.5476 | Avg_Loss_G: 687.9481 | Total_Iter: 3891
[1297/10001] End of Epoch | Avg_Loss_D: -1396.5256 | Avg_Loss_G: 690.1657 | Total_Iter: 3894
[1298/10001] End of Epoch | Avg_Loss_D: -1402.1290 | Avg_Loss_G: 692.2603 | Total_Iter: 3897
[1299/10001] End of Epoch | Avg_Loss_D: -1406.3636 | Avg_Loss_G: 694.3578 | Total_Iter: 3900
[1300/10001] End of Epoch | Avg_Loss_D: -1407.9890 | Avg_Loss_G: 696.5184 | Total_Iter: 3903
[1301/10001] End of Epoch | Avg_Loss_D: -1415.4757 | Avg_Loss_G: 698.6477 | Total_Iter: 3906
[1302/10001] End of Epoch | Avg_Loss_D: -1419.3035 | Avg_Loss_G: 700.7210 | Total_Iter: 3909
[1303/10001] End of Epoch | Avg_Loss_D: -1423.9090 | Avg_Loss_G: 702.8293 | Total_Iter: 3912
[1304/10001] End of Epoch | Avg_Loss_D: -1425.0277 | Avg_Loss_G: 704.7484 | Total_Iter: 3915
[1305/10001] End of Epoch | Avg_Loss_D: -1432.4208 | Avg_Loss_G: 706.9769 | Total_Iter: 3918
[1306/10001] End of Epoch | Avg_Loss_D: -1436.0666 | Avg_Loss_G: 708.9473 | Total_Iter: 3921
[1307/10001] End of Epoch | Avg_Loss_D: -1438.6407 | Avg_Loss_G: 711.0070 | Total_Iter: 3924
[1308/10001] End of Epoch | Avg_Loss_D: -1445.1400 | Avg_Loss_G: 713.1639 | Total_Iter: 3927
[1309/10001] End of Epoch | Avg_Loss_D: -1447.8535 | Avg_Loss_G: 715.2406 | Total_Iter: 3930
[1310/10001] End of Epoch | Avg_Loss_D: -1452.7733 | Avg_Loss_G: 717.4015 | Total_Iter: 3933
[1311/10001] End of Epoch | Avg_Loss_D: -1456.7320 | Avg_Loss_G: 719.5101 | Total_Iter: 3936
[1312/10001] End of Epoch | Avg_Loss_D: -1460.6101 | Avg_Loss_G: 721.5085 | Total_Iter: 3939
[1313/10001] End of Epoch | Avg_Loss_D: -1466.1483 | Avg_Loss_G: 723.7507 | Total_Iter: 3942
[1314/10001] End of Epoch | Avg_Loss_D: -1469.1770 | Avg_Loss_G: 725.7907 | Total_Iter: 3945
[1315/10001] End of Epoch | Avg_Loss_D: -1472.8149 | Avg_Loss_G: 727.7360 | Total_Iter: 3948
[1316/10001] End of Epoch | Avg_Loss_D: -1476.4399 | Avg_Loss_G: 729.7626 | Total_Iter: 3951
[1317/10001] End of Epoch | Avg_Loss_D: -1482.0442 | Avg_Loss_G: 731.9093 | Total_Iter: 3954
[1318/10001] End of Epoch | Avg_Loss_D: -1486.5077 | Avg_Loss_G: 733.8542 | Total_Iter: 3957
[1319/10001] End of Epoch | Avg_Loss_D: -1489.3764 | Avg_Loss_G: 735.9203 | Total_Iter: 3960
[1320/10001] End of Epoch | Avg_Loss_D: -1493.7263 | Avg_Loss_G: 737.8893 | Total_Iter: 3963
[1321/10001] End of Epoch | Avg_Loss_D: -1497.7245 | Avg_Loss_G: 740.1056 | Total_Iter: 3966
[1322/10001] End of Epoch | Avg_Loss_D: -1502.9526 | Avg_Loss_G: 741.9990 | Total_Iter: 3969
[1323/10001] End of Epoch | Avg_Loss_D: -1505.1995 | Avg_Loss_G: 744.0215 | Total_Iter: 3972
[1324/10001] End of Epoch | Avg_Loss_D: -1508.5768 | Avg_Loss_G: 745.9848 | Total_Iter: 3975
[1325/10001] End of Epoch | Avg_Loss_D: -1514.4286 | Avg_Loss_G: 748.1343 | Total_Iter: 3978
[1326/10001] End of Epoch | Avg_Loss_D: -1518.1640 | Avg_Loss_G: 750.1101 | Total_Iter: 3981
[1327/10001] End of Epoch | Avg_Loss_D: -1523.1383 | Avg_Loss_G: 752.1609 | Total_Iter: 3984
[1328/10001] End of Epoch | Avg_Loss_D: -1525.5137 | Avg_Loss_G: 754.1847 | Total_Iter: 3987
[1329/10001] End of Epoch | Avg_Loss_D: -1528.9182 | Avg_Loss_G: 756.1101 | Total_Iter: 3990
[1330/10001] End of Epoch | Avg_Loss_D: -1533.7184 | Avg_Loss_G: 758.1984 | Total_Iter: 3993
[1331/10001] End of Epoch | Avg_Loss_D: -1499.6197 | Avg_Loss_G: 757.2772 | Total_Iter: 3996
[1332/10001] End of Epoch | Avg_Loss_D: -1536.3474 | Avg_Loss_G: 760.8932 | Total_Iter: 3999
[1333/10001] End of Epoch | Avg_Loss_D: -1542.0808 | Avg_Loss_G: 763.0253 | Total_Iter: 4002
[1334/10001] End of Epoch | Avg_Loss_D: -1547.9592 | Avg_Loss_G: 765.5334 | Total_Iter: 4005
[1335/10001] End of Epoch | Avg_Loss_D: -1553.8515 | Avg_Loss_G: 767.7417 | Total_Iter: 4008
[1336/10001] End of Epoch | Avg_Loss_D: -1556.0837 | Avg_Loss_G: 769.5582 | Total_Iter: 4011
[1337/10001] End of Epoch | Avg_Loss_D: -1558.8924 | Avg_Loss_G: 771.7809 | Total_Iter: 4014
[1338/10001] End of Epoch | Avg_Loss_D: -1565.0511 | Avg_Loss_G: 773.8647 | Total_Iter: 4017
[1339/10001] End of Epoch | Avg_Loss_D: -1570.5662 | Avg_Loss_G: 775.8290 | Total_Iter: 4020
[1340/10001] End of Epoch | Avg_Loss_D: -1573.5939 | Avg_Loss_G: 777.8920 | Total_Iter: 4023
[1341/10001] End of Epoch | Avg_Loss_D: -1577.4661 | Avg_Loss_G: 779.8813 | Total_Iter: 4026
[1342/10001] End of Epoch | Avg_Loss_D: -1580.6789 | Avg_Loss_G: 781.6344 | Total_Iter: 4029
[1343/10001] End of Epoch | Avg_Loss_D: -1586.0490 | Avg_Loss_G: 783.8582 | Total_Iter: 4032
[1344/10001] End of Epoch | Avg_Loss_D: -1590.0188 | Avg_Loss_G: 785.9499 | Total_Iter: 4035
[1345/10001] End of Epoch | Avg_Loss_D: -1594.7977 | Avg_Loss_G: 787.8763 | Total_Iter: 4038
[1346/10001] End of Epoch | Avg_Loss_D: -1587.2169 | Avg_Loss_G: 789.2582 | Total_Iter: 4041
[1347/10001] End of Epoch | Avg_Loss_D: -1601.7855 | Avg_Loss_G: 791.6141 | Total_Iter: 4044
[1348/10001] End of Epoch | Avg_Loss_D: -1605.4492 | Avg_Loss_G: 793.8174 | Total_Iter: 4047
[1349/10001] End of Epoch | Avg_Loss_D: -1610.5512 | Avg_Loss_G: 795.8421 | Total_Iter: 4050
[1350/10001] End of Epoch | Avg_Loss_D: -1614.0977 | Avg_Loss_G: 797.8618 | Total_Iter: 4053
[1351/10001] End of Epoch | Avg_Loss_D: -1616.0672 | Avg_Loss_G: 799.8359 | Total_Iter: 4056
[1352/10001] End of Epoch | Avg_Loss_D: -1622.4206 | Avg_Loss_G: 801.8944 | Total_Iter: 4059
[1353/10001] End of Epoch | Avg_Loss_D: -1624.7208 | Avg_Loss_G: 803.8955 | Total_Iter: 4062
[1354/10001] End of Epoch | Avg_Loss_D: -1629.2875 | Avg_Loss_G: 805.8327 | Total_Iter: 4065
[1355/10001] End of Epoch | Avg_Loss_D: -1632.0843 | Avg_Loss_G: 807.5717 | Total_Iter: 4068
[1356/10001] End of Epoch | Avg_Loss_D: -1636.7080 | Avg_Loss_G: 809.6949 | Total_Iter: 4071
[1357/10001] End of Epoch | Avg_Loss_D: -1642.2189 | Avg_Loss_G: 811.7245 | Total_Iter: 4074
[1358/10001] End of Epoch | Avg_Loss_D: -1645.9622 | Avg_Loss_G: 813.7990 | Total_Iter: 4077
[1359/10001] End of Epoch | Avg_Loss_D: -1635.7042 | Avg_Loss_G: 813.8756 | Total_Iter: 4080
[1360/10001] End of Epoch | Avg_Loss_D: -1652.9070 | Avg_Loss_G: 817.5325 | Total_Iter: 4083
[1361/10001] End of Epoch | Avg_Loss_D: -1657.3789 | Avg_Loss_G: 819.5785 | Total_Iter: 4086
[1362/10001] End of Epoch | Avg_Loss_D: -1349.8915 | Avg_Loss_G: 806.2060 | Total_Iter: 4089
[1363/10001] End of Epoch | Avg_Loss_D: -1603.0110 | Avg_Loss_G: 816.7941 | Total_Iter: 4092
[1364/10001] End of Epoch | Avg_Loss_D: -1650.9094 | Avg_Loss_G: 820.6896 | Total_Iter: 4095
[1365/10001] End of Epoch | Avg_Loss_D: -1659.1071 | Avg_Loss_G: 822.8390 | Total_Iter: 4098
[1366/10001] End of Epoch | Avg_Loss_D: -1660.9965 | Avg_Loss_G: 825.1275 | Total_Iter: 4101
[1367/10001] End of Epoch | Avg_Loss_D: -1632.2103 | Avg_Loss_G: 826.4409 | Total_Iter: 4104
[1368/10001] End of Epoch | Avg_Loss_D: -696.2500 | Avg_Loss_G: 809.0465 | Total_Iter: 4107
[1369/10001] End of Epoch | Avg_Loss_D: -1072.3426 | Avg_Loss_G: 813.8518 | Total_Iter: 4110
[1370/10001] End of Epoch | Avg_Loss_D: -1571.9946 | Avg_Loss_G: 823.8788 | Total_Iter: 4113
[1371/10001] End of Epoch | Avg_Loss_D: -1637.9121 | Avg_Loss_G: 827.7875 | Total_Iter: 4116
[1372/10001] End of Epoch | Avg_Loss_D: -1667.1090 | Avg_Loss_G: 830.2034 | Total_Iter: 4119
[1373/10001] End of Epoch | Avg_Loss_D: -1456.0901 | Avg_Loss_G: 829.7133 | Total_Iter: 4122
[1374/10001] End of Epoch | Avg_Loss_D: -1669.9430 | Avg_Loss_G: 833.3277 | Total_Iter: 4125
[1375/10001] End of Epoch | Avg_Loss_D: -1678.2984 | Avg_Loss_G: 836.1206 | Total_Iter: 4128
[1376/10001] End of Epoch | Avg_Loss_D: -1532.8796 | Avg_Loss_G: 836.1920 | Total_Iter: 4131
[1377/10001] End of Epoch | Avg_Loss_D: -949.8028 | Avg_Loss_G: 819.6482 | Total_Iter: 4134
[1378/10001] End of Epoch | Avg_Loss_D: -1662.7031 | Avg_Loss_G: 837.5487 | Total_Iter: 4137
[1379/10001] End of Epoch | Avg_Loss_D: -1684.2301 | Avg_Loss_G: 840.6632 | Total_Iter: 4140
[1380/10001] End of Epoch | Avg_Loss_D: -1698.8461 | Avg_Loss_G: 843.0424 | Total_Iter: 4143
[1381/10001] End of Epoch | Avg_Loss_D: -1686.2420 | Avg_Loss_G: 845.1642 | Total_Iter: 4146
[1382/10001] End of Epoch | Avg_Loss_D: -1701.6559 | Avg_Loss_G: 847.3311 | Total_Iter: 4149
[1383/10001] End of Epoch | Avg_Loss_D: -1715.7220 | Avg_Loss_G: 849.6454 | Total_Iter: 4152
[1384/10001] End of Epoch | Avg_Loss_D: -1719.0197 | Avg_Loss_G: 851.8133 | Total_Iter: 4155
[1385/10001] End of Epoch | Avg_Loss_D: -1720.5150 | Avg_Loss_G: 853.3372 | Total_Iter: 4158
[1386/10001] End of Epoch | Avg_Loss_D: -1687.5952 | Avg_Loss_G: 855.5865 | Total_Iter: 4161
[1387/10001] End of Epoch | Avg_Loss_D: -1727.9622 | Avg_Loss_G: 857.6640 | Total_Iter: 4164
[1388/10001] End of Epoch | Avg_Loss_D: -1738.4938 | Avg_Loss_G: 860.1635 | Total_Iter: 4167
[1389/10001] End of Epoch | Avg_Loss_D: -1731.2129 | Avg_Loss_G: 861.7686 | Total_Iter: 4170
[1390/10001] End of Epoch | Avg_Loss_D: -1743.7160 | Avg_Loss_G: 864.2476 | Total_Iter: 4173
[1391/10001] End of Epoch | Avg_Loss_D: -1729.8847 | Avg_Loss_G: 865.3957 | Total_Iter: 4176
[1392/10001] End of Epoch | Avg_Loss_D: -1751.1215 | Avg_Loss_G: 867.3602 | Total_Iter: 4179
[1393/10001] End of Epoch | Avg_Loss_D: -1746.3221 | Avg_Loss_G: 870.5420 | Total_Iter: 4182
[1394/10001] End of Epoch | Avg_Loss_D: -1763.8069 | Avg_Loss_G: 872.3240 | Total_Iter: 4185
[1395/10001] End of Epoch | Avg_Loss_D: -1764.4780 | Avg_Loss_G: 874.1408 | Total_Iter: 4188
[1396/10001] End of Epoch | Avg_Loss_D: -1770.0421 | Avg_Loss_G: 876.4417 | Total_Iter: 4191
[1397/10001] End of Epoch | Avg_Loss_D: -1768.8357 | Avg_Loss_G: 878.2517 | Total_Iter: 4194
[1398/10001] End of Epoch | Avg_Loss_D: -1777.3476 | Avg_Loss_G: 880.5718 | Total_Iter: 4197
[1399/10001] End of Epoch | Avg_Loss_D: -1784.4565 | Avg_Loss_G: 882.5347 | Total_Iter: 4200
[1400/10001] End of Epoch | Avg_Loss_D: -1789.2767 | Avg_Loss_G: 884.4434 | Total_Iter: 4203
[1401/10001] End of Epoch | Avg_Loss_D: -1790.0743 | Avg_Loss_G: 886.4443 | Total_Iter: 4206
[1402/10001] End of Epoch | Avg_Loss_D: -1794.7473 | Avg_Loss_G: 888.6380 | Total_Iter: 4209
[1403/10001] End of Epoch | Avg_Loss_D: -1799.6326 | Avg_Loss_G: 890.5971 | Total_Iter: 4212
[1404/10001] End of Epoch | Avg_Loss_D: -1799.8607 | Avg_Loss_G: 892.2556 | Total_Iter: 4215
[1405/10001] End of Epoch | Avg_Loss_D: -1808.1474 | Avg_Loss_G: 894.2218 | Total_Iter: 4218
[1406/10001] End of Epoch | Avg_Loss_D: -1813.4087 | Avg_Loss_G: 896.3945 | Total_Iter: 4221
[1407/10001] End of Epoch | Avg_Loss_D: -1806.1448 | Avg_Loss_G: 897.2530 | Total_Iter: 4224
[1408/10001] End of Epoch | Avg_Loss_D: -1810.9237 | Avg_Loss_G: 899.1804 | Total_Iter: 4227
[1409/10001] End of Epoch | Avg_Loss_D: -1819.1408 | Avg_Loss_G: 901.4314 | Total_Iter: 4230
[1410/10001] End of Epoch | Avg_Loss_D: -1827.8979 | Avg_Loss_G: 903.6380 | Total_Iter: 4233
[1411/10001] End of Epoch | Avg_Loss_D: -1833.2286 | Avg_Loss_G: 905.9824 | Total_Iter: 4236
[1412/10001] End of Epoch | Avg_Loss_D: -1835.9709 | Avg_Loss_G: 907.9352 | Total_Iter: 4239
[1413/10001] End of Epoch | Avg_Loss_D: -1833.4769 | Avg_Loss_G: 910.0324 | Total_Iter: 4242
[1414/10001] End of Epoch | Avg_Loss_D: -1841.2358 | Avg_Loss_G: 911.5978 | Total_Iter: 4245
[1415/10001] End of Epoch | Avg_Loss_D: -1845.5036 | Avg_Loss_G: 914.0534 | Total_Iter: 4248
[1416/10001] End of Epoch | Avg_Loss_D: -1849.3870 | Avg_Loss_G: 915.9402 | Total_Iter: 4251
[1417/10001] End of Epoch | Avg_Loss_D: -1853.5430 | Avg_Loss_G: 917.8803 | Total_Iter: 4254
[1418/10001] End of Epoch | Avg_Loss_D: -1858.5692 | Avg_Loss_G: 919.7973 | Total_Iter: 4257
[1419/10001] End of Epoch | Avg_Loss_D: -1864.0375 | Avg_Loss_G: 921.9671 | Total_Iter: 4260
[1420/10001] End of Epoch | Avg_Loss_D: -1866.1153 | Avg_Loss_G: 923.6646 | Total_Iter: 4263
[1421/10001] End of Epoch | Avg_Loss_D: -1873.2870 | Avg_Loss_G: 925.4519 | Total_Iter: 4266
[1422/10001] End of Epoch | Avg_Loss_D: -1868.3004 | Avg_Loss_G: 927.6707 | Total_Iter: 4269
[1423/10001] End of Epoch | Avg_Loss_D: -1880.3382 | Avg_Loss_G: 929.6505 | Total_Iter: 4272
[1424/10001] End of Epoch | Avg_Loss_D: -1882.3674 | Avg_Loss_G: 931.8033 | Total_Iter: 4275
[1425/10001] End of Epoch | Avg_Loss_D: -1887.9050 | Avg_Loss_G: 933.8190 | Total_Iter: 4278
[1426/10001] End of Epoch | Avg_Loss_D: -1893.9481 | Avg_Loss_G: 935.2936 | Total_Iter: 4281
[1427/10001] End of Epoch | Avg_Loss_D: -1897.3433 | Avg_Loss_G: 937.7907 | Total_Iter: 4284
[1428/10001] End of Epoch | Avg_Loss_D: -1899.3600 | Avg_Loss_G: 939.7709 | Total_Iter: 4287
[1429/10001] End of Epoch | Avg_Loss_D: -1905.1843 | Avg_Loss_G: 941.6752 | Total_Iter: 4290
[1430/10001] End of Epoch | Avg_Loss_D: -1909.0296 | Avg_Loss_G: 943.6075 | Total_Iter: 4293
[1431/10001] End of Epoch | Avg_Loss_D: -1913.9403 | Avg_Loss_G: 945.6811 | Total_Iter: 4296
[1432/10001] End of Epoch | Avg_Loss_D: -1916.9318 | Avg_Loss_G: 947.4906 | Total_Iter: 4299
[1433/10001] End of Epoch | Avg_Loss_D: -1917.7510 | Avg_Loss_G: 949.4637 | Total_Iter: 4302
[1434/10001] End of Epoch | Avg_Loss_D: -1920.4169 | Avg_Loss_G: 951.1413 | Total_Iter: 4305
[1435/10001] End of Epoch | Avg_Loss_D: -1929.3883 | Avg_Loss_G: 953.0712 | Total_Iter: 4308
[1436/10001] End of Epoch | Avg_Loss_D: -1933.8199 | Avg_Loss_G: 955.4798 | Total_Iter: 4311
[1437/10001] End of Epoch | Avg_Loss_D: -1936.3791 | Avg_Loss_G: 957.6922 | Total_Iter: 4314
[1438/10001] End of Epoch | Avg_Loss_D: -1938.5927 | Avg_Loss_G: 959.4085 | Total_Iter: 4317
[1439/10001] End of Epoch | Avg_Loss_D: -1944.6661 | Avg_Loss_G: 961.5871 | Total_Iter: 4320
[1440/10001] End of Epoch | Avg_Loss_D: -1949.7311 | Avg_Loss_G: 963.4213 | Total_Iter: 4323
[1441/10001] End of Epoch | Avg_Loss_D: -1953.6415 | Avg_Loss_G: 965.6875 | Total_Iter: 4326
[1442/10001] End of Epoch | Avg_Loss_D: -1957.9404 | Avg_Loss_G: 967.5320 | Total_Iter: 4329
[1443/10001] End of Epoch | Avg_Loss_D: -1960.0075 | Avg_Loss_G: 969.6232 | Total_Iter: 4332
[1444/10001] End of Epoch | Avg_Loss_D: -1964.7384 | Avg_Loss_G: 971.6928 | Total_Iter: 4335
[1445/10001] End of Epoch | Avg_Loss_D: -1970.0154 | Avg_Loss_G: 973.6257 | Total_Iter: 4338
[1446/10001] End of Epoch | Avg_Loss_D: -1971.9053 | Avg_Loss_G: 975.9695 | Total_Iter: 4341
[1447/10001] End of Epoch | Avg_Loss_D: -1978.8907 | Avg_Loss_G: 977.8733 | Total_Iter: 4344
[1448/10001] End of Epoch | Avg_Loss_D: -1982.8588 | Avg_Loss_G: 980.0671 | Total_Iter: 4347
[1449/10001] End of Epoch | Avg_Loss_D: -1987.3086 | Avg_Loss_G: 981.8825 | Total_Iter: 4350
[1450/10001] End of Epoch | Avg_Loss_D: -1981.8408 | Avg_Loss_G: 984.0162 | Total_Iter: 4353
[1451/10001] End of Epoch | Avg_Loss_D: -1991.9221 | Avg_Loss_G: 985.9562 | Total_Iter: 4356
[1452/10001] End of Epoch | Avg_Loss_D: -1998.3538 | Avg_Loss_G: 988.1368 | Total_Iter: 4359
[1453/10001] End of Epoch | Avg_Loss_D: -2003.2169 | Avg_Loss_G: 990.0997 | Total_Iter: 4362
[1454/10001] End of Epoch | Avg_Loss_D: -2002.4188 | Avg_Loss_G: 991.6799 | Total_Iter: 4365
[1455/10001] End of Epoch | Avg_Loss_D: -2008.9070 | Avg_Loss_G: 993.9898 | Total_Iter: 4368
[1456/10001] End of Epoch | Avg_Loss_D: -2015.1350 | Avg_Loss_G: 996.3067 | Total_Iter: 4371
[1457/10001] End of Epoch | Avg_Loss_D: -2018.7495 | Avg_Loss_G: 998.4690 | Total_Iter: 4374
[1458/10001] End of Epoch | Avg_Loss_D: -2022.2312 | Avg_Loss_G: 1000.5032 | Total_Iter: 4377
[1459/10001] End of Epoch | Avg_Loss_D: -2026.7262 | Avg_Loss_G: 1002.4363 | Total_Iter: 4380
[1460/10001] End of Epoch | Avg_Loss_D: -2030.3893 | Avg_Loss_G: 1004.6055 | Total_Iter: 4383
[1461/10001] End of Epoch | Avg_Loss_D: -1714.5570 | Avg_Loss_G: 996.1156 | Total_Iter: 4386
[1462/10001] End of Epoch | Avg_Loss_D: -2020.7648 | Avg_Loss_G: 1003.7901 | Total_Iter: 4389
[1463/10001] End of Epoch | Avg_Loss_D: -2031.2313 | Avg_Loss_G: 1007.4794 | Total_Iter: 4392
[1464/10001] End of Epoch | Avg_Loss_D: -2040.1262 | Avg_Loss_G: 1009.7467 | Total_Iter: 4395
[1465/10001] End of Epoch | Avg_Loss_D: -2043.0470 | Avg_Loss_G: 1012.8152 | Total_Iter: 4398
[1466/10001] End of Epoch | Avg_Loss_D: -2052.2898 | Avg_Loss_G: 1015.0793 | Total_Iter: 4401
[1467/10001] End of Epoch | Avg_Loss_D: -2054.6566 | Avg_Loss_G: 1016.9881 | Total_Iter: 4404
[1468/10001] End of Epoch | Avg_Loss_D: -2056.8976 | Avg_Loss_G: 1017.3580 | Total_Iter: 4407
[1469/10001] End of Epoch | Avg_Loss_D: -2063.2023 | Avg_Loss_G: 1021.0126 | Total_Iter: 4410
[1470/10001] End of Epoch | Avg_Loss_D: -2068.5460 | Avg_Loss_G: 1023.6189 | Total_Iter: 4413
[1471/10001] End of Epoch | Avg_Loss_D: -2074.5426 | Avg_Loss_G: 1025.7867 | Total_Iter: 4416
[1472/10001] End of Epoch | Avg_Loss_D: -2072.6737 | Avg_Loss_G: 1028.0870 | Total_Iter: 4419
[1473/10001] End of Epoch | Avg_Loss_D: -2081.1497 | Avg_Loss_G: 1029.8518 | Total_Iter: 4422
[1474/10001] End of Epoch | Avg_Loss_D: -2085.5339 | Avg_Loss_G: 1032.0983 | Total_Iter: 4425
[1475/10001] End of Epoch | Avg_Loss_D: -2090.8027 | Avg_Loss_G: 1034.2622 | Total_Iter: 4428
[1476/10001] End of Epoch | Avg_Loss_D: -2094.6219 | Avg_Loss_G: 1036.2192 | Total_Iter: 4431
[1477/10001] End of Epoch | Avg_Loss_D: -2083.8397 | Avg_Loss_G: 1038.0377 | Total_Iter: 4434
[1478/10001] End of Epoch | Avg_Loss_D: -2103.6978 | Avg_Loss_G: 1040.1605 | Total_Iter: 4437
[1479/10001] End of Epoch | Avg_Loss_D: -2107.2547 | Avg_Loss_G: 1042.4020 | Total_Iter: 4440
[1480/10001] End of Epoch | Avg_Loss_D: -2112.3360 | Avg_Loss_G: 1044.5483 | Total_Iter: 4443
[1481/10001] End of Epoch | Avg_Loss_D: -2114.0139 | Avg_Loss_G: 1046.5211 | Total_Iter: 4446
[1482/10001] End of Epoch | Avg_Loss_D: -2119.3242 | Avg_Loss_G: 1048.6943 | Total_Iter: 4449
[1483/10001] End of Epoch | Avg_Loss_D: -2124.8946 | Avg_Loss_G: 1050.7082 | Total_Iter: 4452
[1484/10001] End of Epoch | Avg_Loss_D: -2127.6852 | Avg_Loss_G: 1053.0142 | Total_Iter: 4455
[1485/10001] End of Epoch | Avg_Loss_D: -2129.5391 | Avg_Loss_G: 1054.8757 | Total_Iter: 4458
[1486/10001] End of Epoch | Avg_Loss_D: -2136.8777 | Avg_Loss_G: 1056.8565 | Total_Iter: 4461
[1487/10001] End of Epoch | Avg_Loss_D: -2141.8046 | Avg_Loss_G: 1059.1116 | Total_Iter: 4464
[1488/10001] End of Epoch | Avg_Loss_D: -2145.6599 | Avg_Loss_G: 1061.0544 | Total_Iter: 4467
[1489/10001] End of Epoch | Avg_Loss_D: -2148.5183 | Avg_Loss_G: 1063.1690 | Total_Iter: 4470
[1490/10001] End of Epoch | Avg_Loss_D: -2153.7401 | Avg_Loss_G: 1065.2169 | Total_Iter: 4473
[1491/10001] End of Epoch | Avg_Loss_D: -2157.5520 | Avg_Loss_G: 1067.2343 | Total_Iter: 4476
[1492/10001] End of Epoch | Avg_Loss_D: -2160.3099 | Avg_Loss_G: 1068.6897 | Total_Iter: 4479
[1493/10001] End of Epoch | Avg_Loss_D: -2165.2108 | Avg_Loss_G: 1071.1357 | Total_Iter: 4482
[1494/10001] End of Epoch | Avg_Loss_D: -2168.7544 | Avg_Loss_G: 1073.1446 | Total_Iter: 4485
[1495/10001] End of Epoch | Avg_Loss_D: -2172.3103 | Avg_Loss_G: 1075.2698 | Total_Iter: 4488
[1496/10001] End of Epoch | Avg_Loss_D: -2172.8590 | Avg_Loss_G: 1076.6794 | Total_Iter: 4491
[1497/10001] End of Epoch | Avg_Loss_D: -2163.0607 | Avg_Loss_G: 1078.5177 | Total_Iter: 4494
[1498/10001] End of Epoch | Avg_Loss_D: -2182.5379 | Avg_Loss_G: 1081.1382 | Total_Iter: 4497
[1499/10001] End of Epoch | Avg_Loss_D: -2190.5953 | Avg_Loss_G: 1083.5997 | Total_Iter: 4500
[1500/10001] End of Epoch | Avg_Loss_D: -2192.8933 | Avg_Loss_G: 1085.5824 | Total_Iter: 4503
[1501/10001] End of Epoch | Avg_Loss_D: -2198.0686 | Avg_Loss_G: 1087.5170 | Total_Iter: 4506
[1502/10001] End of Epoch | Avg_Loss_D: -2198.2080 | Avg_Loss_G: 1089.2209 | Total_Iter: 4509
[1503/10001] End of Epoch | Avg_Loss_D: -2206.0211 | Avg_Loss_G: 1091.5590 | Total_Iter: 4512
[1504/10001] End of Epoch | Avg_Loss_D: -2207.2077 | Avg_Loss_G: 1092.6877 | Total_Iter: 4515
[1505/10001] End of Epoch | Avg_Loss_D: -2214.4310 | Avg_Loss_G: 1095.8046 | Total_Iter: 4518
[1506/10001] End of Epoch | Avg_Loss_D: -2216.1896 | Avg_Loss_G: 1097.5899 | Total_Iter: 4521
[1507/10001] End of Epoch | Avg_Loss_D: -2221.9932 | Avg_Loss_G: 1099.8493 | Total_Iter: 4524
[1508/10001] End of Epoch | Avg_Loss_D: -2227.1125 | Avg_Loss_G: 1101.7973 | Total_Iter: 4527
[1509/10001] End of Epoch | Avg_Loss_D: 21.2021 | Avg_Loss_G: 1040.2431 | Total_Iter: 4530
[1510/10001] End of Epoch | Avg_Loss_D: -50.1867 | Avg_Loss_G: 1044.5548 | Total_Iter: 4533
[1511/10001] End of Epoch | Avg_Loss_D: 3.4353 | Avg_Loss_G: 1038.8778 | Total_Iter: 4536
[1512/10001] End of Epoch | Avg_Loss_D: -0.2721 | Avg_Loss_G: 1057.1828 | Total_Iter: 4539
[1513/10001] End of Epoch | Avg_Loss_D: -2.7283 | Avg_Loss_G: 1055.3408 | Total_Iter: 4542
[1514/10001] End of Epoch | Avg_Loss_D: -9.6278 | Avg_Loss_G: 1061.6494 | Total_Iter: 4545
[1515/10001] End of Epoch | Avg_Loss_D: -0.5795 | Avg_Loss_G: 1062.4150 | Total_Iter: 4548
[1516/10001] End of Epoch | Avg_Loss_D: -10.1962 | Avg_Loss_G: 1062.3531 | Total_Iter: 4551
[1517/10001] End of Epoch | Avg_Loss_D: 0.8696 | Avg_Loss_G: 1062.5391 | Total_Iter: 4554
[1518/10001] End of Epoch | Avg_Loss_D: -4.3404 | Avg_Loss_G: 1070.1746 | Total_Iter: 4557
[1519/10001] End of Epoch | Avg_Loss_D: -4.3455 | Avg_Loss_G: 1069.2314 | Total_Iter: 4560
[1520/10001] End of Epoch | Avg_Loss_D: -1.1693 | Avg_Loss_G: 1064.8230 | Total_Iter: 4563
[1521/10001] End of Epoch | Avg_Loss_D: 2.0758 | Avg_Loss_G: 1070.7553 | Total_Iter: 4566
[1522/10001] End of Epoch | Avg_Loss_D: -6.3811 | Avg_Loss_G: 1068.0914 | Total_Iter: 4569
[1523/10001] End of Epoch | Avg_Loss_D: 3.3508 | Avg_Loss_G: 1067.1978 | Total_Iter: 4572
[1524/10001] End of Epoch | Avg_Loss_D: -1.1836 | Avg_Loss_G: 1071.2803 | Total_Iter: 4575
[1525/10001] End of Epoch | Avg_Loss_D: -4.0064 | Avg_Loss_G: 1068.5216 | Total_Iter: 4578
[1526/10001] End of Epoch | Avg_Loss_D: -12.6621 | Avg_Loss_G: 1066.1207 | Total_Iter: 4581
[1527/10001] End of Epoch | Avg_Loss_D: -6.3837 | Avg_Loss_G: 1067.7147 | Total_Iter: 4584
[1528/10001] End of Epoch | Avg_Loss_D: -3.4586 | Avg_Loss_G: 1067.5555 | Total_Iter: 4587
[1529/10001] End of Epoch | Avg_Loss_D: -9.2420 | Avg_Loss_G: 1062.2450 | Total_Iter: 4590
[1530/10001] End of Epoch | Avg_Loss_D: -3.2918 | Avg_Loss_G: 1066.8886 | Total_Iter: 4593
[1531/10001] End of Epoch | Avg_Loss_D: -0.8810 | Avg_Loss_G: 1066.2973 | Total_Iter: 4596
[1532/10001] End of Epoch | Avg_Loss_D: -7.6135 | Avg_Loss_G: 1065.0907 | Total_Iter: 4599
[1533/10001] End of Epoch | Avg_Loss_D: -1.0654 | Avg_Loss_G: 1067.5624 | Total_Iter: 4602
[1534/10001] End of Epoch | Avg_Loss_D: -6.7073 | Avg_Loss_G: 1065.8426 | Total_Iter: 4605
[1535/10001] End of Epoch | Avg_Loss_D: -7.1442 | Avg_Loss_G: 1068.0632 | Total_Iter: 4608
[1536/10001] End of Epoch | Avg_Loss_D: -7.5453 | Avg_Loss_G: 1066.7994 | Total_Iter: 4611
[1537/10001] End of Epoch | Avg_Loss_D: -4.0233 | Avg_Loss_G: 1067.5692 | Total_Iter: 4614
[1538/10001] End of Epoch | Avg_Loss_D: -6.3514 | Avg_Loss_G: 1066.3131 | Total_Iter: 4617
[1539/10001] End of Epoch | Avg_Loss_D: -3.6869 | Avg_Loss_G: 1068.0385 | Total_Iter: 4620
[1540/10001] End of Epoch | Avg_Loss_D: -7.5636 | Avg_Loss_G: 1066.2053 | Total_Iter: 4623
[1541/10001] End of Epoch | Avg_Loss_D: -8.5625 | Avg_Loss_G: 1066.6219 | Total_Iter: 4626
[1542/10001] End of Epoch | Avg_Loss_D: -8.4629 | Avg_Loss_G: 1067.1759 | Total_Iter: 4629
[1543/10001] End of Epoch | Avg_Loss_D: -10.1825 | Avg_Loss_G: 1066.8386 | Total_Iter: 4632
[1544/10001] End of Epoch | Avg_Loss_D: -8.7015 | Avg_Loss_G: 1065.7268 | Total_Iter: 4635
[1545/10001] End of Epoch | Avg_Loss_D: -8.3079 | Avg_Loss_G: 1066.7973 | Total_Iter: 4638
[1546/10001] End of Epoch | Avg_Loss_D: -10.6010 | Avg_Loss_G: 1066.1197 | Total_Iter: 4641
[1547/10001] End of Epoch | Avg_Loss_D: -13.1778 | Avg_Loss_G: 1063.5886 | Total_Iter: 4644
[1548/10001] End of Epoch | Avg_Loss_D: -10.0919 | Avg_Loss_G: 1065.4174 | Total_Iter: 4647
[1549/10001] End of Epoch | Avg_Loss_D: -12.7114 | Avg_Loss_G: 1058.3998 | Total_Iter: 4650
[1550/10001] End of Epoch | Avg_Loss_D: -11.1875 | Avg_Loss_G: 1063.7518 | Total_Iter: 4653
[1551/10001] End of Epoch | Avg_Loss_D: -6.8139 | Avg_Loss_G: 1062.0532 | Total_Iter: 4656
[1552/10001] End of Epoch | Avg_Loss_D: -13.6658 | Avg_Loss_G: 1062.8590 | Total_Iter: 4659
[1553/10001] End of Epoch | Avg_Loss_D: -10.6047 | Avg_Loss_G: 1055.9460 | Total_Iter: 4662
[1554/10001] End of Epoch | Avg_Loss_D: -14.4691 | Avg_Loss_G: 1053.3402 | Total_Iter: 4665
[1555/10001] End of Epoch | Avg_Loss_D: -9.5581 | Avg_Loss_G: 1057.0135 | Total_Iter: 4668
[1556/10001] End of Epoch | Avg_Loss_D: -8.4323 | Avg_Loss_G: 1058.1423 | Total_Iter: 4671
[1557/10001] End of Epoch | Avg_Loss_D: -13.1829 | Avg_Loss_G: 1058.5623 | Total_Iter: 4674
[1558/10001] End of Epoch | Avg_Loss_D: -12.7599 | Avg_Loss_G: 1062.4315 | Total_Iter: 4677
[1559/10001] End of Epoch | Avg_Loss_D: -10.2783 | Avg_Loss_G: 1058.0674 | Total_Iter: 4680
[1560/10001] End of Epoch | Avg_Loss_D: -11.4273 | Avg_Loss_G: 1056.0282 | Total_Iter: 4683
[1561/10001] End of Epoch | Avg_Loss_D: -16.0013 | Avg_Loss_G: 1056.4013 | Total_Iter: 4686
[1562/10001] End of Epoch | Avg_Loss_D: -17.7613 | Avg_Loss_G: 1053.7384 | Total_Iter: 4689
[1563/10001] End of Epoch | Avg_Loss_D: -16.3707 | Avg_Loss_G: 1058.0231 | Total_Iter: 4692
[1564/10001] End of Epoch | Avg_Loss_D: -11.7282 | Avg_Loss_G: 1053.1726 | Total_Iter: 4695
[1565/10001] End of Epoch | Avg_Loss_D: -13.2771 | Avg_Loss_G: 1053.9986 | Total_Iter: 4698
[1566/10001] End of Epoch | Avg_Loss_D: -14.9668 | Avg_Loss_G: 1047.1108 | Total_Iter: 4701
[1567/10001] End of Epoch | Avg_Loss_D: -20.2178 | Avg_Loss_G: 1047.2640 | Total_Iter: 4704
[1568/10001] End of Epoch | Avg_Loss_D: -17.4621 | Avg_Loss_G: 1046.2871 | Total_Iter: 4707
[1569/10001] End of Epoch | Avg_Loss_D: -16.9791 | Avg_Loss_G: 1051.2974 | Total_Iter: 4710
[1570/10001] End of Epoch | Avg_Loss_D: -12.6571 | Avg_Loss_G: 1046.7378 | Total_Iter: 4713
[1571/10001] End of Epoch | Avg_Loss_D: -16.1699 | Avg_Loss_G: 1052.3054 | Total_Iter: 4716
[1572/10001] End of Epoch | Avg_Loss_D: -13.7394 | Avg_Loss_G: 1049.7018 | Total_Iter: 4719
[1573/10001] End of Epoch | Avg_Loss_D: -14.7788 | Avg_Loss_G: 1052.2923 | Total_Iter: 4722
[1574/10001] End of Epoch | Avg_Loss_D: -12.5541 | Avg_Loss_G: 1053.6999 | Total_Iter: 4725
[1575/10001] End of Epoch | Avg_Loss_D: -16.8968 | Avg_Loss_G: 1050.8105 | Total_Iter: 4728
[1576/10001] End of Epoch | Avg_Loss_D: -14.0362 | Avg_Loss_G: 1047.4443 | Total_Iter: 4731
[1577/10001] End of Epoch | Avg_Loss_D: -14.6212 | Avg_Loss_G: 1048.7485 | Total_Iter: 4734
[1578/10001] End of Epoch | Avg_Loss_D: -10.2786 | Avg_Loss_G: 1048.7295 | Total_Iter: 4737
[1579/10001] End of Epoch | Avg_Loss_D: -9.8557 | Avg_Loss_G: 1048.5126 | Total_Iter: 4740
[1580/10001] End of Epoch | Avg_Loss_D: -18.7156 | Avg_Loss_G: 1043.1665 | Total_Iter: 4743
[1581/10001] End of Epoch | Avg_Loss_D: -21.3734 | Avg_Loss_G: 1034.5003 | Total_Iter: 4746
[1582/10001] End of Epoch | Avg_Loss_D: -19.1061 | Avg_Loss_G: 1044.8083 | Total_Iter: 4749
[1583/10001] End of Epoch | Avg_Loss_D: -23.9358 | Avg_Loss_G: 1044.5535 | Total_Iter: 4752
[1584/10001] End of Epoch | Avg_Loss_D: -25.4494 | Avg_Loss_G: 1041.7166 | Total_Iter: 4755
[1585/10001] End of Epoch | Avg_Loss_D: -4.4985 | Avg_Loss_G: 1042.7620 | Total_Iter: 4758
[1586/10001] End of Epoch | Avg_Loss_D: -17.4784 | Avg_Loss_G: 1039.4299 | Total_Iter: 4761
[1587/10001] End of Epoch | Avg_Loss_D: -15.6427 | Avg_Loss_G: 1041.5792 | Total_Iter: 4764
[1588/10001] End of Epoch | Avg_Loss_D: -23.5764 | Avg_Loss_G: 1034.9117 | Total_Iter: 4767
[1589/10001] End of Epoch | Avg_Loss_D: -18.5218 | Avg_Loss_G: 1038.3181 | Total_Iter: 4770
[1590/10001] End of Epoch | Avg_Loss_D: -25.6092 | Avg_Loss_G: 1035.0523 | Total_Iter: 4773
[1591/10001] End of Epoch | Avg_Loss_D: -25.4901 | Avg_Loss_G: 1045.3523 | Total_Iter: 4776
[1592/10001] End of Epoch | Avg_Loss_D: -23.0219 | Avg_Loss_G: 1044.8919 | Total_Iter: 4779
[1593/10001] End of Epoch | Avg_Loss_D: -16.5554 | Avg_Loss_G: 1037.7343 | Total_Iter: 4782
[1594/10001] End of Epoch | Avg_Loss_D: -18.6440 | Avg_Loss_G: 1038.9365 | Total_Iter: 4785
[1595/10001] End of Epoch | Avg_Loss_D: -19.9175 | Avg_Loss_G: 1038.7496 | Total_Iter: 4788
[1596/10001] End of Epoch | Avg_Loss_D: -16.4265 | Avg_Loss_G: 1041.3973 | Total_Iter: 4791
[1597/10001] End of Epoch | Avg_Loss_D: -37.8811 | Avg_Loss_G: 1022.6462 | Total_Iter: 4794
[1598/10001] End of Epoch | Avg_Loss_D: -17.3248 | Avg_Loss_G: 1038.4968 | Total_Iter: 4797
[1599/10001] End of Epoch | Avg_Loss_D: -22.5118 | Avg_Loss_G: 1032.6662 | Total_Iter: 4800
[1600/10001] End of Epoch | Avg_Loss_D: -29.3351 | Avg_Loss_G: 1036.6886 | Total_Iter: 4803
[1601/10001] End of Epoch | Avg_Loss_D: -24.9034 | Avg_Loss_G: 1029.1932 | Total_Iter: 4806
[1602/10001] End of Epoch | Avg_Loss_D: -37.7874 | Avg_Loss_G: 1015.6004 | Total_Iter: 4809
[1603/10001] End of Epoch | Avg_Loss_D: -9.0461 | Avg_Loss_G: 1037.6346 | Total_Iter: 4812
[1604/10001] End of Epoch | Avg_Loss_D: -32.7977 | Avg_Loss_G: 1033.6582 | Total_Iter: 4815
[1605/10001] End of Epoch | Avg_Loss_D: -25.0799 | Avg_Loss_G: 1030.5151 | Total_Iter: 4818
[1606/10001] End of Epoch | Avg_Loss_D: -4.3991 | Avg_Loss_G: 1032.0085 | Total_Iter: 4821
[1607/10001] End of Epoch | Avg_Loss_D: 0.5779 | Avg_Loss_G: 1040.5725 | Total_Iter: 4824
[1608/10001] End of Epoch | Avg_Loss_D: 6.7599 | Avg_Loss_G: 1037.0587 | Total_Iter: 4827
[1609/10001] End of Epoch | Avg_Loss_D: 0.0699 | Avg_Loss_G: 1038.2859 | Total_Iter: 4830
[1610/10001] End of Epoch | Avg_Loss_D: -4.2291 | Avg_Loss_G: 1038.8988 | Total_Iter: 4833
[1611/10001] End of Epoch | Avg_Loss_D: -4.2574 | Avg_Loss_G: 1038.7985 | Total_Iter: 4836
[1612/10001] End of Epoch | Avg_Loss_D: -4.7807 | Avg_Loss_G: 1033.2543 | Total_Iter: 4839
[1613/10001] End of Epoch | Avg_Loss_D: -10.2818 | Avg_Loss_G: 1031.4067 | Total_Iter: 4842
[1614/10001] End of Epoch | Avg_Loss_D: -7.7941 | Avg_Loss_G: 1033.3594 | Total_Iter: 4845
[1615/10001] End of Epoch | Avg_Loss_D: -5.9689 | Avg_Loss_G: 1029.2653 | Total_Iter: 4848
[1616/10001] End of Epoch | Avg_Loss_D: -10.2530 | Avg_Loss_G: 1030.6328 | Total_Iter: 4851
[1617/10001] End of Epoch | Avg_Loss_D: -18.8394 | Avg_Loss_G: 1029.4058 | Total_Iter: 4854
[1618/10001] End of Epoch | Avg_Loss_D: -14.4900 | Avg_Loss_G: 1029.4566 | Total_Iter: 4857
[1619/10001] End of Epoch | Avg_Loss_D: -14.9903 | Avg_Loss_G: 1027.1667 | Total_Iter: 4860
[1620/10001] End of Epoch | Avg_Loss_D: -15.7034 | Avg_Loss_G: 1025.9151 | Total_Iter: 4863
[1621/10001] End of Epoch | Avg_Loss_D: -15.7001 | Avg_Loss_G: 1026.7794 | Total_Iter: 4866
[1622/10001] End of Epoch | Avg_Loss_D: -24.8424 | Avg_Loss_G: 1018.0129 | Total_Iter: 4869
[1623/10001] End of Epoch | Avg_Loss_D: -20.4704 | Avg_Loss_G: 1018.8588 | Total_Iter: 4872
[1624/10001] End of Epoch | Avg_Loss_D: -29.8663 | Avg_Loss_G: 1014.7296 | Total_Iter: 4875
[1625/10001] End of Epoch | Avg_Loss_D: -24.2052 | Avg_Loss_G: 1011.8290 | Total_Iter: 4878
[1626/10001] End of Epoch | Avg_Loss_D: -44.4149 | Avg_Loss_G: 1024.5826 | Total_Iter: 4881
[1627/10001] End of Epoch | Avg_Loss_D: -24.8059 | Avg_Loss_G: 1023.8162 | Total_Iter: 4884
[1628/10001] End of Epoch | Avg_Loss_D: -36.2123 | Avg_Loss_G: 1016.8697 | Total_Iter: 4887
[1629/10001] End of Epoch | Avg_Loss_D: -41.9196 | Avg_Loss_G: 1009.4705 | Total_Iter: 4890
[1630/10001] End of Epoch | Avg_Loss_D: -38.0409 | Avg_Loss_G: 1014.1115 | Total_Iter: 4893
[1631/10001] End of Epoch | Avg_Loss_D: -11.6917 | Avg_Loss_G: 1030.6708 | Total_Iter: 4896
[1632/10001] End of Epoch | Avg_Loss_D: -52.2725 | Avg_Loss_G: 999.4567 | Total_Iter: 4899
[1633/10001] End of Epoch | Avg_Loss_D: -67.7980 | Avg_Loss_G: 986.9606 | Total_Iter: 4902
[1634/10001] End of Epoch | Avg_Loss_D: -0.0117 | Avg_Loss_G: 1026.6253 | Total_Iter: 4905
[1635/10001] End of Epoch | Avg_Loss_D: -12.1281 | Avg_Loss_G: 1017.6246 | Total_Iter: 4908
[1636/10001] End of Epoch | Avg_Loss_D: -11.3621 | Avg_Loss_G: 1008.1239 | Total_Iter: 4911
[1637/10001] End of Epoch | Avg_Loss_D: -44.4653 | Avg_Loss_G: 1005.3971 | Total_Iter: 4914
[1638/10001] End of Epoch | Avg_Loss_D: 35.4814 | Avg_Loss_G: 1032.7860 | Total_Iter: 4917
[1639/10001] End of Epoch | Avg_Loss_D: -9.2255 | Avg_Loss_G: 1028.7508 | Total_Iter: 4920
[1640/10001] End of Epoch | Avg_Loss_D: -20.9045 | Avg_Loss_G: 1010.9902 | Total_Iter: 4923
[1641/10001] End of Epoch | Avg_Loss_D: -40.6698 | Avg_Loss_G: 996.2758 | Total_Iter: 4926
[1642/10001] End of Epoch | Avg_Loss_D: -61.3271 | Avg_Loss_G: 1007.6097 | Total_Iter: 4929
[1643/10001] End of Epoch | Avg_Loss_D: -29.5544 | Avg_Loss_G: 1011.0644 | Total_Iter: 4932
[1644/10001] End of Epoch | Avg_Loss_D: -10.4767 | Avg_Loss_G: 1014.9830 | Total_Iter: 4935
[1645/10001] End of Epoch | Avg_Loss_D: -8.8454 | Avg_Loss_G: 1004.2818 | Total_Iter: 4938
[1646/10001] End of Epoch | Avg_Loss_D: -22.2505 | Avg_Loss_G: 1000.7257 | Total_Iter: 4941
[1647/10001] End of Epoch | Avg_Loss_D: -15.4758 | Avg_Loss_G: 1011.9133 | Total_Iter: 4944
[1648/10001] End of Epoch | Avg_Loss_D: -1.9986 | Avg_Loss_G: 1021.0372 | Total_Iter: 4947
[1649/10001] End of Epoch | Avg_Loss_D: -10.1580 | Avg_Loss_G: 1013.2224 | Total_Iter: 4950
[1650/10001] End of Epoch | Avg_Loss_D: -18.1024 | Avg_Loss_G: 1005.6739 | Total_Iter: 4953
[1651/10001] End of Epoch | Avg_Loss_D: -28.5980 | Avg_Loss_G: 1004.0540 | Total_Iter: 4956
[1652/10001] End of Epoch | Avg_Loss_D: -32.7560 | Avg_Loss_G: 998.6921 | Total_Iter: 4959
[1653/10001] End of Epoch | Avg_Loss_D: -65.6648 | Avg_Loss_G: 995.9299 | Total_Iter: 4962
[1654/10001] End of Epoch | Avg_Loss_D: -48.8518 | Avg_Loss_G: 970.8375 | Total_Iter: 4965
[1655/10001] End of Epoch | Avg_Loss_D: -36.1995 | Avg_Loss_G: 1020.0246 | Total_Iter: 4968
[1656/10001] End of Epoch | Avg_Loss_D: -37.7599 | Avg_Loss_G: 978.0362 | Total_Iter: 4971
[1657/10001] End of Epoch | Avg_Loss_D: -17.8388 | Avg_Loss_G: 982.4676 | Total_Iter: 4974
[1658/10001] End of Epoch | Avg_Loss_D: -16.6751 | Avg_Loss_G: 998.4217 | Total_Iter: 4977
[1659/10001] End of Epoch | Avg_Loss_D: -5.2941 | Avg_Loss_G: 1006.3239 | Total_Iter: 4980
[1660/10001] End of Epoch | Avg_Loss_D: -39.1673 | Avg_Loss_G: 992.9913 | Total_Iter: 4983
[1661/10001] End of Epoch | Avg_Loss_D: -42.4676 | Avg_Loss_G: 1000.1236 | Total_Iter: 4986
[1662/10001] End of Epoch | Avg_Loss_D: -39.9973 | Avg_Loss_G: 989.3684 | Total_Iter: 4989
[1663/10001] End of Epoch | Avg_Loss_D: -67.3431 | Avg_Loss_G: 978.4056 | Total_Iter: 4992
[1664/10001] End of Epoch | Avg_Loss_D: -66.7842 | Avg_Loss_G: 986.5550 | Total_Iter: 4995
[1665/10001] End of Epoch | Avg_Loss_D: -7.8160 | Avg_Loss_G: 990.0470 | Total_Iter: 4998
[1666/10001] End of Epoch | Avg_Loss_D: -6.4665 | Avg_Loss_G: 995.9129 | Total_Iter: 5001
[1667/10001] End of Epoch | Avg_Loss_D: -4.0447 | Avg_Loss_G: 991.3766 | Total_Iter: 5004
[1668/10001] End of Epoch | Avg_Loss_D: -12.5382 | Avg_Loss_G: 993.4738 | Total_Iter: 5007
[1669/10001] End of Epoch | Avg_Loss_D: -2.7843 | Avg_Loss_G: 1005.5901 | Total_Iter: 5010
[1670/10001] End of Epoch | Avg_Loss_D: -31.0467 | Avg_Loss_G: 1001.0805 | Total_Iter: 5013
[1671/10001] End of Epoch | Avg_Loss_D: -1.2088 | Avg_Loss_G: 1000.7477 | Total_Iter: 5016
[1672/10001] End of Epoch | Avg_Loss_D: -16.3399 | Avg_Loss_G: 1001.1458 | Total_Iter: 5019
[1673/10001] End of Epoch | Avg_Loss_D: -15.2308 | Avg_Loss_G: 994.7224 | Total_Iter: 5022
[1674/10001] End of Epoch | Avg_Loss_D: -12.4993 | Avg_Loss_G: 994.6469 | Total_Iter: 5025
[1675/10001] End of Epoch | Avg_Loss_D: -4.7289 | Avg_Loss_G: 1006.4588 | Total_Iter: 5028
[1676/10001] End of Epoch | Avg_Loss_D: -15.8584 | Avg_Loss_G: 989.5382 | Total_Iter: 5031
[1677/10001] End of Epoch | Avg_Loss_D: -36.5011 | Avg_Loss_G: 989.0831 | Total_Iter: 5034
[1678/10001] End of Epoch | Avg_Loss_D: -47.1741 | Avg_Loss_G: 989.9240 | Total_Iter: 5037
[1679/10001] End of Epoch | Avg_Loss_D: -5.4974 | Avg_Loss_G: 990.2807 | Total_Iter: 5040
[1680/10001] End of Epoch | Avg_Loss_D: -25.9362 | Avg_Loss_G: 978.9438 | Total_Iter: 5043
[1681/10001] End of Epoch | Avg_Loss_D: -53.7757 | Avg_Loss_G: 968.2522 | Total_Iter: 5046
[1682/10001] End of Epoch | Avg_Loss_D: -49.0296 | Avg_Loss_G: 971.4840 | Total_Iter: 5049
[1683/10001] End of Epoch | Avg_Loss_D: -24.3236 | Avg_Loss_G: 965.7956 | Total_Iter: 5052
[1684/10001] End of Epoch | Avg_Loss_D: -65.7813 | Avg_Loss_G: 989.7932 | Total_Iter: 5055
[1685/10001] End of Epoch | Avg_Loss_D: -57.2020 | Avg_Loss_G: 966.0192 | Total_Iter: 5058
[1686/10001] End of Epoch | Avg_Loss_D: 2.8616 | Avg_Loss_G: 976.3168 | Total_Iter: 5061
[1687/10001] End of Epoch | Avg_Loss_D: 4.2588 | Avg_Loss_G: 978.5779 | Total_Iter: 5064
[1688/10001] End of Epoch | Avg_Loss_D: -2.1936 | Avg_Loss_G: 982.2664 | Total_Iter: 5067
[1689/10001] End of Epoch | Avg_Loss_D: -1.6269 | Avg_Loss_G: 983.0572 | Total_Iter: 5070
[1690/10001] End of Epoch | Avg_Loss_D: -2.4919 | Avg_Loss_G: 983.5763 | Total_Iter: 5073
[1691/10001] End of Epoch | Avg_Loss_D: -11.1651 | Avg_Loss_G: 980.6377 | Total_Iter: 5076
[1692/10001] End of Epoch | Avg_Loss_D: -5.5314 | Avg_Loss_G: 983.5734 | Total_Iter: 5079
[1693/10001] End of Epoch | Avg_Loss_D: -7.8454 | Avg_Loss_G: 980.8645 | Total_Iter: 5082
[1694/10001] End of Epoch | Avg_Loss_D: -14.5997 | Avg_Loss_G: 975.3781 | Total_Iter: 5085
[1695/10001] End of Epoch | Avg_Loss_D: -9.8715 | Avg_Loss_G: 971.8709 | Total_Iter: 5088
[1696/10001] End of Epoch | Avg_Loss_D: -11.9976 | Avg_Loss_G: 969.7917 | Total_Iter: 5091
[1697/10001] End of Epoch | Avg_Loss_D: -9.3918 | Avg_Loss_G: 969.4738 | Total_Iter: 5094
[1698/10001] End of Epoch | Avg_Loss_D: -15.7543 | Avg_Loss_G: 973.4217 | Total_Iter: 5097
[1699/10001] End of Epoch | Avg_Loss_D: -19.6264 | Avg_Loss_G: 976.0588 | Total_Iter: 5100
[1700/10001] End of Epoch | Avg_Loss_D: -22.3864 | Avg_Loss_G: 960.0983 | Total_Iter: 5103
[1701/10001] End of Epoch | Avg_Loss_D: -31.7775 | Avg_Loss_G: 967.3073 | Total_Iter: 5106
[1702/10001] End of Epoch | Avg_Loss_D: -55.9744 | Avg_Loss_G: 956.9358 | Total_Iter: 5109
[1703/10001] End of Epoch | Avg_Loss_D: -70.1912 | Avg_Loss_G: 960.6734 | Total_Iter: 5112
[1704/10001] End of Epoch | Avg_Loss_D: -20.7397 | Avg_Loss_G: 984.8834 | Total_Iter: 5115
[1705/10001] End of Epoch | Avg_Loss_D: 99.3765 | Avg_Loss_G: 960.5496 | Total_Iter: 5118
[1706/10001] End of Epoch | Avg_Loss_D: -9.7551 | Avg_Loss_G: 958.4942 | Total_Iter: 5121
[1707/10001] End of Epoch | Avg_Loss_D: -10.4848 | Avg_Loss_G: 964.3404 | Total_Iter: 5124
[1708/10001] End of Epoch | Avg_Loss_D: -15.8060 | Avg_Loss_G: 979.1693 | Total_Iter: 5127
[1709/10001] End of Epoch | Avg_Loss_D: -13.5948 | Avg_Loss_G: 975.1296 | Total_Iter: 5130
[1710/10001] End of Epoch | Avg_Loss_D: -11.6708 | Avg_Loss_G: 975.3721 | Total_Iter: 5133
[1711/10001] End of Epoch | Avg_Loss_D: -6.2645 | Avg_Loss_G: 970.5462 | Total_Iter: 5136
[1712/10001] End of Epoch | Avg_Loss_D: -25.3020 | Avg_Loss_G: 967.1666 | Total_Iter: 5139
[1713/10001] End of Epoch | Avg_Loss_D: -22.6323 | Avg_Loss_G: 970.4148 | Total_Iter: 5142
[1714/10001] End of Epoch | Avg_Loss_D: -53.3909 | Avg_Loss_G: 961.5107 | Total_Iter: 5145
[1715/10001] End of Epoch | Avg_Loss_D: -55.6047 | Avg_Loss_G: 946.9573 | Total_Iter: 5148
[1716/10001] End of Epoch | Avg_Loss_D: -50.4024 | Avg_Loss_G: 969.0884 | Total_Iter: 5151
[1717/10001] End of Epoch | Avg_Loss_D: -42.4791 | Avg_Loss_G: 950.5502 | Total_Iter: 5154
[1718/10001] End of Epoch | Avg_Loss_D: -251.9366 | Avg_Loss_G: 976.0898 | Total_Iter: 5157
[1719/10001] End of Epoch | Avg_Loss_D: -389.4443 | Avg_Loss_G: 973.8416 | Total_Iter: 5160
[1720/10001] End of Epoch | Avg_Loss_D: -411.2441 | Avg_Loss_G: 976.1221 | Total_Iter: 5163
[1721/10001] End of Epoch | Avg_Loss_D: -511.4762 | Avg_Loss_G: 1003.2325 | Total_Iter: 5166
[1722/10001] End of Epoch | Avg_Loss_D: -208.3637 | Avg_Loss_G: 976.5684 | Total_Iter: 5169
[1723/10001] End of Epoch | Avg_Loss_D: -0.5456 | Avg_Loss_G: 970.3436 | Total_Iter: 5172
[1724/10001] End of Epoch | Avg_Loss_D: -259.4571 | Avg_Loss_G: 943.4683 | Total_Iter: 5175
[1725/10001] End of Epoch | Avg_Loss_D: -198.4050 | Avg_Loss_G: 958.3823 | Total_Iter: 5178
[1726/10001] End of Epoch | Avg_Loss_D: -282.6114 | Avg_Loss_G: 964.3645 | Total_Iter: 5181
[1727/10001] End of Epoch | Avg_Loss_D: -6.1276 | Avg_Loss_G: 940.2346 | Total_Iter: 5184
[1728/10001] End of Epoch | Avg_Loss_D: -44.1064 | Avg_Loss_G: 934.0531 | Total_Iter: 5187
[1729/10001] End of Epoch | Avg_Loss_D: -285.8047 | Avg_Loss_G: 922.4894 | Total_Iter: 5190
[1730/10001] End of Epoch | Avg_Loss_D: -710.9246 | Avg_Loss_G: 973.3804 | Total_Iter: 5193
[1731/10001] End of Epoch | Avg_Loss_D: -47.4983 | Avg_Loss_G: 917.0185 | Total_Iter: 5196
[1732/10001] End of Epoch | Avg_Loss_D: -142.8240 | Avg_Loss_G: 918.8549 | Total_Iter: 5199
[1733/10001] End of Epoch | Avg_Loss_D: -115.8237 | Avg_Loss_G: 921.6662 | Total_Iter: 5202
[1734/10001] End of Epoch | Avg_Loss_D: 12.4950 | Avg_Loss_G: 957.1408 | Total_Iter: 5205
[1735/10001] End of Epoch | Avg_Loss_D: 0.5830 | Avg_Loss_G: 941.9731 | Total_Iter: 5208
[1736/10001] End of Epoch | Avg_Loss_D: -16.5539 | Avg_Loss_G: 941.2626 | Total_Iter: 5211
[1737/10001] End of Epoch | Avg_Loss_D: 0.0780 | Avg_Loss_G: 948.1392 | Total_Iter: 5214
[1738/10001] End of Epoch | Avg_Loss_D: -76.9182 | Avg_Loss_G: 956.1526 | Total_Iter: 5217
[1739/10001] End of Epoch | Avg_Loss_D: -30.5779 | Avg_Loss_G: 906.1168 | Total_Iter: 5220
[1740/10001] End of Epoch | Avg_Loss_D: 23.5200 | Avg_Loss_G: 914.7611 | Total_Iter: 5223
[1741/10001] End of Epoch | Avg_Loss_D: 16.8847 | Avg_Loss_G: 926.4303 | Total_Iter: 5226
[1742/10001] End of Epoch | Avg_Loss_D: 16.2055 | Avg_Loss_G: 932.8486 | Total_Iter: 5229
[1743/10001] End of Epoch | Avg_Loss_D: 8.5137 | Avg_Loss_G: 931.9876 | Total_Iter: 5232
[1744/10001] End of Epoch | Avg_Loss_D: 10.5619 | Avg_Loss_G: 934.5448 | Total_Iter: 5235
[1745/10001] End of Epoch | Avg_Loss_D: 8.1906 | Avg_Loss_G: 934.8611 | Total_Iter: 5238
[1746/10001] End of Epoch | Avg_Loss_D: 12.5766 | Avg_Loss_G: 932.2980 | Total_Iter: 5241
[1747/10001] End of Epoch | Avg_Loss_D: 8.9480 | Avg_Loss_G: 931.7734 | Total_Iter: 5244
[1748/10001] End of Epoch | Avg_Loss_D: -0.5804 | Avg_Loss_G: 933.4582 | Total_Iter: 5247
[1749/10001] End of Epoch | Avg_Loss_D: 1.9467 | Avg_Loss_G: 930.6188 | Total_Iter: 5250
[1750/10001] End of Epoch | Avg_Loss_D: -2.6003 | Avg_Loss_G: 927.7332 | Total_Iter: 5253
[1751/10001] End of Epoch | Avg_Loss_D: -1.8465 | Avg_Loss_G: 929.4097 | Total_Iter: 5256
[1752/10001] End of Epoch | Avg_Loss_D: 1.7802 | Avg_Loss_G: 924.1345 | Total_Iter: 5259
[1753/10001] End of Epoch | Avg_Loss_D: -1.5127 | Avg_Loss_G: 924.7695 | Total_Iter: 5262
[1754/10001] End of Epoch | Avg_Loss_D: -1.0541 | Avg_Loss_G: 922.1839 | Total_Iter: 5265
[1755/10001] End of Epoch | Avg_Loss_D: -2.9745 | Avg_Loss_G: 923.1663 | Total_Iter: 5268
[1756/10001] End of Epoch | Avg_Loss_D: -4.3195 | Avg_Loss_G: 919.4616 | Total_Iter: 5271
[1757/10001] End of Epoch | Avg_Loss_D: 0.0346 | Avg_Loss_G: 921.4220 | Total_Iter: 5274
[1758/10001] End of Epoch | Avg_Loss_D: -1.5773 | Avg_Loss_G: 923.5795 | Total_Iter: 5277
[1759/10001] End of Epoch | Avg_Loss_D: 1.0668 | Avg_Loss_G: 923.6195 | Total_Iter: 5280
[1760/10001] End of Epoch | Avg_Loss_D: -4.6364 | Avg_Loss_G: 921.1948 | Total_Iter: 5283
[1761/10001] End of Epoch | Avg_Loss_D: -1.3187 | Avg_Loss_G: 923.7150 | Total_Iter: 5286
[1762/10001] End of Epoch | Avg_Loss_D: -2.6401 | Avg_Loss_G: 923.4454 | Total_Iter: 5289
[1763/10001] End of Epoch | Avg_Loss_D: 1.5574 | Avg_Loss_G: 926.6807 | Total_Iter: 5292
[1764/10001] End of Epoch | Avg_Loss_D: -2.3377 | Avg_Loss_G: 927.5846 | Total_Iter: 5295
[1765/10001] End of Epoch | Avg_Loss_D: -0.4918 | Avg_Loss_G: 924.8715 | Total_Iter: 5298
[1766/10001] End of Epoch | Avg_Loss_D: -4.6895 | Avg_Loss_G: 927.2418 | Total_Iter: 5301
[1767/10001] End of Epoch | Avg_Loss_D: -2.1408 | Avg_Loss_G: 929.1906 | Total_Iter: 5304
[1768/10001] End of Epoch | Avg_Loss_D: -4.0222 | Avg_Loss_G: 928.6941 | Total_Iter: 5307
[1769/10001] End of Epoch | Avg_Loss_D: -4.8155 | Avg_Loss_G: 926.3074 | Total_Iter: 5310
[1770/10001] End of Epoch | Avg_Loss_D: -2.4747 | Avg_Loss_G: 928.5237 | Total_Iter: 5313
[1771/10001] End of Epoch | Avg_Loss_D: -7.4685 | Avg_Loss_G: 928.2011 | Total_Iter: 5316
[1772/10001] End of Epoch | Avg_Loss_D: -3.3122 | Avg_Loss_G: 926.6431 | Total_Iter: 5319
[1773/10001] End of Epoch | Avg_Loss_D: -3.1382 | Avg_Loss_G: 927.4412 | Total_Iter: 5322
[1774/10001] End of Epoch | Avg_Loss_D: -3.5003 | Avg_Loss_G: 926.1218 | Total_Iter: 5325
[1775/10001] End of Epoch | Avg_Loss_D: -3.0747 | Avg_Loss_G: 926.3326 | Total_Iter: 5328
[1776/10001] End of Epoch | Avg_Loss_D: -4.5896 | Avg_Loss_G: 926.3299 | Total_Iter: 5331
[1777/10001] End of Epoch | Avg_Loss_D: -3.2366 | Avg_Loss_G: 927.0196 | Total_Iter: 5334
[1778/10001] End of Epoch | Avg_Loss_D: -8.6177 | Avg_Loss_G: 928.2978 | Total_Iter: 5337
[1779/10001] End of Epoch | Avg_Loss_D: -6.1919 | Avg_Loss_G: 928.6206 | Total_Iter: 5340
[1780/10001] End of Epoch | Avg_Loss_D: -4.2532 | Avg_Loss_G: 926.6915 | Total_Iter: 5343
[1781/10001] End of Epoch | Avg_Loss_D: -6.5987 | Avg_Loss_G: 928.7246 | Total_Iter: 5346
[1782/10001] End of Epoch | Avg_Loss_D: -5.1045 | Avg_Loss_G: 926.6020 | Total_Iter: 5349
[1783/10001] End of Epoch | Avg_Loss_D: -5.0163 | Avg_Loss_G: 929.0811 | Total_Iter: 5352
[1784/10001] End of Epoch | Avg_Loss_D: -6.6405 | Avg_Loss_G: 929.5801 | Total_Iter: 5355
[1785/10001] End of Epoch | Avg_Loss_D: -6.6096 | Avg_Loss_G: 926.7483 | Total_Iter: 5358
[1786/10001] End of Epoch | Avg_Loss_D: -7.4979 | Avg_Loss_G: 929.7329 | Total_Iter: 5361
[1787/10001] End of Epoch | Avg_Loss_D: -3.0316 | Avg_Loss_G: 928.0269 | Total_Iter: 5364
[1788/10001] End of Epoch | Avg_Loss_D: -7.7511 | Avg_Loss_G: 928.4688 | Total_Iter: 5367
[1789/10001] End of Epoch | Avg_Loss_D: -9.5843 | Avg_Loss_G: 930.0305 | Total_Iter: 5370
[1790/10001] End of Epoch | Avg_Loss_D: -5.6363 | Avg_Loss_G: 928.2206 | Total_Iter: 5373
[1791/10001] End of Epoch | Avg_Loss_D: -7.0948 | Avg_Loss_G: 927.1862 | Total_Iter: 5376
[1792/10001] End of Epoch | Avg_Loss_D: -9.1439 | Avg_Loss_G: 930.9695 | Total_Iter: 5379
[1793/10001] End of Epoch | Avg_Loss_D: -6.9780 | Avg_Loss_G: 935.2297 | Total_Iter: 5382
[1794/10001] End of Epoch | Avg_Loss_D: -8.0508 | Avg_Loss_G: 931.9544 | Total_Iter: 5385
[1795/10001] End of Epoch | Avg_Loss_D: -6.4754 | Avg_Loss_G: 932.7509 | Total_Iter: 5388
[1796/10001] End of Epoch | Avg_Loss_D: -7.6478 | Avg_Loss_G: 931.1584 | Total_Iter: 5391
[1797/10001] End of Epoch | Avg_Loss_D: -7.4793 | Avg_Loss_G: 930.2030 | Total_Iter: 5394
[1798/10001] End of Epoch | Avg_Loss_D: -10.3704 | Avg_Loss_G: 929.4697 | Total_Iter: 5397
[1799/10001] End of Epoch | Avg_Loss_D: -8.0113 | Avg_Loss_G: 930.4424 | Total_Iter: 5400
[1800/10001] End of Epoch | Avg_Loss_D: -9.7272 | Avg_Loss_G: 928.0786 | Total_Iter: 5403
[1801/10001] End of Epoch | Avg_Loss_D: -13.9932 | Avg_Loss_G: 928.9804 | Total_Iter: 5406
[1802/10001] End of Epoch | Avg_Loss_D: -9.9776 | Avg_Loss_G: 929.8408 | Total_Iter: 5409
[1803/10001] End of Epoch | Avg_Loss_D: -9.7666 | Avg_Loss_G: 931.2092 | Total_Iter: 5412
[1804/10001] End of Epoch | Avg_Loss_D: -13.5808 | Avg_Loss_G: 929.6436 | Total_Iter: 5415
[1805/10001] End of Epoch | Avg_Loss_D: -7.2629 | Avg_Loss_G: 929.2539 | Total_Iter: 5418
[1806/10001] End of Epoch | Avg_Loss_D: -6.2083 | Avg_Loss_G: 928.5706 | Total_Iter: 5421
[1807/10001] End of Epoch | Avg_Loss_D: -9.2058 | Avg_Loss_G: 929.7607 | Total_Iter: 5424
[1808/10001] End of Epoch | Avg_Loss_D: -11.8292 | Avg_Loss_G: 929.8035 | Total_Iter: 5427
[1809/10001] End of Epoch | Avg_Loss_D: -17.0982 | Avg_Loss_G: 926.0971 | Total_Iter: 5430
[1810/10001] End of Epoch | Avg_Loss_D: -9.1286 | Avg_Loss_G: 925.9071 | Total_Iter: 5433
[1811/10001] End of Epoch | Avg_Loss_D: -15.8083 | Avg_Loss_G: 927.1531 | Total_Iter: 5436
[1812/10001] End of Epoch | Avg_Loss_D: -12.1640 | Avg_Loss_G: 930.3778 | Total_Iter: 5439
[1813/10001] End of Epoch | Avg_Loss_D: -14.2329 | Avg_Loss_G: 930.2243 | Total_Iter: 5442
[1814/10001] End of Epoch | Avg_Loss_D: -11.6369 | Avg_Loss_G: 930.6588 | Total_Iter: 5445
[1815/10001] End of Epoch | Avg_Loss_D: -13.5681 | Avg_Loss_G: 936.4441 | Total_Iter: 5448
[1816/10001] End of Epoch | Avg_Loss_D: -17.7809 | Avg_Loss_G: 929.0210 | Total_Iter: 5451
[1817/10001] End of Epoch | Avg_Loss_D: -11.6531 | Avg_Loss_G: 929.8750 | Total_Iter: 5454
[1818/10001] End of Epoch | Avg_Loss_D: -12.6468 | Avg_Loss_G: 926.0675 | Total_Iter: 5457
[1819/10001] End of Epoch | Avg_Loss_D: -11.2827 | Avg_Loss_G: 925.4879 | Total_Iter: 5460
[1820/10001] End of Epoch | Avg_Loss_D: -21.3598 | Avg_Loss_G: 925.6109 | Total_Iter: 5463
[1821/10001] End of Epoch | Avg_Loss_D: -12.9972 | Avg_Loss_G: 927.0300 | Total_Iter: 5466
[1822/10001] End of Epoch | Avg_Loss_D: -12.0501 | Avg_Loss_G: 929.5056 | Total_Iter: 5469
[1823/10001] End of Epoch | Avg_Loss_D: -17.3080 | Avg_Loss_G: 928.0088 | Total_Iter: 5472
[1824/10001] End of Epoch | Avg_Loss_D: -14.7978 | Avg_Loss_G: 928.3134 | Total_Iter: 5475
[1825/10001] End of Epoch | Avg_Loss_D: -21.8944 | Avg_Loss_G: 926.3293 | Total_Iter: 5478
[1826/10001] End of Epoch | Avg_Loss_D: -24.5332 | Avg_Loss_G: 926.5857 | Total_Iter: 5481
[1827/10001] End of Epoch | Avg_Loss_D: -26.3300 | Avg_Loss_G: 924.8750 | Total_Iter: 5484
[1828/10001] End of Epoch | Avg_Loss_D: -19.9080 | Avg_Loss_G: 932.1518 | Total_Iter: 5487
[1829/10001] End of Epoch | Avg_Loss_D: -19.8693 | Avg_Loss_G: 928.5027 | Total_Iter: 5490
[1830/10001] End of Epoch | Avg_Loss_D: -18.5627 | Avg_Loss_G: 929.1281 | Total_Iter: 5493
[1831/10001] End of Epoch | Avg_Loss_D: -22.8132 | Avg_Loss_G: 920.3949 | Total_Iter: 5496
[1832/10001] End of Epoch | Avg_Loss_D: -21.4066 | Avg_Loss_G: 932.0156 | Total_Iter: 5499
[1833/10001] End of Epoch | Avg_Loss_D: -25.1632 | Avg_Loss_G: 929.8835 | Total_Iter: 5502
[1834/10001] End of Epoch | Avg_Loss_D: -20.0635 | Avg_Loss_G: 932.2428 | Total_Iter: 5505
[1835/10001] End of Epoch | Avg_Loss_D: -16.9829 | Avg_Loss_G: 933.3736 | Total_Iter: 5508
[1836/10001] End of Epoch | Avg_Loss_D: -25.7462 | Avg_Loss_G: 933.6684 | Total_Iter: 5511
[1837/10001] End of Epoch | Avg_Loss_D: -21.3823 | Avg_Loss_G: 926.9208 | Total_Iter: 5514
[1838/10001] End of Epoch | Avg_Loss_D: -23.7613 | Avg_Loss_G: 934.7438 | Total_Iter: 5517
[1839/10001] End of Epoch | Avg_Loss_D: -19.1193 | Avg_Loss_G: 935.2260 | Total_Iter: 5520
[1840/10001] End of Epoch | Avg_Loss_D: -31.5125 | Avg_Loss_G: 930.0719 | Total_Iter: 5523
[1841/10001] End of Epoch | Avg_Loss_D: -34.7022 | Avg_Loss_G: 930.1196 | Total_Iter: 5526
[1842/10001] End of Epoch | Avg_Loss_D: -35.1965 | Avg_Loss_G: 944.7597 | Total_Iter: 5529
[1843/10001] End of Epoch | Avg_Loss_D: -37.9355 | Avg_Loss_G: 931.5465 | Total_Iter: 5532
[1844/10001] End of Epoch | Avg_Loss_D: -47.9037 | Avg_Loss_G: 921.1962 | Total_Iter: 5535
[1845/10001] End of Epoch | Avg_Loss_D: -46.5512 | Avg_Loss_G: 942.2589 | Total_Iter: 5538
[1846/10001] End of Epoch | Avg_Loss_D: -55.2989 | Avg_Loss_G: 924.6831 | Total_Iter: 5541
[1847/10001] End of Epoch | Avg_Loss_D: -90.0712 | Avg_Loss_G: 923.1859 | Total_Iter: 5544
[1848/10001] End of Epoch | Avg_Loss_D: -27.8673 | Avg_Loss_G: 926.7391 | Total_Iter: 5547
[1849/10001] End of Epoch | Avg_Loss_D: -127.3076 | Avg_Loss_G: 942.8727 | Total_Iter: 5550
[1850/10001] End of Epoch | Avg_Loss_D: -137.6868 | Avg_Loss_G: 960.4982 | Total_Iter: 5553
[1851/10001] End of Epoch | Avg_Loss_D: -315.3480 | Avg_Loss_G: 906.1516 | Total_Iter: 5556
[1852/10001] End of Epoch | Avg_Loss_D: -856.8603 | Avg_Loss_G: 942.1580 | Total_Iter: 5559
[1853/10001] End of Epoch | Avg_Loss_D: -1085.8845 | Avg_Loss_G: 951.4718 | Total_Iter: 5562
[1854/10001] End of Epoch | Avg_Loss_D: -1145.7461 | Avg_Loss_G: 953.8269 | Total_Iter: 5565
[1855/10001] End of Epoch | Avg_Loss_D: -1185.2308 | Avg_Loss_G: 988.4781 | Total_Iter: 5568
[1856/10001] End of Epoch | Avg_Loss_D: -1632.5946 | Avg_Loss_G: 999.4971 | Total_Iter: 5571
[1857/10001] End of Epoch | Avg_Loss_D: -356.5419 | Avg_Loss_G: 993.3417 | Total_Iter: 5574
[1858/10001] End of Epoch | Avg_Loss_D: 1.2630 | Avg_Loss_G: 977.9175 | Total_Iter: 5577
[1859/10001] End of Epoch | Avg_Loss_D: -9.8471 | Avg_Loss_G: 982.7600 | Total_Iter: 5580
[1860/10001] End of Epoch | Avg_Loss_D: -22.9327 | Avg_Loss_G: 987.5311 | Total_Iter: 5583
[1861/10001] End of Epoch | Avg_Loss_D: -52.1635 | Avg_Loss_G: 990.8314 | Total_Iter: 5586
[1862/10001] End of Epoch | Avg_Loss_D: -86.9410 | Avg_Loss_G: 976.4148 | Total_Iter: 5589
[1863/10001] End of Epoch | Avg_Loss_D: -171.1638 | Avg_Loss_G: 890.6069 | Total_Iter: 5592
[1864/10001] End of Epoch | Avg_Loss_D: 21.9324 | Avg_Loss_G: 974.0849 | Total_Iter: 5595
[1865/10001] End of Epoch | Avg_Loss_D: -21.7013 | Avg_Loss_G: 971.6558 | Total_Iter: 5598
[1866/10001] End of Epoch | Avg_Loss_D: -44.7951 | Avg_Loss_G: 984.3406 | Total_Iter: 5601
[1867/10001] End of Epoch | Avg_Loss_D: -18.7947 | Avg_Loss_G: 951.4262 | Total_Iter: 5604
[1868/10001] End of Epoch | Avg_Loss_D: -25.1588 | Avg_Loss_G: 907.4915 | Total_Iter: 5607
[1869/10001] End of Epoch | Avg_Loss_D: -58.2270 | Avg_Loss_G: 914.9429 | Total_Iter: 5610
[1870/10001] End of Epoch | Avg_Loss_D: -624.7962 | Avg_Loss_G: 932.0112 | Total_Iter: 5613
[1871/10001] End of Epoch | Avg_Loss_D: -1074.5944 | Avg_Loss_G: 895.6986 | Total_Iter: 5616
[1872/10001] End of Epoch | Avg_Loss_D: -805.0760 | Avg_Loss_G: 961.1374 | Total_Iter: 5619
[1873/10001] End of Epoch | Avg_Loss_D: -22.7440 | Avg_Loss_G: 952.7370 | Total_Iter: 5622
[1874/10001] End of Epoch | Avg_Loss_D: 21042.7524 | Avg_Loss_G: 918.4956 | Total_Iter: 5625
[1875/10001] End of Epoch | Avg_Loss_D: 86.2918 | Avg_Loss_G: 915.5718 | Total_Iter: 5628
[1876/10001] End of Epoch | Avg_Loss_D: 46.9089 | Avg_Loss_G: 921.6833 | Total_Iter: 5631
[1877/10001] End of Epoch | Avg_Loss_D: 37.2187 | Avg_Loss_G: 909.5742 | Total_Iter: 5634
[1878/10001] End of Epoch | Avg_Loss_D: 59.5078 | Avg_Loss_G: 915.1765 | Total_Iter: 5637
[1879/10001] End of Epoch | Avg_Loss_D: 38.2314 | Avg_Loss_G: 923.4684 | Total_Iter: 5640
[1880/10001] End of Epoch | Avg_Loss_D: 32.4593 | Avg_Loss_G: 922.2655 | Total_Iter: 5643
[1881/10001] End of Epoch | Avg_Loss_D: 44.7961 | Avg_Loss_G: 917.7770 | Total_Iter: 5646
[1882/10001] End of Epoch | Avg_Loss_D: 65.4244 | Avg_Loss_G: 917.5543 | Total_Iter: 5649
[1883/10001] End of Epoch | Avg_Loss_D: 40.7883 | Avg_Loss_G: 916.6006 | Total_Iter: 5652
[1884/10001] End of Epoch | Avg_Loss_D: 31.1155 | Avg_Loss_G: 921.0694 | Total_Iter: 5655
[1885/10001] End of Epoch | Avg_Loss_D: 13.4141 | Avg_Loss_G: 929.5295 | Total_Iter: 5658
[1886/10001] End of Epoch | Avg_Loss_D: 6.4689 | Avg_Loss_G: 928.6451 | Total_Iter: 5661
[1887/10001] End of Epoch | Avg_Loss_D: -4.6232 | Avg_Loss_G: 932.6514 | Total_Iter: 5664
[1888/10001] End of Epoch | Avg_Loss_D: 3.8518 | Avg_Loss_G: 921.8375 | Total_Iter: 5667
[1889/10001] End of Epoch | Avg_Loss_D: 7.2462 | Avg_Loss_G: 915.4414 | Total_Iter: 5670
[1890/10001] End of Epoch | Avg_Loss_D: 6.9981 | Avg_Loss_G: 914.4168 | Total_Iter: 5673
[1891/10001] End of Epoch | Avg_Loss_D: -2.2362 | Avg_Loss_G: 920.6432 | Total_Iter: 5676
[1892/10001] End of Epoch | Avg_Loss_D: -0.9434 | Avg_Loss_G: 910.5020 | Total_Iter: 5679
[1893/10001] End of Epoch | Avg_Loss_D: 6.0819 | Avg_Loss_G: 911.8053 | Total_Iter: 5682
[1894/10001] End of Epoch | Avg_Loss_D: 12.5835 | Avg_Loss_G: 909.9939 | Total_Iter: 5685
[1895/10001] End of Epoch | Avg_Loss_D: 14.4693 | Avg_Loss_G: 912.1528 | Total_Iter: 5688
[1896/10001] End of Epoch | Avg_Loss_D: 5.4966 | Avg_Loss_G: 918.4171 | Total_Iter: 5691
[1897/10001] End of Epoch | Avg_Loss_D: 29.1870 | Avg_Loss_G: 912.1690 | Total_Iter: 5694
[1898/10001] End of Epoch | Avg_Loss_D: 16.1254 | Avg_Loss_G: 917.3620 | Total_Iter: 5697
[1899/10001] End of Epoch | Avg_Loss_D: 18.6329 | Avg_Loss_G: 919.4674 | Total_Iter: 5700
[1900/10001] End of Epoch | Avg_Loss_D: 7.9510 | Avg_Loss_G: 920.9121 | Total_Iter: 5703
[1901/10001] End of Epoch | Avg_Loss_D: 9.2321 | Avg_Loss_G: 925.7453 | Total_Iter: 5706
[1902/10001] End of Epoch | Avg_Loss_D: 5.1544 | Avg_Loss_G: 921.9972 | Total_Iter: 5709
[1903/10001] End of Epoch | Avg_Loss_D: 9.1391 | Avg_Loss_G: 925.1512 | Total_Iter: 5712
[1904/10001] End of Epoch | Avg_Loss_D: 3.1851 | Avg_Loss_G: 928.2303 | Total_Iter: 5715
[1905/10001] End of Epoch | Avg_Loss_D: 8.0249 | Avg_Loss_G: 925.6880 | Total_Iter: 5718
[1906/10001] End of Epoch | Avg_Loss_D: 6.3029 | Avg_Loss_G: 931.0031 | Total_Iter: 5721
[1907/10001] End of Epoch | Avg_Loss_D: 6.9143 | Avg_Loss_G: 930.3566 | Total_Iter: 5724
[1908/10001] End of Epoch | Avg_Loss_D: 2.6873 | Avg_Loss_G: 929.9000 | Total_Iter: 5727
[1909/10001] End of Epoch | Avg_Loss_D: 8.4910 | Avg_Loss_G: 928.2762 | Total_Iter: 5730
[1910/10001] End of Epoch | Avg_Loss_D: 6.4713 | Avg_Loss_G: 931.9741 | Total_Iter: 5733
[1911/10001] End of Epoch | Avg_Loss_D: 8.2646 | Avg_Loss_G: 929.1854 | Total_Iter: 5736
[1912/10001] End of Epoch | Avg_Loss_D: 5.5903 | Avg_Loss_G: 932.4470 | Total_Iter: 5739
[1913/10001] End of Epoch | Avg_Loss_D: 3.6629 | Avg_Loss_G: 932.6230 | Total_Iter: 5742
[1914/10001] End of Epoch | Avg_Loss_D: 4.7001 | Avg_Loss_G: 931.3929 | Total_Iter: 5745
[1915/10001] End of Epoch | Avg_Loss_D: 3.3651 | Avg_Loss_G: 933.2461 | Total_Iter: 5748
[1916/10001] End of Epoch | Avg_Loss_D: 4.9144 | Avg_Loss_G: 934.4433 | Total_Iter: 5751
[1917/10001] End of Epoch | Avg_Loss_D: 10.0160 | Avg_Loss_G: 934.3908 | Total_Iter: 5754
[1918/10001] End of Epoch | Avg_Loss_D: 6.6717 | Avg_Loss_G: 934.1957 | Total_Iter: 5757
[1919/10001] End of Epoch | Avg_Loss_D: 2.2646 | Avg_Loss_G: 933.4285 | Total_Iter: 5760
[1920/10001] End of Epoch | Avg_Loss_D: 3.1747 | Avg_Loss_G: 935.6517 | Total_Iter: 5763
[1921/10001] End of Epoch | Avg_Loss_D: 8.6522 | Avg_Loss_G: 937.0988 | Total_Iter: 5766
[1922/10001] End of Epoch | Avg_Loss_D: 8.1415 | Avg_Loss_G: 936.6618 | Total_Iter: 5769
[1923/10001] End of Epoch | Avg_Loss_D: 6.1282 | Avg_Loss_G: 935.1613 | Total_Iter: 5772
[1924/10001] End of Epoch | Avg_Loss_D: 7.8489 | Avg_Loss_G: 934.7119 | Total_Iter: 5775
[1925/10001] End of Epoch | Avg_Loss_D: 4.8805 | Avg_Loss_G: 934.9198 | Total_Iter: 5778
[1926/10001] End of Epoch | Avg_Loss_D: 8.7550 | Avg_Loss_G: 936.6517 | Total_Iter: 5781
[1927/10001] End of Epoch | Avg_Loss_D: 1.8965 | Avg_Loss_G: 934.3677 | Total_Iter: 5784
[1928/10001] End of Epoch | Avg_Loss_D: 2.4972 | Avg_Loss_G: 933.1702 | Total_Iter: 5787
[1929/10001] End of Epoch | Avg_Loss_D: 0.6125 | Avg_Loss_G: 934.1667 | Total_Iter: 5790
[1930/10001] End of Epoch | Avg_Loss_D: 0.7417 | Avg_Loss_G: 935.0214 | Total_Iter: 5793
[1931/10001] End of Epoch | Avg_Loss_D: 2.5763 | Avg_Loss_G: 934.9938 | Total_Iter: 5796
[1932/10001] End of Epoch | Avg_Loss_D: 2.8222 | Avg_Loss_G: 935.7344 | Total_Iter: 5799
[1933/10001] End of Epoch | Avg_Loss_D: 3.5495 | Avg_Loss_G: 935.6209 | Total_Iter: 5802
[1934/10001] End of Epoch | Avg_Loss_D: 3.5007 | Avg_Loss_G: 935.5617 | Total_Iter: 5805
[1935/10001] End of Epoch | Avg_Loss_D: -1.1793 | Avg_Loss_G: 934.3621 | Total_Iter: 5808
[1936/10001] End of Epoch | Avg_Loss_D: 2.4947 | Avg_Loss_G: 935.9997 | Total_Iter: 5811
[1937/10001] End of Epoch | Avg_Loss_D: 3.5695 | Avg_Loss_G: 935.7142 | Total_Iter: 5814
[1938/10001] End of Epoch | Avg_Loss_D: 1.0104 | Avg_Loss_G: 935.8954 | Total_Iter: 5817
[1939/10001] End of Epoch | Avg_Loss_D: -1.2986 | Avg_Loss_G: 935.1353 | Total_Iter: 5820
[1940/10001] End of Epoch | Avg_Loss_D: -0.6691 | Avg_Loss_G: 936.4423 | Total_Iter: 5823
[1941/10001] End of Epoch | Avg_Loss_D: -1.9913 | Avg_Loss_G: 935.0969 | Total_Iter: 5826
[1942/10001] End of Epoch | Avg_Loss_D: 0.5335 | Avg_Loss_G: 934.9189 | Total_Iter: 5829
[1943/10001] End of Epoch | Avg_Loss_D: 1.0035 | Avg_Loss_G: 933.7806 | Total_Iter: 5832
[1944/10001] End of Epoch | Avg_Loss_D: 2.0337 | Avg_Loss_G: 935.3215 | Total_Iter: 5835
[1945/10001] End of Epoch | Avg_Loss_D: -3.8638 | Avg_Loss_G: 933.0587 | Total_Iter: 5838
[1946/10001] End of Epoch | Avg_Loss_D: -1.2894 | Avg_Loss_G: 937.2071 | Total_Iter: 5841
[1947/10001] End of Epoch | Avg_Loss_D: 3.3333 | Avg_Loss_G: 934.8384 | Total_Iter: 5844
[1948/10001] End of Epoch | Avg_Loss_D: -1.3284 | Avg_Loss_G: 935.6989 | Total_Iter: 5847
[1949/10001] End of Epoch | Avg_Loss_D: -1.1156 | Avg_Loss_G: 936.2855 | Total_Iter: 5850
[1950/10001] End of Epoch | Avg_Loss_D: -5.2929 | Avg_Loss_G: 935.5720 | Total_Iter: 5853
[1951/10001] End of Epoch | Avg_Loss_D: -1.2357 | Avg_Loss_G: 934.8019 | Total_Iter: 5856
[1952/10001] End of Epoch | Avg_Loss_D: -0.2036 | Avg_Loss_G: 935.2682 | Total_Iter: 5859
[1953/10001] End of Epoch | Avg_Loss_D: -0.8593 | Avg_Loss_G: 935.3559 | Total_Iter: 5862
[1954/10001] End of Epoch | Avg_Loss_D: -2.3216 | Avg_Loss_G: 936.2640 | Total_Iter: 5865
[1955/10001] End of Epoch | Avg_Loss_D: -2.9057 | Avg_Loss_G: 936.2445 | Total_Iter: 5868
[1956/10001] End of Epoch | Avg_Loss_D: 1.7734 | Avg_Loss_G: 934.6145 | Total_Iter: 5871
[1957/10001] End of Epoch | Avg_Loss_D: -0.9373 | Avg_Loss_G: 933.2546 | Total_Iter: 5874
[1958/10001] End of Epoch | Avg_Loss_D: 1.2904 | Avg_Loss_G: 933.4049 | Total_Iter: 5877
[1959/10001] End of Epoch | Avg_Loss_D: -2.9022 | Avg_Loss_G: 933.0151 | Total_Iter: 5880
[1960/10001] End of Epoch | Avg_Loss_D: -4.2529 | Avg_Loss_G: 933.6399 | Total_Iter: 5883
[1961/10001] End of Epoch | Avg_Loss_D: -3.7128 | Avg_Loss_G: 935.1370 | Total_Iter: 5886
[1962/10001] End of Epoch | Avg_Loss_D: -2.7483 | Avg_Loss_G: 935.7412 | Total_Iter: 5889
[1963/10001] End of Epoch | Avg_Loss_D: -1.4405 | Avg_Loss_G: 936.3306 | Total_Iter: 5892
[1964/10001] End of Epoch | Avg_Loss_D: 0.0040 | Avg_Loss_G: 934.8765 | Total_Iter: 5895
[1965/10001] End of Epoch | Avg_Loss_D: -0.9914 | Avg_Loss_G: 936.0502 | Total_Iter: 5898
[1966/10001] End of Epoch | Avg_Loss_D: -1.5053 | Avg_Loss_G: 934.6202 | Total_Iter: 5901
[1967/10001] End of Epoch | Avg_Loss_D: -1.0184 | Avg_Loss_G: 937.8044 | Total_Iter: 5904
[1968/10001] End of Epoch | Avg_Loss_D: -4.1660 | Avg_Loss_G: 935.8994 | Total_Iter: 5907
[1969/10001] End of Epoch | Avg_Loss_D: -2.3106 | Avg_Loss_G: 937.5244 | Total_Iter: 5910
[1970/10001] End of Epoch | Avg_Loss_D: -3.1670 | Avg_Loss_G: 936.9069 | Total_Iter: 5913
[1971/10001] End of Epoch | Avg_Loss_D: -2.5000 | Avg_Loss_G: 936.0829 | Total_Iter: 5916
[1972/10001] End of Epoch | Avg_Loss_D: -2.9652 | Avg_Loss_G: 936.8714 | Total_Iter: 5919
[1973/10001] End of Epoch | Avg_Loss_D: -4.0025 | Avg_Loss_G: 937.1268 | Total_Iter: 5922
[1974/10001] End of Epoch | Avg_Loss_D: -1.3630 | Avg_Loss_G: 936.3069 | Total_Iter: 5925
[1975/10001] End of Epoch | Avg_Loss_D: -3.9395 | Avg_Loss_G: 936.2456 | Total_Iter: 5928
[1976/10001] End of Epoch | Avg_Loss_D: -2.6134 | Avg_Loss_G: 936.4134 | Total_Iter: 5931
[1977/10001] End of Epoch | Avg_Loss_D: -4.0987 | Avg_Loss_G: 938.2445 | Total_Iter: 5934
[1978/10001] End of Epoch | Avg_Loss_D: -0.3045 | Avg_Loss_G: 937.8139 | Total_Iter: 5937
[1979/10001] End of Epoch | Avg_Loss_D: -0.7524 | Avg_Loss_G: 936.4598 | Total_Iter: 5940
[1980/10001] End of Epoch | Avg_Loss_D: 1.9062 | Avg_Loss_G: 937.1526 | Total_Iter: 5943
[1981/10001] End of Epoch | Avg_Loss_D: -3.0488 | Avg_Loss_G: 938.8496 | Total_Iter: 5946
[1982/10001] End of Epoch | Avg_Loss_D: -3.4041 | Avg_Loss_G: 940.2320 | Total_Iter: 5949
[1983/10001] End of Epoch | Avg_Loss_D: -0.9114 | Avg_Loss_G: 938.3886 | Total_Iter: 5952
[1984/10001] End of Epoch | Avg_Loss_D: -1.0108 | Avg_Loss_G: 937.2312 | Total_Iter: 5955
[1985/10001] End of Epoch | Avg_Loss_D: -2.6563 | Avg_Loss_G: 936.6904 | Total_Iter: 5958
[1986/10001] End of Epoch | Avg_Loss_D: -3.0790 | Avg_Loss_G: 939.0009 | Total_Iter: 5961
[1987/10001] End of Epoch | Avg_Loss_D: -4.2428 | Avg_Loss_G: 936.2815 | Total_Iter: 5964
[1988/10001] End of Epoch | Avg_Loss_D: -1.5866 | Avg_Loss_G: 939.6384 | Total_Iter: 5967
[1989/10001] End of Epoch | Avg_Loss_D: -3.4919 | Avg_Loss_G: 937.6992 | Total_Iter: 5970
[1990/10001] End of Epoch | Avg_Loss_D: -5.0844 | Avg_Loss_G: 937.3501 | Total_Iter: 5973
[1991/10001] End of Epoch | Avg_Loss_D: -2.6851 | Avg_Loss_G: 937.6758 | Total_Iter: 5976
[1992/10001] End of Epoch | Avg_Loss_D: -5.3188 | Avg_Loss_G: 934.8113 | Total_Iter: 5979
[1993/10001] End of Epoch | Avg_Loss_D: -2.5292 | Avg_Loss_G: 936.2726 | Total_Iter: 5982
[1994/10001] End of Epoch | Avg_Loss_D: -1.9760 | Avg_Loss_G: 936.0725 | Total_Iter: 5985
[1995/10001] End of Epoch | Avg_Loss_D: -3.2000 | Avg_Loss_G: 936.1384 | Total_Iter: 5988
[1996/10001] End of Epoch | Avg_Loss_D: -5.2307 | Avg_Loss_G: 939.4715 | Total_Iter: 5991
[1997/10001] End of Epoch | Avg_Loss_D: -4.5596 | Avg_Loss_G: 938.2264 | Total_Iter: 5994
[1998/10001] End of Epoch | Avg_Loss_D: -4.4210 | Avg_Loss_G: 937.4810 | Total_Iter: 5997
[1999/10001] End of Epoch | Avg_Loss_D: -4.2952 | Avg_Loss_G: 939.8632 | Total_Iter: 6000
[2000/10001] End of Epoch | Avg_Loss_D: -3.8809 | Avg_Loss_G: 938.7687 | Total_Iter: 6003
[2001/10001] End of Epoch | Avg_Loss_D: -1.2000 | Avg_Loss_G: 940.6593 | Total_Iter: 6006
[2002/10001] End of Epoch | Avg_Loss_D: -4.7306 | Avg_Loss_G: 936.9834 | Total_Iter: 6009
[2003/10001] End of Epoch | Avg_Loss_D: -6.4560 | Avg_Loss_G: 937.6246 | Total_Iter: 6012
[2004/10001] End of Epoch | Avg_Loss_D: -2.8920 | Avg_Loss_G: 937.6745 | Total_Iter: 6015
[2005/10001] End of Epoch | Avg_Loss_D: -3.8209 | Avg_Loss_G: 936.2076 | Total_Iter: 6018
[2006/10001] End of Epoch | Avg_Loss_D: -3.9846 | Avg_Loss_G: 938.5351 | Total_Iter: 6021
[2007/10001] End of Epoch | Avg_Loss_D: -5.7064 | Avg_Loss_G: 940.0480 | Total_Iter: 6024
[2008/10001] End of Epoch | Avg_Loss_D: -4.3093 | Avg_Loss_G: 940.6741 | Total_Iter: 6027
[2009/10001] End of Epoch | Avg_Loss_D: -3.1689 | Avg_Loss_G: 939.9743 | Total_Iter: 6030
[2010/10001] End of Epoch | Avg_Loss_D: -3.0636 | Avg_Loss_G: 938.3791 | Total_Iter: 6033
[2011/10001] End of Epoch | Avg_Loss_D: -5.0820 | Avg_Loss_G: 940.1890 | Total_Iter: 6036
[2012/10001] End of Epoch | Avg_Loss_D: -1.0561 | Avg_Loss_G: 941.8228 | Total_Iter: 6039
[2013/10001] End of Epoch | Avg_Loss_D: -5.5953 | Avg_Loss_G: 937.7834 | Total_Iter: 6042
[2014/10001] End of Epoch | Avg_Loss_D: -6.1194 | Avg_Loss_G: 937.4070 | Total_Iter: 6045
[2015/10001] End of Epoch | Avg_Loss_D: -5.4348 | Avg_Loss_G: 935.8148 | Total_Iter: 6048
[2016/10001] End of Epoch | Avg_Loss_D: -0.4542 | Avg_Loss_G: 936.9629 | Total_Iter: 6051
[2017/10001] End of Epoch | Avg_Loss_D: -5.6497 | Avg_Loss_G: 934.9044 | Total_Iter: 6054
[2018/10001] End of Epoch | Avg_Loss_D: -2.6171 | Avg_Loss_G: 937.2669 | Total_Iter: 6057
[2019/10001] End of Epoch | Avg_Loss_D: -4.4301 | Avg_Loss_G: 934.7801 | Total_Iter: 6060
[2020/10001] End of Epoch | Avg_Loss_D: -3.0965 | Avg_Loss_G: 936.3216 | Total_Iter: 6063
[2021/10001] End of Epoch | Avg_Loss_D: -3.5696 | Avg_Loss_G: 936.1861 | Total_Iter: 6066
[2022/10001] End of Epoch | Avg_Loss_D: -6.3476 | Avg_Loss_G: 940.0538 | Total_Iter: 6069
[2023/10001] End of Epoch | Avg_Loss_D: -4.5963 | Avg_Loss_G: 937.7279 | Total_Iter: 6072
[2024/10001] End of Epoch | Avg_Loss_D: -6.5283 | Avg_Loss_G: 939.5920 | Total_Iter: 6075
[2025/10001] End of Epoch | Avg_Loss_D: -5.0157 | Avg_Loss_G: 940.2786 | Total_Iter: 6078
[2026/10001] End of Epoch | Avg_Loss_D: -3.6943 | Avg_Loss_G: 938.0469 | Total_Iter: 6081
[2027/10001] End of Epoch | Avg_Loss_D: -6.1225 | Avg_Loss_G: 939.1312 | Total_Iter: 6084
[2028/10001] End of Epoch | Avg_Loss_D: -6.1729 | Avg_Loss_G: 941.5236 | Total_Iter: 6087
[2029/10001] End of Epoch | Avg_Loss_D: -4.3974 | Avg_Loss_G: 938.4665 | Total_Iter: 6090
[2030/10001] End of Epoch | Avg_Loss_D: -3.4091 | Avg_Loss_G: 936.9134 | Total_Iter: 6093
[2031/10001] End of Epoch | Avg_Loss_D: -8.7536 | Avg_Loss_G: 937.4827 | Total_Iter: 6096
[2032/10001] End of Epoch | Avg_Loss_D: -6.6599 | Avg_Loss_G: 938.7096 | Total_Iter: 6099
[2033/10001] End of Epoch | Avg_Loss_D: -5.2819 | Avg_Loss_G: 937.7542 | Total_Iter: 6102
[2034/10001] End of Epoch | Avg_Loss_D: -1.1015 | Avg_Loss_G: 936.3118 | Total_Iter: 6105
[2035/10001] End of Epoch | Avg_Loss_D: -4.6705 | Avg_Loss_G: 936.2407 | Total_Iter: 6108
[2036/10001] End of Epoch | Avg_Loss_D: -6.1712 | Avg_Loss_G: 938.6145 | Total_Iter: 6111
[2037/10001] End of Epoch | Avg_Loss_D: -3.9133 | Avg_Loss_G: 937.7107 | Total_Iter: 6114
[2038/10001] End of Epoch | Avg_Loss_D: -3.6509 | Avg_Loss_G: 937.7888 | Total_Iter: 6117
[2039/10001] End of Epoch | Avg_Loss_D: -5.4545 | Avg_Loss_G: 937.9185 | Total_Iter: 6120
[2040/10001] End of Epoch | Avg_Loss_D: -3.5030 | Avg_Loss_G: 936.1439 | Total_Iter: 6123
[2041/10001] End of Epoch | Avg_Loss_D: -3.5981 | Avg_Loss_G: 935.5437 | Total_Iter: 6126
[2042/10001] End of Epoch | Avg_Loss_D: -6.0198 | Avg_Loss_G: 933.5475 | Total_Iter: 6129
[2043/10001] End of Epoch | Avg_Loss_D: -0.0589 | Avg_Loss_G: 936.1768 | Total_Iter: 6132
[2044/10001] End of Epoch | Avg_Loss_D: -8.6399 | Avg_Loss_G: 936.9577 | Total_Iter: 6135
[2045/10001] End of Epoch | Avg_Loss_D: -4.6339 | Avg_Loss_G: 937.0837 | Total_Iter: 6138
[2046/10001] End of Epoch | Avg_Loss_D: -4.7186 | Avg_Loss_G: 936.5940 | Total_Iter: 6141
[2047/10001] End of Epoch | Avg_Loss_D: -6.1635 | Avg_Loss_G: 936.8260 | Total_Iter: 6144
[2048/10001] End of Epoch | Avg_Loss_D: -3.7334 | Avg_Loss_G: 937.4519 | Total_Iter: 6147
[2049/10001] End of Epoch | Avg_Loss_D: -4.1479 | Avg_Loss_G: 940.8269 | Total_Iter: 6150
[2050/10001] End of Epoch | Avg_Loss_D: -5.5289 | Avg_Loss_G: 941.7463 | Total_Iter: 6153
[2051/10001] End of Epoch | Avg_Loss_D: -5.2131 | Avg_Loss_G: 941.6775 | Total_Iter: 6156
[2052/10001] End of Epoch | Avg_Loss_D: -4.5917 | Avg_Loss_G: 941.7920 | Total_Iter: 6159
[2053/10001] End of Epoch | Avg_Loss_D: -8.1527 | Avg_Loss_G: 940.0846 | Total_Iter: 6162
[2054/10001] End of Epoch | Avg_Loss_D: -5.6489 | Avg_Loss_G: 941.1478 | Total_Iter: 6165
[2055/10001] End of Epoch | Avg_Loss_D: -5.0979 | Avg_Loss_G: 940.9064 | Total_Iter: 6168
[2056/10001] End of Epoch | Avg_Loss_D: -9.4643 | Avg_Loss_G: 939.9366 | Total_Iter: 6171
[2057/10001] End of Epoch | Avg_Loss_D: -7.1813 | Avg_Loss_G: 941.1251 | Total_Iter: 6174
[2058/10001] End of Epoch | Avg_Loss_D: -5.4343 | Avg_Loss_G: 939.5584 | Total_Iter: 6177
[2059/10001] End of Epoch | Avg_Loss_D: -6.8053 | Avg_Loss_G: 942.0250 | Total_Iter: 6180
[2060/10001] End of Epoch | Avg_Loss_D: -10.2958 | Avg_Loss_G: 943.2917 | Total_Iter: 6183
[2061/10001] End of Epoch | Avg_Loss_D: -8.3031 | Avg_Loss_G: 942.6272 | Total_Iter: 6186
[2062/10001] End of Epoch | Avg_Loss_D: -11.5197 | Avg_Loss_G: 943.1155 | Total_Iter: 6189
[2063/10001] End of Epoch | Avg_Loss_D: -4.8663 | Avg_Loss_G: 943.7386 | Total_Iter: 6192
[2064/10001] End of Epoch | Avg_Loss_D: -7.8585 | Avg_Loss_G: 938.0996 | Total_Iter: 6195
[2065/10001] End of Epoch | Avg_Loss_D: -6.9092 | Avg_Loss_G: 940.5273 | Total_Iter: 6198
[2066/10001] End of Epoch | Avg_Loss_D: -4.9120 | Avg_Loss_G: 943.2203 | Total_Iter: 6201
[2067/10001] End of Epoch | Avg_Loss_D: -4.7190 | Avg_Loss_G: 937.5212 | Total_Iter: 6204
[2068/10001] End of Epoch | Avg_Loss_D: -5.7305 | Avg_Loss_G: 939.2015 | Total_Iter: 6207
[2069/10001] End of Epoch | Avg_Loss_D: -10.0213 | Avg_Loss_G: 941.0161 | Total_Iter: 6210
[2070/10001] End of Epoch | Avg_Loss_D: -4.3201 | Avg_Loss_G: 937.2962 | Total_Iter: 6213
[2071/10001] End of Epoch | Avg_Loss_D: -7.7001 | Avg_Loss_G: 937.5399 | Total_Iter: 6216
[2072/10001] End of Epoch | Avg_Loss_D: -5.2833 | Avg_Loss_G: 937.9252 | Total_Iter: 6219
[2073/10001] End of Epoch | Avg_Loss_D: -8.1643 | Avg_Loss_G: 939.0362 | Total_Iter: 6222
[2074/10001] End of Epoch | Avg_Loss_D: -5.2038 | Avg_Loss_G: 940.9651 | Total_Iter: 6225
[2075/10001] End of Epoch | Avg_Loss_D: -7.6450 | Avg_Loss_G: 939.9370 | Total_Iter: 6228
[2076/10001] End of Epoch | Avg_Loss_D: -5.8101 | Avg_Loss_G: 936.5186 | Total_Iter: 6231
[2077/10001] End of Epoch | Avg_Loss_D: -6.4657 | Avg_Loss_G: 938.9923 | Total_Iter: 6234
[2078/10001] End of Epoch | Avg_Loss_D: -4.6540 | Avg_Loss_G: 939.4030 | Total_Iter: 6237
[2079/10001] End of Epoch | Avg_Loss_D: -8.3876 | Avg_Loss_G: 939.0916 | Total_Iter: 6240
[2080/10001] End of Epoch | Avg_Loss_D: -10.4185 | Avg_Loss_G: 940.8024 | Total_Iter: 6243
[2081/10001] End of Epoch | Avg_Loss_D: -9.1064 | Avg_Loss_G: 939.9685 | Total_Iter: 6246
[2082/10001] End of Epoch | Avg_Loss_D: -12.8577 | Avg_Loss_G: 935.1948 | Total_Iter: 6249
[2083/10001] End of Epoch | Avg_Loss_D: -5.8038 | Avg_Loss_G: 939.0409 | Total_Iter: 6252
[2084/10001] End of Epoch | Avg_Loss_D: -13.0161 | Avg_Loss_G: 937.7984 | Total_Iter: 6255
[2085/10001] End of Epoch | Avg_Loss_D: -9.4478 | Avg_Loss_G: 940.2805 | Total_Iter: 6258
[2086/10001] End of Epoch | Avg_Loss_D: -9.9244 | Avg_Loss_G: 941.5319 | Total_Iter: 6261
[2087/10001] End of Epoch | Avg_Loss_D: -8.9520 | Avg_Loss_G: 943.7575 | Total_Iter: 6264
[2088/10001] End of Epoch | Avg_Loss_D: -9.5959 | Avg_Loss_G: 942.5511 | Total_Iter: 6267
[2089/10001] End of Epoch | Avg_Loss_D: -10.0602 | Avg_Loss_G: 942.6913 | Total_Iter: 6270
[2090/10001] End of Epoch | Avg_Loss_D: -12.0283 | Avg_Loss_G: 944.4162 | Total_Iter: 6273
[2091/10001] End of Epoch | Avg_Loss_D: -9.8690 | Avg_Loss_G: 942.7779 | Total_Iter: 6276
[2092/10001] End of Epoch | Avg_Loss_D: -7.7191 | Avg_Loss_G: 936.5063 | Total_Iter: 6279
[2093/10001] End of Epoch | Avg_Loss_D: -8.4393 | Avg_Loss_G: 937.4099 | Total_Iter: 6282
[2094/10001] End of Epoch | Avg_Loss_D: -5.6816 | Avg_Loss_G: 938.8940 | Total_Iter: 6285
[2095/10001] End of Epoch | Avg_Loss_D: -15.5565 | Avg_Loss_G: 938.8524 | Total_Iter: 6288
[2096/10001] End of Epoch | Avg_Loss_D: -12.0768 | Avg_Loss_G: 943.1511 | Total_Iter: 6291
[2097/10001] End of Epoch | Avg_Loss_D: -9.7069 | Avg_Loss_G: 942.0873 | Total_Iter: 6294
[2098/10001] End of Epoch | Avg_Loss_D: -12.4952 | Avg_Loss_G: 946.1148 | Total_Iter: 6297
[2099/10001] End of Epoch | Avg_Loss_D: -6.1944 | Avg_Loss_G: 943.0754 | Total_Iter: 6300
[2100/10001] End of Epoch | Avg_Loss_D: -10.2933 | Avg_Loss_G: 938.7136 | Total_Iter: 6303
[2101/10001] End of Epoch | Avg_Loss_D: -9.2539 | Avg_Loss_G: 941.2039 | Total_Iter: 6306
[2102/10001] End of Epoch | Avg_Loss_D: -9.6408 | Avg_Loss_G: 936.2146 | Total_Iter: 6309
[2103/10001] End of Epoch | Avg_Loss_D: -13.7643 | Avg_Loss_G: 934.7005 | Total_Iter: 6312
[2104/10001] End of Epoch | Avg_Loss_D: -16.6538 | Avg_Loss_G: 938.7460 | Total_Iter: 6315
[2105/10001] End of Epoch | Avg_Loss_D: -14.5532 | Avg_Loss_G: 942.3537 | Total_Iter: 6318
[2106/10001] End of Epoch | Avg_Loss_D: -8.7707 | Avg_Loss_G: 941.1487 | Total_Iter: 6321
[2107/10001] End of Epoch | Avg_Loss_D: -11.2809 | Avg_Loss_G: 934.5808 | Total_Iter: 6324
[2108/10001] End of Epoch | Avg_Loss_D: -3.0243 | Avg_Loss_G: 943.9372 | Total_Iter: 6327
[2109/10001] End of Epoch | Avg_Loss_D: -17.0176 | Avg_Loss_G: 946.6916 | Total_Iter: 6330
[2110/10001] End of Epoch | Avg_Loss_D: -3.5761 | Avg_Loss_G: 940.6932 | Total_Iter: 6333
[2111/10001] End of Epoch | Avg_Loss_D: -10.9084 | Avg_Loss_G: 932.3834 | Total_Iter: 6336
[2112/10001] End of Epoch | Avg_Loss_D: -7.7050 | Avg_Loss_G: 947.1977 | Total_Iter: 6339
[2113/10001] End of Epoch | Avg_Loss_D: -8.5050 | Avg_Loss_G: 942.9880 | Total_Iter: 6342
[2114/10001] End of Epoch | Avg_Loss_D: -12.9437 | Avg_Loss_G: 946.0913 | Total_Iter: 6345
[2115/10001] End of Epoch | Avg_Loss_D: -10.4562 | Avg_Loss_G: 941.0776 | Total_Iter: 6348
[2116/10001] End of Epoch | Avg_Loss_D: -12.8930 | Avg_Loss_G: 948.7970 | Total_Iter: 6351
[2117/10001] End of Epoch | Avg_Loss_D: -10.8895 | Avg_Loss_G: 941.5938 | Total_Iter: 6354
[2118/10001] End of Epoch | Avg_Loss_D: -14.4189 | Avg_Loss_G: 941.5231 | Total_Iter: 6357
[2119/10001] End of Epoch | Avg_Loss_D: -7.2455 | Avg_Loss_G: 944.2712 | Total_Iter: 6360
[2120/10001] End of Epoch | Avg_Loss_D: -7.3360 | Avg_Loss_G: 941.7332 | Total_Iter: 6363
[2121/10001] End of Epoch | Avg_Loss_D: -10.1974 | Avg_Loss_G: 941.4827 | Total_Iter: 6366
[2122/10001] End of Epoch | Avg_Loss_D: -10.5401 | Avg_Loss_G: 944.6074 | Total_Iter: 6369
[2123/10001] End of Epoch | Avg_Loss_D: -10.9200 | Avg_Loss_G: 945.1785 | Total_Iter: 6372
[2124/10001] End of Epoch | Avg_Loss_D: -12.8980 | Avg_Loss_G: 939.4269 | Total_Iter: 6375
[2125/10001] End of Epoch | Avg_Loss_D: -14.6012 | Avg_Loss_G: 942.4527 | Total_Iter: 6378
[2126/10001] End of Epoch | Avg_Loss_D: -6.2591 | Avg_Loss_G: 946.7705 | Total_Iter: 6381
[2127/10001] End of Epoch | Avg_Loss_D: -21.7730 | Avg_Loss_G: 948.4923 | Total_Iter: 6384
[2128/10001] End of Epoch | Avg_Loss_D: -13.7918 | Avg_Loss_G: 941.6010 | Total_Iter: 6387
[2129/10001] End of Epoch | Avg_Loss_D: -9.6169 | Avg_Loss_G: 942.3926 | Total_Iter: 6390
[2130/10001] End of Epoch | Avg_Loss_D: -17.0626 | Avg_Loss_G: 950.3723 | Total_Iter: 6393
[2131/10001] End of Epoch | Avg_Loss_D: -18.8204 | Avg_Loss_G: 941.9770 | Total_Iter: 6396
[2132/10001] End of Epoch | Avg_Loss_D: -14.3789 | Avg_Loss_G: 945.4408 | Total_Iter: 6399
[2133/10001] End of Epoch | Avg_Loss_D: -17.4227 | Avg_Loss_G: 944.3976 | Total_Iter: 6402
[2134/10001] End of Epoch | Avg_Loss_D: -14.8420 | Avg_Loss_G: 942.6325 | Total_Iter: 6405
[2135/10001] End of Epoch | Avg_Loss_D: -17.1222 | Avg_Loss_G: 939.0557 | Total_Iter: 6408
[2136/10001] End of Epoch | Avg_Loss_D: -23.0999 | Avg_Loss_G: 947.5339 | Total_Iter: 6411
[2137/10001] End of Epoch | Avg_Loss_D: -16.6791 | Avg_Loss_G: 946.3456 | Total_Iter: 6414
[2138/10001] End of Epoch | Avg_Loss_D: -31.5244 | Avg_Loss_G: 936.0427 | Total_Iter: 6417
[2139/10001] End of Epoch | Avg_Loss_D: -16.7121 | Avg_Loss_G: 934.7933 | Total_Iter: 6420
[2140/10001] End of Epoch | Avg_Loss_D: -17.8245 | Avg_Loss_G: 937.5967 | Total_Iter: 6423
[2141/10001] End of Epoch | Avg_Loss_D: -15.2824 | Avg_Loss_G: 939.0456 | Total_Iter: 6426
[2142/10001] End of Epoch | Avg_Loss_D: -28.6092 | Avg_Loss_G: 940.6169 | Total_Iter: 6429
[2143/10001] End of Epoch | Avg_Loss_D: -14.6780 | Avg_Loss_G: 939.3210 | Total_Iter: 6432
[2144/10001] End of Epoch | Avg_Loss_D: -20.7105 | Avg_Loss_G: 934.9417 | Total_Iter: 6435
[2145/10001] End of Epoch | Avg_Loss_D: -17.6122 | Avg_Loss_G: 942.0208 | Total_Iter: 6438
[2146/10001] End of Epoch | Avg_Loss_D: -19.5472 | Avg_Loss_G: 947.7447 | Total_Iter: 6441
[2147/10001] End of Epoch | Avg_Loss_D: -16.2131 | Avg_Loss_G: 947.7345 | Total_Iter: 6444
[2148/10001] End of Epoch | Avg_Loss_D: -22.5153 | Avg_Loss_G: 936.3516 | Total_Iter: 6447
[2149/10001] End of Epoch | Avg_Loss_D: -16.2667 | Avg_Loss_G: 936.1648 | Total_Iter: 6450
[2150/10001] End of Epoch | Avg_Loss_D: -19.6600 | Avg_Loss_G: 933.0566 | Total_Iter: 6453
[2151/10001] End of Epoch | Avg_Loss_D: -28.4792 | Avg_Loss_G: 938.9703 | Total_Iter: 6456
[2152/10001] End of Epoch | Avg_Loss_D: -17.4480 | Avg_Loss_G: 942.6173 | Total_Iter: 6459
[2153/10001] End of Epoch | Avg_Loss_D: -25.5148 | Avg_Loss_G: 933.1536 | Total_Iter: 6462
[2154/10001] End of Epoch | Avg_Loss_D: -31.7709 | Avg_Loss_G: 935.2971 | Total_Iter: 6465
[2155/10001] End of Epoch | Avg_Loss_D: -25.5830 | Avg_Loss_G: 946.4884 | Total_Iter: 6468
[2156/10001] End of Epoch | Avg_Loss_D: -21.7130 | Avg_Loss_G: 937.0315 | Total_Iter: 6471
[2157/10001] End of Epoch | Avg_Loss_D: -50.3161 | Avg_Loss_G: 927.7859 | Total_Iter: 6474
[2158/10001] End of Epoch | Avg_Loss_D: -25.2236 | Avg_Loss_G: 928.8596 | Total_Iter: 6477
[2159/10001] End of Epoch | Avg_Loss_D: -32.3851 | Avg_Loss_G: 939.4604 | Total_Iter: 6480
[2160/10001] End of Epoch | Avg_Loss_D: -24.6437 | Avg_Loss_G: 945.1754 | Total_Iter: 6483
[2161/10001] End of Epoch | Avg_Loss_D: -14.1707 | Avg_Loss_G: 948.9955 | Total_Iter: 6486
[2162/10001] End of Epoch | Avg_Loss_D: -39.9962 | Avg_Loss_G: 942.2896 | Total_Iter: 6489
[2163/10001] End of Epoch | Avg_Loss_D: -34.9244 | Avg_Loss_G: 942.2138 | Total_Iter: 6492
[2164/10001] End of Epoch | Avg_Loss_D: 27.0498 | Avg_Loss_G: 952.6834 | Total_Iter: 6495
[2165/10001] End of Epoch | Avg_Loss_D: -53.8257 | Avg_Loss_G: 942.0086 | Total_Iter: 6498
[2166/10001] End of Epoch | Avg_Loss_D: -42.3336 | Avg_Loss_G: 945.9069 | Total_Iter: 6501
[2167/10001] End of Epoch | Avg_Loss_D: -48.4084 | Avg_Loss_G: 951.2479 | Total_Iter: 6504
[2168/10001] End of Epoch | Avg_Loss_D: -30.6274 | Avg_Loss_G: 957.8924 | Total_Iter: 6507
[2169/10001] End of Epoch | Avg_Loss_D: -73.6844 | Avg_Loss_G: 927.6365 | Total_Iter: 6510
[2170/10001] End of Epoch | Avg_Loss_D: -29.1699 | Avg_Loss_G: 945.4066 | Total_Iter: 6513
[2171/10001] End of Epoch | Avg_Loss_D: 5.0797 | Avg_Loss_G: 950.2776 | Total_Iter: 6516
[2172/10001] End of Epoch | Avg_Loss_D: -34.9167 | Avg_Loss_G: 952.7975 | Total_Iter: 6519
[2173/10001] End of Epoch | Avg_Loss_D: -89.1617 | Avg_Loss_G: 949.2021 | Total_Iter: 6522
[2174/10001] End of Epoch | Avg_Loss_D: -67.1594 | Avg_Loss_G: 956.1218 | Total_Iter: 6525
[2175/10001] End of Epoch | Avg_Loss_D: -37.3100 | Avg_Loss_G: 950.7449 | Total_Iter: 6528
[2176/10001] End of Epoch | Avg_Loss_D: -35.8432 | Avg_Loss_G: 957.5184 | Total_Iter: 6531
[2177/10001] End of Epoch | Avg_Loss_D: -40.1324 | Avg_Loss_G: 965.6935 | Total_Iter: 6534
[2178/10001] End of Epoch | Avg_Loss_D: -60.7107 | Avg_Loss_G: 944.2529 | Total_Iter: 6537
[2179/10001] End of Epoch | Avg_Loss_D: -91.0935 | Avg_Loss_G: 945.7893 | Total_Iter: 6540
[2180/10001] End of Epoch | Avg_Loss_D: -132.6309 | Avg_Loss_G: 939.9111 | Total_Iter: 6543
[2181/10001] End of Epoch | Avg_Loss_D: -147.7394 | Avg_Loss_G: 964.0063 | Total_Iter: 6546
[2182/10001] End of Epoch | Avg_Loss_D: -185.9228 | Avg_Loss_G: 931.3790 | Total_Iter: 6549
[2183/10001] End of Epoch | Avg_Loss_D: -132.5149 | Avg_Loss_G: 950.6288 | Total_Iter: 6552
[2184/10001] End of Epoch | Avg_Loss_D: -192.1097 | Avg_Loss_G: 946.2135 | Total_Iter: 6555
[2185/10001] End of Epoch | Avg_Loss_D: -82.3710 | Avg_Loss_G: 940.9275 | Total_Iter: 6558
[2186/10001] End of Epoch | Avg_Loss_D: -109.4274 | Avg_Loss_G: 938.8022 | Total_Iter: 6561
[2187/10001] End of Epoch | Avg_Loss_D: -516.4163 | Avg_Loss_G: 920.5553 | Total_Iter: 6564
[2188/10001] End of Epoch | Avg_Loss_D: -299.1386 | Avg_Loss_G: 860.5423 | Total_Iter: 6567
[2189/10001] End of Epoch | Avg_Loss_D: 151.5606 | Avg_Loss_G: 979.5316 | Total_Iter: 6570
[2190/10001] End of Epoch | Avg_Loss_D: -683.6409 | Avg_Loss_G: 966.4012 | Total_Iter: 6573
[2191/10001] End of Epoch | Avg_Loss_D: 49.2206 | Avg_Loss_G: 877.7332 | Total_Iter: 6576
[2192/10001] End of Epoch | Avg_Loss_D: -85.6240 | Avg_Loss_G: 883.7893 | Total_Iter: 6579
[2193/10001] End of Epoch | Avg_Loss_D: -139.6844 | Avg_Loss_G: 836.2512 | Total_Iter: 6582
[2194/10001] End of Epoch | Avg_Loss_D: -868.9745 | Avg_Loss_G: 929.5583 | Total_Iter: 6585
[2195/10001] End of Epoch | Avg_Loss_D: -637.8331 | Avg_Loss_G: 936.9236 | Total_Iter: 6588
[2196/10001] End of Epoch | Avg_Loss_D: -740.6948 | Avg_Loss_G: 908.3716 | Total_Iter: 6591
[2197/10001] End of Epoch | Avg_Loss_D: -55.2042 | Avg_Loss_G: 867.6824 | Total_Iter: 6594
[2198/10001] End of Epoch | Avg_Loss_D: -472.1606 | Avg_Loss_G: 765.9052 | Total_Iter: 6597
[2199/10001] End of Epoch | Avg_Loss_D: -922.1925 | Avg_Loss_G: 852.5141 | Total_Iter: 6600
[2200/10001] End of Epoch | Avg_Loss_D: -468.7456 | Avg_Loss_G: 822.8204 | Total_Iter: 6603
[2201/10001] End of Epoch | Avg_Loss_D: -570.0163 | Avg_Loss_G: 827.4721 | Total_Iter: 6606
[2202/10001] End of Epoch | Avg_Loss_D: -651.0310 | Avg_Loss_G: 856.3221 | Total_Iter: 6609
[2203/10001] End of Epoch | Avg_Loss_D: -1188.8745 | Avg_Loss_G: 887.9239 | Total_Iter: 6612
[2204/10001] End of Epoch | Avg_Loss_D: -828.9596 | Avg_Loss_G: 957.9625 | Total_Iter: 6615
[2205/10001] End of Epoch | Avg_Loss_D: -338.6751 | Avg_Loss_G: 836.4209 | Total_Iter: 6618
[2206/10001] End of Epoch | Avg_Loss_D: -1002.4984 | Avg_Loss_G: 958.6835 | Total_Iter: 6621
[2207/10001] End of Epoch | Avg_Loss_D: -1661.5516 | Avg_Loss_G: 967.0515 | Total_Iter: 6624
[2208/10001] End of Epoch | Avg_Loss_D: 291.3081 | Avg_Loss_G: 917.2064 | Total_Iter: 6627
[2209/10001] End of Epoch | Avg_Loss_D: 125.9290 | Avg_Loss_G: 913.4100 | Total_Iter: 6630
[2210/10001] End of Epoch | Avg_Loss_D: 89.1985 | Avg_Loss_G: 915.0924 | Total_Iter: 6633
[2211/10001] End of Epoch | Avg_Loss_D: 23.0948 | Avg_Loss_G: 912.2164 | Total_Iter: 6636
[2212/10001] End of Epoch | Avg_Loss_D: 40.9032 | Avg_Loss_G: 911.8601 | Total_Iter: 6639
[2213/10001] End of Epoch | Avg_Loss_D: 27.4457 | Avg_Loss_G: 917.2972 | Total_Iter: 6642
[2214/10001] End of Epoch | Avg_Loss_D: 23.5851 | Avg_Loss_G: 912.0530 | Total_Iter: 6645
[2215/10001] End of Epoch | Avg_Loss_D: 24.8946 | Avg_Loss_G: 916.1220 | Total_Iter: 6648
[2216/10001] End of Epoch | Avg_Loss_D: 37.1574 | Avg_Loss_G: 913.7358 | Total_Iter: 6651
[2217/10001] End of Epoch | Avg_Loss_D: 29.4187 | Avg_Loss_G: 916.3409 | Total_Iter: 6654
[2218/10001] End of Epoch | Avg_Loss_D: 0.5623 | Avg_Loss_G: 910.9104 | Total_Iter: 6657
[2219/10001] End of Epoch | Avg_Loss_D: 8.4993 | Avg_Loss_G: 920.0305 | Total_Iter: 6660
[2220/10001] End of Epoch | Avg_Loss_D: 0.4599 | Avg_Loss_G: 921.1554 | Total_Iter: 6663
[2221/10001] End of Epoch | Avg_Loss_D: 15.5193 | Avg_Loss_G: 926.2696 | Total_Iter: 6666
[2222/10001] End of Epoch | Avg_Loss_D: 13.2069 | Avg_Loss_G: 928.6711 | Total_Iter: 6669
[2223/10001] End of Epoch | Avg_Loss_D: 21.5661 | Avg_Loss_G: 926.6481 | Total_Iter: 6672
[2224/10001] End of Epoch | Avg_Loss_D: 21.5468 | Avg_Loss_G: 923.3140 | Total_Iter: 6675
[2225/10001] End of Epoch | Avg_Loss_D: 12.2328 | Avg_Loss_G: 931.9121 | Total_Iter: 6678
[2226/10001] End of Epoch | Avg_Loss_D: 2.3461 | Avg_Loss_G: 930.6851 | Total_Iter: 6681
[2227/10001] End of Epoch | Avg_Loss_D: 11.0966 | Avg_Loss_G: 926.1241 | Total_Iter: 6684
[2228/10001] End of Epoch | Avg_Loss_D: 21.4106 | Avg_Loss_G: 934.7563 | Total_Iter: 6687
[2229/10001] End of Epoch | Avg_Loss_D: 14.6408 | Avg_Loss_G: 927.9898 | Total_Iter: 6690
[2230/10001] End of Epoch | Avg_Loss_D: 16.6926 | Avg_Loss_G: 924.9446 | Total_Iter: 6693
[2231/10001] End of Epoch | Avg_Loss_D: 9.4057 | Avg_Loss_G: 933.8137 | Total_Iter: 6696
[2232/10001] End of Epoch | Avg_Loss_D: 6.0923 | Avg_Loss_G: 927.5961 | Total_Iter: 6699
[2233/10001] End of Epoch | Avg_Loss_D: 11.6531 | Avg_Loss_G: 940.4767 | Total_Iter: 6702
[2234/10001] End of Epoch | Avg_Loss_D: 7.6624 | Avg_Loss_G: 937.7867 | Total_Iter: 6705
[2235/10001] End of Epoch | Avg_Loss_D: 20.2010 | Avg_Loss_G: 936.8558 | Total_Iter: 6708
[2236/10001] End of Epoch | Avg_Loss_D: 12.7691 | Avg_Loss_G: 940.4957 | Total_Iter: 6711
[2237/10001] End of Epoch | Avg_Loss_D: 24.0207 | Avg_Loss_G: 940.2618 | Total_Iter: 6714
[2238/10001] End of Epoch | Avg_Loss_D: 12.4131 | Avg_Loss_G: 950.8067 | Total_Iter: 6717
[2239/10001] End of Epoch | Avg_Loss_D: 13.4100 | Avg_Loss_G: 938.1419 | Total_Iter: 6720
[2240/10001] End of Epoch | Avg_Loss_D: -1.0888 | Avg_Loss_G: 945.3953 | Total_Iter: 6723
[2241/10001] End of Epoch | Avg_Loss_D: 6.8116 | Avg_Loss_G: 949.7603 | Total_Iter: 6726
[2242/10001] End of Epoch | Avg_Loss_D: -0.6244 | Avg_Loss_G: 949.6144 | Total_Iter: 6729
[2243/10001] End of Epoch | Avg_Loss_D: 8.2096 | Avg_Loss_G: 947.8090 | Total_Iter: 6732
[2244/10001] End of Epoch | Avg_Loss_D: 9.7609 | Avg_Loss_G: 949.0796 | Total_Iter: 6735
[2245/10001] End of Epoch | Avg_Loss_D: 7.6503 | Avg_Loss_G: 950.2661 | Total_Iter: 6738
[2246/10001] End of Epoch | Avg_Loss_D: 3.5242 | Avg_Loss_G: 946.7003 | Total_Iter: 6741
[2247/10001] End of Epoch | Avg_Loss_D: 3.2220 | Avg_Loss_G: 950.2216 | Total_Iter: 6744
[2248/10001] End of Epoch | Avg_Loss_D: 1.8659 | Avg_Loss_G: 954.3301 | Total_Iter: 6747
[2249/10001] End of Epoch | Avg_Loss_D: 4.4216 | Avg_Loss_G: 951.5164 | Total_Iter: 6750
[2250/10001] End of Epoch | Avg_Loss_D: 11.1513 | Avg_Loss_G: 954.0833 | Total_Iter: 6753
[2251/10001] End of Epoch | Avg_Loss_D: 4.0422 | Avg_Loss_G: 950.8955 | Total_Iter: 6756
[2252/10001] End of Epoch | Avg_Loss_D: 1.3050 | Avg_Loss_G: 955.2620 | Total_Iter: 6759
[2253/10001] End of Epoch | Avg_Loss_D: 1.0805 | Avg_Loss_G: 955.7472 | Total_Iter: 6762
[2254/10001] End of Epoch | Avg_Loss_D: 4.8003 | Avg_Loss_G: 959.8914 | Total_Iter: 6765
[2255/10001] End of Epoch | Avg_Loss_D: -1.5108 | Avg_Loss_G: 957.2189 | Total_Iter: 6768
[2256/10001] End of Epoch | Avg_Loss_D: -2.8150 | Avg_Loss_G: 961.3808 | Total_Iter: 6771
[2257/10001] End of Epoch | Avg_Loss_D: 3.8515 | Avg_Loss_G: 958.1542 | Total_Iter: 6774
[2258/10001] End of Epoch | Avg_Loss_D: 0.4172 | Avg_Loss_G: 959.3366 | Total_Iter: 6777
[2259/10001] End of Epoch | Avg_Loss_D: 4.9809 | Avg_Loss_G: 958.8679 | Total_Iter: 6780
[2260/10001] End of Epoch | Avg_Loss_D: 2.1901 | Avg_Loss_G: 956.6819 | Total_Iter: 6783
[2261/10001] End of Epoch | Avg_Loss_D: -0.3861 | Avg_Loss_G: 957.6968 | Total_Iter: 6786
[2262/10001] End of Epoch | Avg_Loss_D: -2.7732 | Avg_Loss_G: 957.4281 | Total_Iter: 6789
[2263/10001] End of Epoch | Avg_Loss_D: -3.6247 | Avg_Loss_G: 955.7206 | Total_Iter: 6792
[2264/10001] End of Epoch | Avg_Loss_D: -5.7082 | Avg_Loss_G: 958.1888 | Total_Iter: 6795
[2265/10001] End of Epoch | Avg_Loss_D: 2.3019 | Avg_Loss_G: 957.2662 | Total_Iter: 6798
[2266/10001] End of Epoch | Avg_Loss_D: 2.9753 | Avg_Loss_G: 957.5751 | Total_Iter: 6801
[2267/10001] End of Epoch | Avg_Loss_D: -4.4603 | Avg_Loss_G: 962.4565 | Total_Iter: 6804
[2268/10001] End of Epoch | Avg_Loss_D: -4.3342 | Avg_Loss_G: 961.4040 | Total_Iter: 6807
[2269/10001] End of Epoch | Avg_Loss_D: -1.1679 | Avg_Loss_G: 961.8167 | Total_Iter: 6810
[2270/10001] End of Epoch | Avg_Loss_D: -4.4567 | Avg_Loss_G: 960.3350 | Total_Iter: 6813
[2271/10001] End of Epoch | Avg_Loss_D: -3.0488 | Avg_Loss_G: 960.1634 | Total_Iter: 6816
[2272/10001] End of Epoch | Avg_Loss_D: 2.8113 | Avg_Loss_G: 957.8909 | Total_Iter: 6819
[2273/10001] End of Epoch | Avg_Loss_D: -2.9317 | Avg_Loss_G: 959.9509 | Total_Iter: 6822
[2274/10001] End of Epoch | Avg_Loss_D: -5.8749 | Avg_Loss_G: 960.0806 | Total_Iter: 6825
[2275/10001] End of Epoch | Avg_Loss_D: -2.8167 | Avg_Loss_G: 960.9309 | Total_Iter: 6828
[2276/10001] End of Epoch | Avg_Loss_D: -4.4396 | Avg_Loss_G: 961.7166 | Total_Iter: 6831
[2277/10001] End of Epoch | Avg_Loss_D: -4.5671 | Avg_Loss_G: 963.6451 | Total_Iter: 6834
[2278/10001] End of Epoch | Avg_Loss_D: 1.4512 | Avg_Loss_G: 961.1851 | Total_Iter: 6837
[2279/10001] End of Epoch | Avg_Loss_D: -7.0124 | Avg_Loss_G: 963.7170 | Total_Iter: 6840
[2280/10001] End of Epoch | Avg_Loss_D: -2.7391 | Avg_Loss_G: 958.6748 | Total_Iter: 6843
[2281/10001] End of Epoch | Avg_Loss_D: -5.0200 | Avg_Loss_G: 962.4754 | Total_Iter: 6846
[2282/10001] End of Epoch | Avg_Loss_D: -6.4012 | Avg_Loss_G: 963.8825 | Total_Iter: 6849
[2283/10001] End of Epoch | Avg_Loss_D: -0.5972 | Avg_Loss_G: 963.9562 | Total_Iter: 6852
[2284/10001] End of Epoch | Avg_Loss_D: -4.9303 | Avg_Loss_G: 963.0262 | Total_Iter: 6855
[2285/10001] End of Epoch | Avg_Loss_D: -9.4085 | Avg_Loss_G: 966.3662 | Total_Iter: 6858
[2286/10001] End of Epoch | Avg_Loss_D: -0.4886 | Avg_Loss_G: 962.8111 | Total_Iter: 6861
[2287/10001] End of Epoch | Avg_Loss_D: -10.1716 | Avg_Loss_G: 964.7327 | Total_Iter: 6864
[2288/10001] End of Epoch | Avg_Loss_D: -3.7352 | Avg_Loss_G: 963.3562 | Total_Iter: 6867
[2289/10001] End of Epoch | Avg_Loss_D: -5.1551 | Avg_Loss_G: 962.8301 | Total_Iter: 6870
[2290/10001] End of Epoch | Avg_Loss_D: -6.5978 | Avg_Loss_G: 964.9706 | Total_Iter: 6873
[2291/10001] End of Epoch | Avg_Loss_D: 1.0861 | Avg_Loss_G: 963.5564 | Total_Iter: 6876
[2292/10001] End of Epoch | Avg_Loss_D: -5.0648 | Avg_Loss_G: 965.9872 | Total_Iter: 6879
[2293/10001] End of Epoch | Avg_Loss_D: -4.5226 | Avg_Loss_G: 967.4779 | Total_Iter: 6882
[2294/10001] End of Epoch | Avg_Loss_D: -3.4466 | Avg_Loss_G: 964.5706 | Total_Iter: 6885
[2295/10001] End of Epoch | Avg_Loss_D: -5.1490 | Avg_Loss_G: 964.3534 | Total_Iter: 6888
[2296/10001] End of Epoch | Avg_Loss_D: -13.7341 | Avg_Loss_G: 966.2778 | Total_Iter: 6891
[2297/10001] End of Epoch | Avg_Loss_D: -2.1672 | Avg_Loss_G: 965.3498 | Total_Iter: 6894
[2298/10001] End of Epoch | Avg_Loss_D: -5.3183 | Avg_Loss_G: 961.7987 | Total_Iter: 6897
[2299/10001] End of Epoch | Avg_Loss_D: -10.6713 | Avg_Loss_G: 962.3430 | Total_Iter: 6900
[2300/10001] End of Epoch | Avg_Loss_D: 0.5464 | Avg_Loss_G: 968.3892 | Total_Iter: 6903
[2301/10001] End of Epoch | Avg_Loss_D: -3.6419 | Avg_Loss_G: 967.9889 | Total_Iter: 6906
[2302/10001] End of Epoch | Avg_Loss_D: -5.6039 | Avg_Loss_G: 968.2909 | Total_Iter: 6909
[2303/10001] End of Epoch | Avg_Loss_D: -9.6968 | Avg_Loss_G: 961.7176 | Total_Iter: 6912
[2304/10001] End of Epoch | Avg_Loss_D: -13.1316 | Avg_Loss_G: 965.2806 | Total_Iter: 6915
[2305/10001] End of Epoch | Avg_Loss_D: -2.2421 | Avg_Loss_G: 964.9219 | Total_Iter: 6918
[2306/10001] End of Epoch | Avg_Loss_D: -4.7828 | Avg_Loss_G: 971.4607 | Total_Iter: 6921
[2307/10001] End of Epoch | Avg_Loss_D: -12.8874 | Avg_Loss_G: 965.9826 | Total_Iter: 6924
[2308/10001] End of Epoch | Avg_Loss_D: -8.4361 | Avg_Loss_G: 966.7821 | Total_Iter: 6927
[2309/10001] End of Epoch | Avg_Loss_D: -9.4588 | Avg_Loss_G: 966.0909 | Total_Iter: 6930
[2310/10001] End of Epoch | Avg_Loss_D: -7.9705 | Avg_Loss_G: 969.5717 | Total_Iter: 6933
[2311/10001] End of Epoch | Avg_Loss_D: -4.5053 | Avg_Loss_G: 965.5763 | Total_Iter: 6936
[2312/10001] End of Epoch | Avg_Loss_D: -8.7870 | Avg_Loss_G: 967.8490 | Total_Iter: 6939
[2313/10001] End of Epoch | Avg_Loss_D: -6.6436 | Avg_Loss_G: 970.6069 | Total_Iter: 6942
[2314/10001] End of Epoch | Avg_Loss_D: -7.1901 | Avg_Loss_G: 968.1453 | Total_Iter: 6945
[2315/10001] End of Epoch | Avg_Loss_D: -8.8675 | Avg_Loss_G: 966.3051 | Total_Iter: 6948
[2316/10001] End of Epoch | Avg_Loss_D: -9.9683 | Avg_Loss_G: 972.8619 | Total_Iter: 6951
[2317/10001] End of Epoch | Avg_Loss_D: -1.4996 | Avg_Loss_G: 968.9781 | Total_Iter: 6954
[2318/10001] End of Epoch | Avg_Loss_D: -7.4689 | Avg_Loss_G: 970.4996 | Total_Iter: 6957
[2319/10001] End of Epoch | Avg_Loss_D: -11.7766 | Avg_Loss_G: 968.8312 | Total_Iter: 6960
[2320/10001] End of Epoch | Avg_Loss_D: -5.9476 | Avg_Loss_G: 967.0183 | Total_Iter: 6963
[2321/10001] End of Epoch | Avg_Loss_D: -21.1986 | Avg_Loss_G: 967.6941 | Total_Iter: 6966
[2322/10001] End of Epoch | Avg_Loss_D: -13.1953 | Avg_Loss_G: 972.0863 | Total_Iter: 6969
[2323/10001] End of Epoch | Avg_Loss_D: -8.5513 | Avg_Loss_G: 968.5026 | Total_Iter: 6972
[2324/10001] End of Epoch | Avg_Loss_D: -8.0328 | Avg_Loss_G: 970.3990 | Total_Iter: 6975
[2325/10001] End of Epoch | Avg_Loss_D: -11.1072 | Avg_Loss_G: 969.8589 | Total_Iter: 6978
[2326/10001] End of Epoch | Avg_Loss_D: -6.7681 | Avg_Loss_G: 968.8326 | Total_Iter: 6981
[2327/10001] End of Epoch | Avg_Loss_D: -8.9949 | Avg_Loss_G: 972.2729 | Total_Iter: 6984
[2328/10001] End of Epoch | Avg_Loss_D: -7.5185 | Avg_Loss_G: 966.4485 | Total_Iter: 6987
[2329/10001] End of Epoch | Avg_Loss_D: -1.5514 | Avg_Loss_G: 969.0145 | Total_Iter: 6990
[2330/10001] End of Epoch | Avg_Loss_D: -11.3542 | Avg_Loss_G: 970.6903 | Total_Iter: 6993
[2331/10001] End of Epoch | Avg_Loss_D: -9.1341 | Avg_Loss_G: 970.3689 | Total_Iter: 6996
[2332/10001] End of Epoch | Avg_Loss_D: -10.2132 | Avg_Loss_G: 973.1130 | Total_Iter: 6999
[2333/10001] End of Epoch | Avg_Loss_D: -10.2123 | Avg_Loss_G: 973.0695 | Total_Iter: 7002
[2334/10001] End of Epoch | Avg_Loss_D: -13.8649 | Avg_Loss_G: 974.0533 | Total_Iter: 7005
[2335/10001] End of Epoch | Avg_Loss_D: -15.5667 | Avg_Loss_G: 973.8611 | Total_Iter: 7008
[2336/10001] End of Epoch | Avg_Loss_D: -7.4539 | Avg_Loss_G: 973.6498 | Total_Iter: 7011
[2337/10001] End of Epoch | Avg_Loss_D: -6.5330 | Avg_Loss_G: 977.3959 | Total_Iter: 7014
[2338/10001] End of Epoch | Avg_Loss_D: -14.4504 | Avg_Loss_G: 971.9256 | Total_Iter: 7017
[2339/10001] End of Epoch | Avg_Loss_D: -13.3720 | Avg_Loss_G: 975.2524 | Total_Iter: 7020
[2340/10001] End of Epoch | Avg_Loss_D: -5.6345 | Avg_Loss_G: 975.9677 | Total_Iter: 7023
[2341/10001] End of Epoch | Avg_Loss_D: -7.0070 | Avg_Loss_G: 972.7482 | Total_Iter: 7026
[2342/10001] End of Epoch | Avg_Loss_D: -13.1207 | Avg_Loss_G: 976.5201 | Total_Iter: 7029
[2343/10001] End of Epoch | Avg_Loss_D: 41.4922 | Avg_Loss_G: 974.5108 | Total_Iter: 7032
[2344/10001] End of Epoch | Avg_Loss_D: -14.5334 | Avg_Loss_G: 976.5885 | Total_Iter: 7035
[2345/10001] End of Epoch | Avg_Loss_D: -10.0997 | Avg_Loss_G: 974.7820 | Total_Iter: 7038
[2346/10001] End of Epoch | Avg_Loss_D: -12.9946 | Avg_Loss_G: 972.6678 | Total_Iter: 7041
[2347/10001] End of Epoch | Avg_Loss_D: -18.0288 | Avg_Loss_G: 973.6664 | Total_Iter: 7044
[2348/10001] End of Epoch | Avg_Loss_D: -13.4516 | Avg_Loss_G: 970.4080 | Total_Iter: 7047
[2349/10001] End of Epoch | Avg_Loss_D: -12.9245 | Avg_Loss_G: 970.7254 | Total_Iter: 7050
[2350/10001] End of Epoch | Avg_Loss_D: -8.6507 | Avg_Loss_G: 968.9797 | Total_Iter: 7053
[2351/10001] End of Epoch | Avg_Loss_D: -22.9121 | Avg_Loss_G: 968.5800 | Total_Iter: 7056
[2352/10001] End of Epoch | Avg_Loss_D: -8.4345 | Avg_Loss_G: 979.3056 | Total_Iter: 7059
[2353/10001] End of Epoch | Avg_Loss_D: -9.1723 | Avg_Loss_G: 971.9543 | Total_Iter: 7062
[2354/10001] End of Epoch | Avg_Loss_D: -6.0882 | Avg_Loss_G: 973.1582 | Total_Iter: 7065
[2355/10001] End of Epoch | Avg_Loss_D: -12.7088 | Avg_Loss_G: 975.2129 | Total_Iter: 7068
[2356/10001] End of Epoch | Avg_Loss_D: -16.7180 | Avg_Loss_G: 974.0866 | Total_Iter: 7071
[2357/10001] End of Epoch | Avg_Loss_D: -15.0386 | Avg_Loss_G: 975.2657 | Total_Iter: 7074
[2358/10001] End of Epoch | Avg_Loss_D: -13.2458 | Avg_Loss_G: 971.1428 | Total_Iter: 7077
[2359/10001] End of Epoch | Avg_Loss_D: -17.5538 | Avg_Loss_G: 978.3920 | Total_Iter: 7080
[2360/10001] End of Epoch | Avg_Loss_D: -12.1147 | Avg_Loss_G: 976.6595 | Total_Iter: 7083
[2361/10001] End of Epoch | Avg_Loss_D: -15.1825 | Avg_Loss_G: 979.6416 | Total_Iter: 7086
[2362/10001] End of Epoch | Avg_Loss_D: -16.1302 | Avg_Loss_G: 977.9289 | Total_Iter: 7089
[2363/10001] End of Epoch | Avg_Loss_D: -18.0669 | Avg_Loss_G: 976.8371 | Total_Iter: 7092
[2364/10001] End of Epoch | Avg_Loss_D: -20.4750 | Avg_Loss_G: 978.5576 | Total_Iter: 7095
[2365/10001] End of Epoch | Avg_Loss_D: -18.5936 | Avg_Loss_G: 977.9882 | Total_Iter: 7098
[2366/10001] End of Epoch | Avg_Loss_D: -12.2656 | Avg_Loss_G: 973.0040 | Total_Iter: 7101
[2367/10001] End of Epoch | Avg_Loss_D: -11.6458 | Avg_Loss_G: 976.1881 | Total_Iter: 7104
[2368/10001] End of Epoch | Avg_Loss_D: -20.3325 | Avg_Loss_G: 972.8491 | Total_Iter: 7107
[2369/10001] End of Epoch | Avg_Loss_D: -16.2263 | Avg_Loss_G: 974.5357 | Total_Iter: 7110
[2370/10001] End of Epoch | Avg_Loss_D: -14.9670 | Avg_Loss_G: 981.8783 | Total_Iter: 7113
[2371/10001] End of Epoch | Avg_Loss_D: -20.1616 | Avg_Loss_G: 976.4651 | Total_Iter: 7116
[2372/10001] End of Epoch | Avg_Loss_D: -18.4067 | Avg_Loss_G: 975.4423 | Total_Iter: 7119
[2373/10001] End of Epoch | Avg_Loss_D: -10.3781 | Avg_Loss_G: 976.5820 | Total_Iter: 7122
[2374/10001] End of Epoch | Avg_Loss_D: -21.8537 | Avg_Loss_G: 977.2249 | Total_Iter: 7125
[2375/10001] End of Epoch | Avg_Loss_D: -18.5741 | Avg_Loss_G: 973.8257 | Total_Iter: 7128
[2376/10001] End of Epoch | Avg_Loss_D: -17.7330 | Avg_Loss_G: 977.4591 | Total_Iter: 7131
[2377/10001] End of Epoch | Avg_Loss_D: -6.0483 | Avg_Loss_G: 981.0698 | Total_Iter: 7134
[2378/10001] End of Epoch | Avg_Loss_D: -21.6833 | Avg_Loss_G: 980.3863 | Total_Iter: 7137
[2379/10001] End of Epoch | Avg_Loss_D: -18.7203 | Avg_Loss_G: 980.3403 | Total_Iter: 7140
[2380/10001] End of Epoch | Avg_Loss_D: -25.1123 | Avg_Loss_G: 978.0250 | Total_Iter: 7143
[2381/10001] End of Epoch | Avg_Loss_D: -16.1189 | Avg_Loss_G: 982.9202 | Total_Iter: 7146
[2382/10001] End of Epoch | Avg_Loss_D: -25.2969 | Avg_Loss_G: 983.3392 | Total_Iter: 7149
[2383/10001] End of Epoch | Avg_Loss_D: -23.3109 | Avg_Loss_G: 981.5803 | Total_Iter: 7152
[2384/10001] End of Epoch | Avg_Loss_D: -27.4751 | Avg_Loss_G: 980.3196 | Total_Iter: 7155
[2385/10001] End of Epoch | Avg_Loss_D: -30.5686 | Avg_Loss_G: 982.4346 | Total_Iter: 7158
[2386/10001] End of Epoch | Avg_Loss_D: -24.9922 | Avg_Loss_G: 976.1758 | Total_Iter: 7161
[2387/10001] End of Epoch | Avg_Loss_D: -29.6596 | Avg_Loss_G: 976.1123 | Total_Iter: 7164
[2388/10001] End of Epoch | Avg_Loss_D: -30.2524 | Avg_Loss_G: 974.9525 | Total_Iter: 7167
[2389/10001] End of Epoch | Avg_Loss_D: -30.1919 | Avg_Loss_G: 981.0531 | Total_Iter: 7170
[2390/10001] End of Epoch | Avg_Loss_D: -36.2782 | Avg_Loss_G: 974.6747 | Total_Iter: 7173
[2391/10001] End of Epoch | Avg_Loss_D: -34.7156 | Avg_Loss_G: 975.4113 | Total_Iter: 7176
[2392/10001] End of Epoch | Avg_Loss_D: -43.6837 | Avg_Loss_G: 978.7241 | Total_Iter: 7179
[2393/10001] End of Epoch | Avg_Loss_D: -46.4811 | Avg_Loss_G: 972.3029 | Total_Iter: 7182
[2394/10001] End of Epoch | Avg_Loss_D: -51.0606 | Avg_Loss_G: 973.5913 | Total_Iter: 7185
[2395/10001] End of Epoch | Avg_Loss_D: -53.5967 | Avg_Loss_G: 975.1694 | Total_Iter: 7188
[2396/10001] End of Epoch | Avg_Loss_D: -47.0138 | Avg_Loss_G: 982.1926 | Total_Iter: 7191
[2397/10001] End of Epoch | Avg_Loss_D: -55.5366 | Avg_Loss_G: 974.3006 | Total_Iter: 7194
[2398/10001] End of Epoch | Avg_Loss_D: -56.4868 | Avg_Loss_G: 962.7641 | Total_Iter: 7197
[2399/10001] End of Epoch | Avg_Loss_D: -33.3132 | Avg_Loss_G: 970.2084 | Total_Iter: 7200
[2400/10001] End of Epoch | Avg_Loss_D: 16.5138 | Avg_Loss_G: 976.0072 | Total_Iter: 7203
[2401/10001] End of Epoch | Avg_Loss_D: -118.8406 | Avg_Loss_G: 974.0216 | Total_Iter: 7206
[2402/10001] End of Epoch | Avg_Loss_D: -88.1458 | Avg_Loss_G: 939.3534 | Total_Iter: 7209
[2403/10001] End of Epoch | Avg_Loss_D: -126.7119 | Avg_Loss_G: 950.7005 | Total_Iter: 7212
[2404/10001] End of Epoch | Avg_Loss_D: -164.9834 | Avg_Loss_G: 954.5489 | Total_Iter: 7215
[2405/10001] End of Epoch | Avg_Loss_D: -278.6043 | Avg_Loss_G: 964.0192 | Total_Iter: 7218
[2406/10001] End of Epoch | Avg_Loss_D: -270.1369 | Avg_Loss_G: 919.7769 | Total_Iter: 7221
[2407/10001] End of Epoch | Avg_Loss_D: 49.8859 | Avg_Loss_G: 979.7059 | Total_Iter: 7224
[2408/10001] End of Epoch | Avg_Loss_D: -575.3405 | Avg_Loss_G: 879.9999 | Total_Iter: 7227
[2409/10001] End of Epoch | Avg_Loss_D: -872.7477 | Avg_Loss_G: 962.6359 | Total_Iter: 7230
[2410/10001] End of Epoch | Avg_Loss_D: -934.4515 | Avg_Loss_G: 947.6287 | Total_Iter: 7233
[2411/10001] End of Epoch | Avg_Loss_D: -1157.4226 | Avg_Loss_G: 892.4508 | Total_Iter: 7236
[2412/10001] End of Epoch | Avg_Loss_D: -478.3030 | Avg_Loss_G: 960.6477 | Total_Iter: 7239
[2413/10001] End of Epoch | Avg_Loss_D: -1404.4026 | Avg_Loss_G: 976.8214 | Total_Iter: 7242
[2414/10001] End of Epoch | Avg_Loss_D: -1597.3780 | Avg_Loss_G: 996.8864 | Total_Iter: 7245
[2415/10001] End of Epoch | Avg_Loss_D: -1005.8272 | Avg_Loss_G: 980.8230 | Total_Iter: 7248
[2416/10001] End of Epoch | Avg_Loss_D: -839.8114 | Avg_Loss_G: 909.7716 | Total_Iter: 7251
[2417/10001] End of Epoch | Avg_Loss_D: 35.9607 | Avg_Loss_G: 815.6662 | Total_Iter: 7254
[2418/10001] End of Epoch | Avg_Loss_D: 26.6623 | Avg_Loss_G: 877.5256 | Total_Iter: 7257
[2419/10001] End of Epoch | Avg_Loss_D: -5.0255 | Avg_Loss_G: 843.0365 | Total_Iter: 7260
[2420/10001] End of Epoch | Avg_Loss_D: -6.4847 | Avg_Loss_G: 872.0375 | Total_Iter: 7263
[2421/10001] End of Epoch | Avg_Loss_D: -17.1048 | Avg_Loss_G: 852.3357 | Total_Iter: 7266
[2422/10001] End of Epoch | Avg_Loss_D: 20.0776 | Avg_Loss_G: 866.9497 | Total_Iter: 7269
[2423/10001] End of Epoch | Avg_Loss_D: -11.7786 | Avg_Loss_G: 886.7767 | Total_Iter: 7272
[2424/10001] End of Epoch | Avg_Loss_D: -24.5131 | Avg_Loss_G: 857.2419 | Total_Iter: 7275
[2425/10001] End of Epoch | Avg_Loss_D: -6.8832 | Avg_Loss_G: 888.4631 | Total_Iter: 7278
[2426/10001] End of Epoch | Avg_Loss_D: -15.7911 | Avg_Loss_G: 877.6193 | Total_Iter: 7281
[2427/10001] End of Epoch | Avg_Loss_D: 8.7863 | Avg_Loss_G: 934.7759 | Total_Iter: 7284
[2428/10001] End of Epoch | Avg_Loss_D: 4.4283 | Avg_Loss_G: 934.7380 | Total_Iter: 7287
[2429/10001] End of Epoch | Avg_Loss_D: 8.2993 | Avg_Loss_G: 927.7582 | Total_Iter: 7290
[2430/10001] End of Epoch | Avg_Loss_D: 4.2374 | Avg_Loss_G: 935.7803 | Total_Iter: 7293
[2431/10001] End of Epoch | Avg_Loss_D: -9.0795 | Avg_Loss_G: 934.3936 | Total_Iter: 7296
[2432/10001] End of Epoch | Avg_Loss_D: 4.3827 | Avg_Loss_G: 924.1635 | Total_Iter: 7299
[2433/10001] End of Epoch | Avg_Loss_D: -101.7230 | Avg_Loss_G: 909.5795 | Total_Iter: 7302
[2434/10001] End of Epoch | Avg_Loss_D: -92.8082 | Avg_Loss_G: 900.2534 | Total_Iter: 7305
[2435/10001] End of Epoch | Avg_Loss_D: -32.8555 | Avg_Loss_G: 907.3337 | Total_Iter: 7308
[2436/10001] End of Epoch | Avg_Loss_D: -192.4706 | Avg_Loss_G: 875.3295 | Total_Iter: 7311
[2437/10001] End of Epoch | Avg_Loss_D: -389.6480 | Avg_Loss_G: 846.8000 | Total_Iter: 7314
[2438/10001] End of Epoch | Avg_Loss_D: -54.8712 | Avg_Loss_G: 933.7272 | Total_Iter: 7317
[2439/10001] End of Epoch | Avg_Loss_D: -129.1890 | Avg_Loss_G: 884.2457 | Total_Iter: 7320
[2440/10001] End of Epoch | Avg_Loss_D: -708.8768 | Avg_Loss_G: 848.9102 | Total_Iter: 7323
[2441/10001] End of Epoch | Avg_Loss_D: -576.4211 | Avg_Loss_G: 934.4596 | Total_Iter: 7326
[2442/10001] End of Epoch | Avg_Loss_D: -692.9965 | Avg_Loss_G: 963.5567 | Total_Iter: 7329
[2443/10001] End of Epoch | Avg_Loss_D: -1113.3560 | Avg_Loss_G: 934.8827 | Total_Iter: 7332
[2444/10001] End of Epoch | Avg_Loss_D: -1152.5075 | Avg_Loss_G: 890.2799 | Total_Iter: 7335
[2445/10001] End of Epoch | Avg_Loss_D: -39.4667 | Avg_Loss_G: 890.9682 | Total_Iter: 7338
[2446/10001] End of Epoch | Avg_Loss_D: -795.7396 | Avg_Loss_G: 911.2910 | Total_Iter: 7341
[2447/10001] End of Epoch | Avg_Loss_D: -1125.1394 | Avg_Loss_G: 924.9109 | Total_Iter: 7344
[2448/10001] End of Epoch | Avg_Loss_D: -1080.5924 | Avg_Loss_G: 845.0811 | Total_Iter: 7347
[2449/10001] End of Epoch | Avg_Loss_D: -818.5617 | Avg_Loss_G: 956.2680 | Total_Iter: 7350
[2450/10001] End of Epoch | Avg_Loss_D: -887.5771 | Avg_Loss_G: 740.7773 | Total_Iter: 7353
[2451/10001] End of Epoch | Avg_Loss_D: -1390.0871 | Avg_Loss_G: 957.1488 | Total_Iter: 7356
[2452/10001] End of Epoch | Avg_Loss_D: -1802.3185 | Avg_Loss_G: 959.4831 | Total_Iter: 7359
[2453/10001] End of Epoch | Avg_Loss_D: -1880.4880 | Avg_Loss_G: 965.7594 | Total_Iter: 7362
[2454/10001] End of Epoch | Avg_Loss_D: -1859.3272 | Avg_Loss_G: 980.0783 | Total_Iter: 7365
[2455/10001] End of Epoch | Avg_Loss_D: -1913.8969 | Avg_Loss_G: 989.8395 | Total_Iter: 7368
[2456/10001] End of Epoch | Avg_Loss_D: -1925.3313 | Avg_Loss_G: 999.7770 | Total_Iter: 7371
[2457/10001] End of Epoch | Avg_Loss_D: -1927.3874 | Avg_Loss_G: 1006.3789 | Total_Iter: 7374
[2458/10001] End of Epoch | Avg_Loss_D: -2034.7069 | Avg_Loss_G: 1012.6465 | Total_Iter: 7377
[2459/10001] End of Epoch | Avg_Loss_D: -2043.6930 | Avg_Loss_G: 1023.9550 | Total_Iter: 7380
[2460/10001] End of Epoch | Avg_Loss_D: -2091.2399 | Avg_Loss_G: 1031.3654 | Total_Iter: 7383
[2461/10001] End of Epoch | Avg_Loss_D: -1945.4607 | Avg_Loss_G: 1040.9582 | Total_Iter: 7386
[2462/10001] End of Epoch | Avg_Loss_D: -2041.0928 | Avg_Loss_G: 1052.3009 | Total_Iter: 7389
[2463/10001] End of Epoch | Avg_Loss_D: -2123.4204 | Avg_Loss_G: 1053.8096 | Total_Iter: 7392
[2464/10001] End of Epoch | Avg_Loss_D: -2080.1336 | Avg_Loss_G: 1063.9839 | Total_Iter: 7395
[2465/10001] End of Epoch | Avg_Loss_D: -2142.8198 | Avg_Loss_G: 1069.5415 | Total_Iter: 7398
[2466/10001] End of Epoch | Avg_Loss_D: -2150.3871 | Avg_Loss_G: 1075.9812 | Total_Iter: 7401
[2467/10001] End of Epoch | Avg_Loss_D: -2217.8594 | Avg_Loss_G: 1086.1335 | Total_Iter: 7404
[2468/10001] End of Epoch | Avg_Loss_D: -2203.4927 | Avg_Loss_G: 1095.5088 | Total_Iter: 7407
[2469/10001] End of Epoch | Avg_Loss_D: -2254.4357 | Avg_Loss_G: 1103.1627 | Total_Iter: 7410
[2470/10001] End of Epoch | Avg_Loss_D: -2263.0107 | Avg_Loss_G: 1109.0624 | Total_Iter: 7413
[2471/10001] End of Epoch | Avg_Loss_D: -2240.0014 | Avg_Loss_G: 1116.7592 | Total_Iter: 7416
[2472/10001] End of Epoch | Avg_Loss_D: -2284.2549 | Avg_Loss_G: 1123.0818 | Total_Iter: 7419
[2473/10001] End of Epoch | Avg_Loss_D: -2306.4516 | Avg_Loss_G: 1129.6187 | Total_Iter: 7422
[2474/10001] End of Epoch | Avg_Loss_D: -2304.6834 | Avg_Loss_G: 1139.3770 | Total_Iter: 7425
[2475/10001] End of Epoch | Avg_Loss_D: -2345.2265 | Avg_Loss_G: 1142.7085 | Total_Iter: 7428
[2476/10001] End of Epoch | Avg_Loss_D: -2359.8328 | Avg_Loss_G: 1148.2353 | Total_Iter: 7431
[2477/10001] End of Epoch | Avg_Loss_D: -2375.5828 | Avg_Loss_G: 1153.1200 | Total_Iter: 7434
[2478/10001] End of Epoch | Avg_Loss_D: -2392.5507 | Avg_Loss_G: 1155.8490 | Total_Iter: 7437
[2479/10001] End of Epoch | Avg_Loss_D: -2391.2918 | Avg_Loss_G: 1158.5131 | Total_Iter: 7440
[2480/10001] End of Epoch | Avg_Loss_D: -2411.9601 | Avg_Loss_G: 1163.4788 | Total_Iter: 7443
[2481/10001] End of Epoch | Avg_Loss_D: -2419.6658 | Avg_Loss_G: 1169.7748 | Total_Iter: 7446
[2482/10001] End of Epoch | Avg_Loss_D: -2405.5500 | Avg_Loss_G: 1175.8126 | Total_Iter: 7449
[2483/10001] End of Epoch | Avg_Loss_D: -2438.7356 | Avg_Loss_G: 1182.1807 | Total_Iter: 7452
[2484/10001] End of Epoch | Avg_Loss_D: -2439.8416 | Avg_Loss_G: 1188.7144 | Total_Iter: 7455
[2485/10001] End of Epoch | Avg_Loss_D: -2463.6347 | Avg_Loss_G: 1195.7479 | Total_Iter: 7458
[2486/10001] End of Epoch | Avg_Loss_D: -2451.1500 | Avg_Loss_G: 1200.8940 | Total_Iter: 7461
[2487/10001] End of Epoch | Avg_Loss_D: -2477.6759 | Avg_Loss_G: 1206.6804 | Total_Iter: 7464
[2488/10001] End of Epoch | Avg_Loss_D: -2500.4503 | Avg_Loss_G: 1213.0704 | Total_Iter: 7467
[2489/10001] End of Epoch | Avg_Loss_D: -2501.0294 | Avg_Loss_G: 1218.9374 | Total_Iter: 7470
[2490/10001] End of Epoch | Avg_Loss_D: -2513.3646 | Avg_Loss_G: 1225.4031 | Total_Iter: 7473
[2491/10001] End of Epoch | Avg_Loss_D: -2490.8730 | Avg_Loss_G: 1231.1203 | Total_Iter: 7476
[2492/10001] End of Epoch | Avg_Loss_D: -2530.3700 | Avg_Loss_G: 1236.9658 | Total_Iter: 7479
[2493/10001] End of Epoch | Avg_Loss_D: -2550.0911 | Avg_Loss_G: 1242.1900 | Total_Iter: 7482
[2494/10001] End of Epoch | Avg_Loss_D: -2555.6017 | Avg_Loss_G: 1247.1518 | Total_Iter: 7485
[2495/10001] End of Epoch | Avg_Loss_D: -2563.3245 | Avg_Loss_G: 1252.7274 | Total_Iter: 7488
[2496/10001] End of Epoch | Avg_Loss_D: -2569.8910 | Avg_Loss_G: 1257.8821 | Total_Iter: 7491
[2497/10001] End of Epoch | Avg_Loss_D: -2588.3448 | Avg_Loss_G: 1263.1870 | Total_Iter: 7494
[2498/10001] End of Epoch | Avg_Loss_D: -2574.6110 | Avg_Loss_G: 1266.5408 | Total_Iter: 7497
[2499/10001] End of Epoch | Avg_Loss_D: -2600.0737 | Avg_Loss_G: 1271.2841 | Total_Iter: 7500
[2500/10001] End of Epoch | Avg_Loss_D: -2574.9718 | Avg_Loss_G: 1276.1214 | Total_Iter: 7503
[2501/10001] End of Epoch | Avg_Loss_D: -2605.1420 | Avg_Loss_G: 1280.4886 | Total_Iter: 7506
[2502/10001] End of Epoch | Avg_Loss_D: -2621.7154 | Avg_Loss_G: 1284.1348 | Total_Iter: 7509
[2503/10001] End of Epoch | Avg_Loss_D: -2620.4625 | Avg_Loss_G: 1289.4369 | Total_Iter: 7512
[2504/10001] End of Epoch | Avg_Loss_D: -2633.5926 | Avg_Loss_G: 1293.2930 | Total_Iter: 7515
[2505/10001] End of Epoch | Avg_Loss_D: -2626.5040 | Avg_Loss_G: 1297.5419 | Total_Iter: 7518
[2506/10001] End of Epoch | Avg_Loss_D: -2647.0068 | Avg_Loss_G: 1301.6165 | Total_Iter: 7521
[2507/10001] End of Epoch | Avg_Loss_D: -2658.2379 | Avg_Loss_G: 1305.5292 | Total_Iter: 7524
[2508/10001] End of Epoch | Avg_Loss_D: -2668.6500 | Avg_Loss_G: 1309.4784 | Total_Iter: 7527
[2509/10001] End of Epoch | Avg_Loss_D: -2666.6415 | Avg_Loss_G: 1314.2009 | Total_Iter: 7530
[2510/10001] End of Epoch | Avg_Loss_D: -2680.2228 | Avg_Loss_G: 1317.9083 | Total_Iter: 7533
[2511/10001] End of Epoch | Avg_Loss_D: -2689.4390 | Avg_Loss_G: 1321.5275 | Total_Iter: 7536
[2512/10001] End of Epoch | Avg_Loss_D: -2693.7913 | Avg_Loss_G: 1324.8481 | Total_Iter: 7539
[2513/10001] End of Epoch | Avg_Loss_D: -2700.4937 | Avg_Loss_G: 1328.5181 | Total_Iter: 7542
[2514/10001] End of Epoch | Avg_Loss_D: -2699.3337 | Avg_Loss_G: 1332.4665 | Total_Iter: 7545
[2515/10001] End of Epoch | Avg_Loss_D: -2721.7835 | Avg_Loss_G: 1336.4970 | Total_Iter: 7548
[2516/10001] End of Epoch | Avg_Loss_D: -2717.6572 | Avg_Loss_G: 1340.7380 | Total_Iter: 7551
[2517/10001] End of Epoch | Avg_Loss_D: -2710.8905 | Avg_Loss_G: 1343.5479 | Total_Iter: 7554
[2518/10001] End of Epoch | Avg_Loss_D: -2729.7612 | Avg_Loss_G: 1347.1111 | Total_Iter: 7557
[2519/10001] End of Epoch | Avg_Loss_D: -2742.5470 | Avg_Loss_G: 1350.6530 | Total_Iter: 7560
[2520/10001] End of Epoch | Avg_Loss_D: -2748.1900 | Avg_Loss_G: 1353.7456 | Total_Iter: 7563
[2521/10001] End of Epoch | Avg_Loss_D: -2753.1387 | Avg_Loss_G: 1357.6633 | Total_Iter: 7566
[2522/10001] End of Epoch | Avg_Loss_D: -2761.0248 | Avg_Loss_G: 1360.8610 | Total_Iter: 7569
[2523/10001] End of Epoch | Avg_Loss_D: -2753.8465 | Avg_Loss_G: 1363.1006 | Total_Iter: 7572
[2524/10001] End of Epoch | Avg_Loss_D: -2762.8563 | Avg_Loss_G: 1366.9030 | Total_Iter: 7575
[2525/10001] End of Epoch | Avg_Loss_D: -2781.5511 | Avg_Loss_G: 1369.5924 | Total_Iter: 7578
[2526/10001] End of Epoch | Avg_Loss_D: -2774.1590 | Avg_Loss_G: 1373.1225 | Total_Iter: 7581
[2527/10001] End of Epoch | Avg_Loss_D: -2753.4313 | Avg_Loss_G: 1375.9400 | Total_Iter: 7584
[2528/10001] End of Epoch | Avg_Loss_D: -2771.0956 | Avg_Loss_G: 1379.3792 | Total_Iter: 7587
[2529/10001] End of Epoch | Avg_Loss_D: -2805.4750 | Avg_Loss_G: 1382.7498 | Total_Iter: 7590
[2530/10001] End of Epoch | Avg_Loss_D: -2811.3006 | Avg_Loss_G: 1385.7251 | Total_Iter: 7593
[2531/10001] End of Epoch | Avg_Loss_D: -2822.2281 | Avg_Loss_G: 1388.6946 | Total_Iter: 7596
[2532/10001] End of Epoch | Avg_Loss_D: -2820.3974 | Avg_Loss_G: 1392.1806 | Total_Iter: 7599
[2533/10001] End of Epoch | Avg_Loss_D: -2772.7332 | Avg_Loss_G: 1394.4918 | Total_Iter: 7602
[2534/10001] End of Epoch | Avg_Loss_D: -2823.0916 | Avg_Loss_G: 1397.5060 | Total_Iter: 7605
[2535/10001] End of Epoch | Avg_Loss_D: -2813.6039 | Avg_Loss_G: 1399.7567 | Total_Iter: 7608
[2536/10001] End of Epoch | Avg_Loss_D: -2820.4768 | Avg_Loss_G: 1402.8093 | Total_Iter: 7611
[2537/10001] End of Epoch | Avg_Loss_D: -2828.4883 | Avg_Loss_G: 1404.3918 | Total_Iter: 7614
[2538/10001] End of Epoch | Avg_Loss_D: -2833.0464 | Avg_Loss_G: 1406.6553 | Total_Iter: 7617
[2539/10001] End of Epoch | Avg_Loss_D: -2844.8133 | Avg_Loss_G: 1408.1709 | Total_Iter: 7620
[2540/10001] End of Epoch | Avg_Loss_D: -2814.1201 | Avg_Loss_G: 1409.9853 | Total_Iter: 7623
[2541/10001] End of Epoch | Avg_Loss_D: -2815.6210 | Avg_Loss_G: 1415.6230 | Total_Iter: 7626
[2542/10001] End of Epoch | Avg_Loss_D: -2850.3379 | Avg_Loss_G: 1417.4015 | Total_Iter: 7629
[2543/10001] End of Epoch | Avg_Loss_D: -2734.3101 | Avg_Loss_G: 1418.0532 | Total_Iter: 7632
[2544/10001] End of Epoch | Avg_Loss_D: -2328.4248 | Avg_Loss_G: 1419.9989 | Total_Iter: 7635
[2545/10001] End of Epoch | Avg_Loss_D: -2771.1137 | Avg_Loss_G: 1420.4161 | Total_Iter: 7638
[2546/10001] End of Epoch | Avg_Loss_D: -2853.5017 | Avg_Loss_G: 1426.1343 | Total_Iter: 7641
[2547/10001] End of Epoch | Avg_Loss_D: -2857.6948 | Avg_Loss_G: 1430.9632 | Total_Iter: 7644
[2548/10001] End of Epoch | Avg_Loss_D: -2850.2137 | Avg_Loss_G: 1433.5664 | Total_Iter: 7647
[2549/10001] End of Epoch | Avg_Loss_D: -2866.0752 | Avg_Loss_G: 1435.1482 | Total_Iter: 7650
[2550/10001] End of Epoch | Avg_Loss_D: -2840.9096 | Avg_Loss_G: 1436.8343 | Total_Iter: 7653
[2551/10001] End of Epoch | Avg_Loss_D: -2908.7818 | Avg_Loss_G: 1441.8684 | Total_Iter: 7656
[2552/10001] End of Epoch | Avg_Loss_D: -2886.9204 | Avg_Loss_G: 1445.2940 | Total_Iter: 7659
[2553/10001] End of Epoch | Avg_Loss_D: -2920.2385 | Avg_Loss_G: 1448.4535 | Total_Iter: 7662
[2554/10001] End of Epoch | Avg_Loss_D: -2922.4437 | Avg_Loss_G: 1451.5967 | Total_Iter: 7665
[2555/10001] End of Epoch | Avg_Loss_D: -2935.5587 | Avg_Loss_G: 1454.3062 | Total_Iter: 7668
[2556/10001] End of Epoch | Avg_Loss_D: -2935.7809 | Avg_Loss_G: 1456.8544 | Total_Iter: 7671
[2557/10001] End of Epoch | Avg_Loss_D: -2893.9906 | Avg_Loss_G: 1459.9587 | Total_Iter: 7674
[2558/10001] End of Epoch | Avg_Loss_D: -2934.4465 | Avg_Loss_G: 1461.5919 | Total_Iter: 7677
[2559/10001] End of Epoch | Avg_Loss_D: -2945.6618 | Avg_Loss_G: 1466.2973 | Total_Iter: 7680
[2560/10001] End of Epoch | Avg_Loss_D: -2959.7318 | Avg_Loss_G: 1469.1496 | Total_Iter: 7683
[2561/10001] End of Epoch | Avg_Loss_D: -2940.6631 | Avg_Loss_G: 1471.0703 | Total_Iter: 7686
[2562/10001] End of Epoch | Avg_Loss_D: -2430.1376 | Avg_Loss_G: 1466.7636 | Total_Iter: 7689
[2563/10001] End of Epoch | Avg_Loss_D: -2898.2458 | Avg_Loss_G: 1472.9300 | Total_Iter: 7692
[2564/10001] End of Epoch | Avg_Loss_D: -2955.7846 | Avg_Loss_G: 1476.5576 | Total_Iter: 7695
[2565/10001] End of Epoch | Avg_Loss_D: -2965.7219 | Avg_Loss_G: 1480.1164 | Total_Iter: 7698
[2566/10001] End of Epoch | Avg_Loss_D: -2974.8831 | Avg_Loss_G: 1482.7087 | Total_Iter: 7701
[2567/10001] End of Epoch | Avg_Loss_D: -2906.8141 | Avg_Loss_G: 1484.7638 | Total_Iter: 7704
[2568/10001] End of Epoch | Avg_Loss_D: -2995.5015 | Avg_Loss_G: 1488.5063 | Total_Iter: 7707
[2569/10001] End of Epoch | Avg_Loss_D: -3016.6285 | Avg_Loss_G: 1492.3067 | Total_Iter: 7710
[2570/10001] End of Epoch | Avg_Loss_D: -2960.8095 | Avg_Loss_G: 1494.5031 | Total_Iter: 7713
[2571/10001] End of Epoch | Avg_Loss_D: -2975.3341 | Avg_Loss_G: 1497.7718 | Total_Iter: 7716
[2572/10001] End of Epoch | Avg_Loss_D: -2972.8344 | Avg_Loss_G: 1498.9764 | Total_Iter: 7719
[2573/10001] End of Epoch | Avg_Loss_D: -3024.0904 | Avg_Loss_G: 1502.1267 | Total_Iter: 7722
[2574/10001] End of Epoch | Avg_Loss_D: -2785.0228 | Avg_Loss_G: 1503.5079 | Total_Iter: 7725
[2575/10001] End of Epoch | Avg_Loss_D: -3040.0165 | Avg_Loss_G: 1507.1192 | Total_Iter: 7728
[2576/10001] End of Epoch | Avg_Loss_D: -3050.1035 | Avg_Loss_G: 1510.0592 | Total_Iter: 7731
[2577/10001] End of Epoch | Avg_Loss_D: -2992.7166 | Avg_Loss_G: 1512.6638 | Total_Iter: 7734
[2578/10001] End of Epoch | Avg_Loss_D: -3061.4690 | Avg_Loss_G: 1516.4901 | Total_Iter: 7737
[2579/10001] End of Epoch | Avg_Loss_D: -3042.7441 | Avg_Loss_G: 1518.6011 | Total_Iter: 7740
[2580/10001] End of Epoch | Avg_Loss_D: -3077.2496 | Avg_Loss_G: 1521.3053 | Total_Iter: 7743
[2581/10001] End of Epoch | Avg_Loss_D: -3061.5526 | Avg_Loss_G: 1525.5558 | Total_Iter: 7746
[2582/10001] End of Epoch | Avg_Loss_D: -3094.7914 | Avg_Loss_G: 1528.2554 | Total_Iter: 7749
[2583/10001] End of Epoch | Avg_Loss_D: -3095.5367 | Avg_Loss_G: 1530.3432 | Total_Iter: 7752
[2584/10001] End of Epoch | Avg_Loss_D: -3103.3251 | Avg_Loss_G: 1533.2309 | Total_Iter: 7755
[2585/10001] End of Epoch | Avg_Loss_D: -3104.7044 | Avg_Loss_G: 1535.2331 | Total_Iter: 7758
[2586/10001] End of Epoch | Avg_Loss_D: -3112.2846 | Avg_Loss_G: 1538.9870 | Total_Iter: 7761
[2587/10001] End of Epoch | Avg_Loss_D: -3109.6067 | Avg_Loss_G: 1541.5042 | Total_Iter: 7764
[2588/10001] End of Epoch | Avg_Loss_D: -3121.2273 | Avg_Loss_G: 1543.5316 | Total_Iter: 7767
[2589/10001] End of Epoch | Avg_Loss_D: -3122.4401 | Avg_Loss_G: 1546.7888 | Total_Iter: 7770
[2590/10001] End of Epoch | Avg_Loss_D: -585.7752 | Avg_Loss_G: 1462.8177 | Total_Iter: 7773
[2591/10001] End of Epoch | Avg_Loss_D: -1536.9255 | Avg_Loss_G: 1501.6731 | Total_Iter: 7776
[2592/10001] End of Epoch | Avg_Loss_D: -2401.9755 | Avg_Loss_G: 1526.4016 | Total_Iter: 7779
[2593/10001] End of Epoch | Avg_Loss_D: -2713.3428 | Avg_Loss_G: 1532.5549 | Total_Iter: 7782
[2594/10001] End of Epoch | Avg_Loss_D: -2391.7565 | Avg_Loss_G: 1532.3571 | Total_Iter: 7785
[2595/10001] End of Epoch | Avg_Loss_D: -2998.7880 | Avg_Loss_G: 1544.4335 | Total_Iter: 7788
[2596/10001] End of Epoch | Avg_Loss_D: -2898.7688 | Avg_Loss_G: 1547.5353 | Total_Iter: 7791
[2597/10001] End of Epoch | Avg_Loss_D: -3004.5446 | Avg_Loss_G: 1548.0069 | Total_Iter: 7794
[2598/10001] End of Epoch | Avg_Loss_D: -3072.2738 | Avg_Loss_G: 1552.5856 | Total_Iter: 7797
[2599/10001] End of Epoch | Avg_Loss_D: -3093.9956 | Avg_Loss_G: 1555.5200 | Total_Iter: 7800
[2600/10001] End of Epoch | Avg_Loss_D: -3092.7661 | Avg_Loss_G: 1557.9205 | Total_Iter: 7803
[2601/10001] End of Epoch | Avg_Loss_D: -3059.3661 | Avg_Loss_G: 1559.3047 | Total_Iter: 7806
[2602/10001] End of Epoch | Avg_Loss_D: -3126.8477 | Avg_Loss_G: 1563.2155 | Total_Iter: 7809
[2603/10001] End of Epoch | Avg_Loss_D: -3123.9034 | Avg_Loss_G: 1564.4091 | Total_Iter: 7812
[2604/10001] End of Epoch | Avg_Loss_D: -3116.7139 | Avg_Loss_G: 1567.8332 | Total_Iter: 7815
[2605/10001] End of Epoch | Avg_Loss_D: -2145.9389 | Avg_Loss_G: 1571.0434 | Total_Iter: 7818
[2606/10001] End of Epoch | Avg_Loss_D: -3133.1773 | Avg_Loss_G: 1574.4251 | Total_Iter: 7821
[2607/10001] End of Epoch | Avg_Loss_D: -3126.0754 | Avg_Loss_G: 1575.9395 | Total_Iter: 7824
[2608/10001] End of Epoch | Avg_Loss_D: -2359.6465 | Avg_Loss_G: 1563.2865 | Total_Iter: 7827
[2609/10001] End of Epoch | Avg_Loss_D: -2920.0431 | Avg_Loss_G: 1568.5291 | Total_Iter: 7830
[2610/10001] End of Epoch | Avg_Loss_D: -2968.7272 | Avg_Loss_G: 1569.8524 | Total_Iter: 7833
[2611/10001] End of Epoch | Avg_Loss_D: -2836.5461 | Avg_Loss_G: 1569.4667 | Total_Iter: 7836
[2612/10001] End of Epoch | Avg_Loss_D: -3073.8088 | Avg_Loss_G: 1578.6751 | Total_Iter: 7839
[2613/10001] End of Epoch | Avg_Loss_D: -3088.4966 | Avg_Loss_G: 1576.7103 | Total_Iter: 7842
[2614/10001] End of Epoch | Avg_Loss_D: -2871.4208 | Avg_Loss_G: 1574.9131 | Total_Iter: 7845
[2615/10001] End of Epoch | Avg_Loss_D: -2048.9545 | Avg_Loss_G: 1554.6450 | Total_Iter: 7848
[2616/10001] End of Epoch | Avg_Loss_D: -786.7615 | Avg_Loss_G: 1495.3320 | Total_Iter: 7851
[2617/10001] End of Epoch | Avg_Loss_D: -2367.9068 | Avg_Loss_G: 1509.9300 | Total_Iter: 7854
[2618/10001] End of Epoch | Avg_Loss_D: -3024.1407 | Avg_Loss_G: 1565.3547 | Total_Iter: 7857
[2619/10001] End of Epoch | Avg_Loss_D: -471.2590 | Avg_Loss_G: 1456.5574 | Total_Iter: 7860
[2620/10001] End of Epoch | Avg_Loss_D: 53.9860 | Avg_Loss_G: 1481.2190 | Total_Iter: 7863
[2621/10001] End of Epoch | Avg_Loss_D: -0.6304 | Avg_Loss_G: 1486.6599 | Total_Iter: 7866
[2622/10001] End of Epoch | Avg_Loss_D: -104.6157 | Avg_Loss_G: 1466.7744 | Total_Iter: 7869
[2623/10001] End of Epoch | Avg_Loss_D: -230.1794 | Avg_Loss_G: 1470.8122 | Total_Iter: 7872
[2624/10001] End of Epoch | Avg_Loss_D: -1215.7071 | Avg_Loss_G: 1469.1338 | Total_Iter: 7875
[2625/10001] End of Epoch | Avg_Loss_D: -1936.0981 | Avg_Loss_G: 1530.3019 | Total_Iter: 7878
[2626/10001] End of Epoch | Avg_Loss_D: -3018.8602 | Avg_Loss_G: 1572.7391 | Total_Iter: 7881
[2627/10001] End of Epoch | Avg_Loss_D: -2962.9934 | Avg_Loss_G: 1579.7025 | Total_Iter: 7884
[2628/10001] End of Epoch | Avg_Loss_D: -3065.0497 | Avg_Loss_G: 1583.1957 | Total_Iter: 7887
[2629/10001] End of Epoch | Avg_Loss_D: -2177.0559 | Avg_Loss_G: 1579.5314 | Total_Iter: 7890
[2630/10001] End of Epoch | Avg_Loss_D: -3030.6922 | Avg_Loss_G: 1582.1968 | Total_Iter: 7893
[2631/10001] End of Epoch | Avg_Loss_D: -3021.5206 | Avg_Loss_G: 1576.4776 | Total_Iter: 7896
[2632/10001] End of Epoch | Avg_Loss_D: -3116.2207 | Avg_Loss_G: 1581.8902 | Total_Iter: 7899
[2633/10001] End of Epoch | Avg_Loss_D: -2714.4124 | Avg_Loss_G: 1568.1380 | Total_Iter: 7902
[2634/10001] End of Epoch | Avg_Loss_D: -2453.6179 | Avg_Loss_G: 1599.1075 | Total_Iter: 7905
[2635/10001] End of Epoch | Avg_Loss_D: -2859.0927 | Avg_Loss_G: 1577.4987 | Total_Iter: 7908
[2636/10001] End of Epoch | Avg_Loss_D: -3137.1533 | Avg_Loss_G: 1600.6627 | Total_Iter: 7911
[2637/10001] End of Epoch | Avg_Loss_D: -3085.0146 | Avg_Loss_G: 1592.0184 | Total_Iter: 7914
[2638/10001] End of Epoch | Avg_Loss_D: -3016.2409 | Avg_Loss_G: 1516.2540 | Total_Iter: 7917
[2639/10001] End of Epoch | Avg_Loss_D: -3183.9803 | Avg_Loss_G: 1604.7811 | Total_Iter: 7920
[2640/10001] End of Epoch | Avg_Loss_D: -3220.3639 | Avg_Loss_G: 1608.1717 | Total_Iter: 7923
[2641/10001] End of Epoch | Avg_Loss_D: -3237.1020 | Avg_Loss_G: 1612.3250 | Total_Iter: 7926
[2642/10001] End of Epoch | Avg_Loss_D: -3270.2489 | Avg_Loss_G: 1616.7562 | Total_Iter: 7929
[2643/10001] End of Epoch | Avg_Loss_D: -3281.2625 | Avg_Loss_G: 1621.8419 | Total_Iter: 7932
[2644/10001] End of Epoch | Avg_Loss_D: -3291.3162 | Avg_Loss_G: 1625.0530 | Total_Iter: 7935
[2645/10001] End of Epoch | Avg_Loss_D: -3218.8095 | Avg_Loss_G: 1628.4711 | Total_Iter: 7938
[2646/10001] End of Epoch | Avg_Loss_D: -3306.0067 | Avg_Loss_G: 1631.3625 | Total_Iter: 7941
[2647/10001] End of Epoch | Avg_Loss_D: -3314.1751 | Avg_Loss_G: 1635.5689 | Total_Iter: 7944
[2648/10001] End of Epoch | Avg_Loss_D: -3318.8207 | Avg_Loss_G: 1638.6060 | Total_Iter: 7947
[2649/10001] End of Epoch | Avg_Loss_D: -3328.9542 | Avg_Loss_G: 1642.9334 | Total_Iter: 7950
[2650/10001] End of Epoch | Avg_Loss_D: -3329.9395 | Avg_Loss_G: 1645.4986 | Total_Iter: 7953
[2651/10001] End of Epoch | Avg_Loss_D: -3333.2040 | Avg_Loss_G: 1649.8781 | Total_Iter: 7956
[2652/10001] End of Epoch | Avg_Loss_D: -3349.2105 | Avg_Loss_G: 1651.7956 | Total_Iter: 7959
[2653/10001] End of Epoch | Avg_Loss_D: -3350.6579 | Avg_Loss_G: 1655.8378 | Total_Iter: 7962
[2654/10001] End of Epoch | Avg_Loss_D: -3345.8260 | Avg_Loss_G: 1658.6191 | Total_Iter: 7965
[2655/10001] End of Epoch | Avg_Loss_D: -3352.2906 | Avg_Loss_G: 1661.7860 | Total_Iter: 7968
[2656/10001] End of Epoch | Avg_Loss_D: -3379.5591 | Avg_Loss_G: 1665.3510 | Total_Iter: 7971
[2657/10001] End of Epoch | Avg_Loss_D: -3376.4615 | Avg_Loss_G: 1668.1672 | Total_Iter: 7974
[2658/10001] End of Epoch | Avg_Loss_D: -3386.1339 | Avg_Loss_G: 1670.6179 | Total_Iter: 7977
[2659/10001] End of Epoch | Avg_Loss_D: -3382.2612 | Avg_Loss_G: 1674.6398 | Total_Iter: 7980
[2660/10001] End of Epoch | Avg_Loss_D: -3406.1758 | Avg_Loss_G: 1677.8115 | Total_Iter: 7983
[2661/10001] End of Epoch | Avg_Loss_D: -3402.0560 | Avg_Loss_G: 1680.2047 | Total_Iter: 7986
[2662/10001] End of Epoch | Avg_Loss_D: -3406.5852 | Avg_Loss_G: 1683.9679 | Total_Iter: 7989
[2663/10001] End of Epoch | Avg_Loss_D: -3413.6011 | Avg_Loss_G: 1686.4900 | Total_Iter: 7992
[2664/10001] End of Epoch | Avg_Loss_D: -3422.5738 | Avg_Loss_G: 1689.9496 | Total_Iter: 7995
[2665/10001] End of Epoch | Avg_Loss_D: -3431.4747 | Avg_Loss_G: 1692.6819 | Total_Iter: 7998
[2666/10001] End of Epoch | Avg_Loss_D: -3406.7627 | Avg_Loss_G: 1695.9226 | Total_Iter: 8001
[2667/10001] End of Epoch | Avg_Loss_D: -3432.2585 | Avg_Loss_G: 1699.2937 | Total_Iter: 8004
[2668/10001] End of Epoch | Avg_Loss_D: -3449.3240 | Avg_Loss_G: 1701.6595 | Total_Iter: 8007
[2669/10001] End of Epoch | Avg_Loss_D: -3441.3013 | Avg_Loss_G: 1704.8719 | Total_Iter: 8010
[2670/10001] End of Epoch | Avg_Loss_D: -3457.1243 | Avg_Loss_G: 1706.9662 | Total_Iter: 8013
[2671/10001] End of Epoch | Avg_Loss_D: -3468.7693 | Avg_Loss_G: 1709.9244 | Total_Iter: 8016
[2672/10001] End of Epoch | Avg_Loss_D: -3475.7622 | Avg_Loss_G: 1712.8639 | Total_Iter: 8019
[2673/10001] End of Epoch | Avg_Loss_D: -3480.8457 | Avg_Loss_G: 1718.0462 | Total_Iter: 8022
[2674/10001] End of Epoch | Avg_Loss_D: -3484.0775 | Avg_Loss_G: 1718.9783 | Total_Iter: 8025
[2675/10001] End of Epoch | Avg_Loss_D: -3492.5457 | Avg_Loss_G: 1723.5392 | Total_Iter: 8028
[2676/10001] End of Epoch | Avg_Loss_D: -3499.2471 | Avg_Loss_G: 1725.8183 | Total_Iter: 8031
[2677/10001] End of Epoch | Avg_Loss_D: -3501.3086 | Avg_Loss_G: 1729.4811 | Total_Iter: 8034
[2678/10001] End of Epoch | Avg_Loss_D: -3511.6711 | Avg_Loss_G: 1733.4173 | Total_Iter: 8037
[2679/10001] End of Epoch | Avg_Loss_D: -3510.8124 | Avg_Loss_G: 1736.4393 | Total_Iter: 8040
[2680/10001] End of Epoch | Avg_Loss_D: -3520.3704 | Avg_Loss_G: 1737.4435 | Total_Iter: 8043
[2681/10001] End of Epoch | Avg_Loss_D: -3530.6117 | Avg_Loss_G: 1742.1758 | Total_Iter: 8046
[2682/10001] End of Epoch | Avg_Loss_D: -3528.1433 | Avg_Loss_G: 1743.7231 | Total_Iter: 8049
[2683/10001] End of Epoch | Avg_Loss_D: -3519.9430 | Avg_Loss_G: 1747.3628 | Total_Iter: 8052
[2684/10001] End of Epoch | Avg_Loss_D: -3545.1213 | Avg_Loss_G: 1750.2773 | Total_Iter: 8055
[2685/10001] End of Epoch | Avg_Loss_D: -3553.0343 | Avg_Loss_G: 1753.3459 | Total_Iter: 8058
[2686/10001] End of Epoch | Avg_Loss_D: -3558.9858 | Avg_Loss_G: 1756.7590 | Total_Iter: 8061
[2687/10001] End of Epoch | Avg_Loss_D: -3555.1835 | Avg_Loss_G: 1759.6091 | Total_Iter: 8064
[2688/10001] End of Epoch | Avg_Loss_D: -3569.9665 | Avg_Loss_G: 1762.8055 | Total_Iter: 8067
[2689/10001] End of Epoch | Avg_Loss_D: -3575.6708 | Avg_Loss_G: 1765.6721 | Total_Iter: 8070
[2690/10001] End of Epoch | Avg_Loss_D: -3585.4591 | Avg_Loss_G: 1767.6572 | Total_Iter: 8073
[2691/10001] End of Epoch | Avg_Loss_D: -3590.3333 | Avg_Loss_G: 1771.5681 | Total_Iter: 8076
[2692/10001] End of Epoch | Avg_Loss_D: -3596.1751 | Avg_Loss_G: 1774.1008 | Total_Iter: 8079
[2693/10001] End of Epoch | Avg_Loss_D: -3600.7294 | Avg_Loss_G: 1777.0245 | Total_Iter: 8082
[2694/10001] End of Epoch | Avg_Loss_D: -3605.8322 | Avg_Loss_G: 1779.7159 | Total_Iter: 8085
[2695/10001] End of Epoch | Avg_Loss_D: -3606.3045 | Avg_Loss_G: 1783.1234 | Total_Iter: 8088
[2696/10001] End of Epoch | Avg_Loss_D: -3607.4663 | Avg_Loss_G: 1785.6337 | Total_Iter: 8091
[2697/10001] End of Epoch | Avg_Loss_D: -3619.4501 | Avg_Loss_G: 1788.4199 | Total_Iter: 8094
[2698/10001] End of Epoch | Avg_Loss_D: -3629.9465 | Avg_Loss_G: 1791.0272 | Total_Iter: 8097
[2699/10001] End of Epoch | Avg_Loss_D: -3636.4225 | Avg_Loss_G: 1794.1082 | Total_Iter: 8100
[2700/10001] End of Epoch | Avg_Loss_D: -3639.7052 | Avg_Loss_G: 1797.4786 | Total_Iter: 8103
[2701/10001] End of Epoch | Avg_Loss_D: -3644.2137 | Avg_Loss_G: 1799.2113 | Total_Iter: 8106
[2702/10001] End of Epoch | Avg_Loss_D: -3647.7612 | Avg_Loss_G: 1803.1574 | Total_Iter: 8109
[2703/10001] End of Epoch | Avg_Loss_D: -3651.4971 | Avg_Loss_G: 1805.2771 | Total_Iter: 8112
[2704/10001] End of Epoch | Avg_Loss_D: -3661.0025 | Avg_Loss_G: 1808.9205 | Total_Iter: 8115
[2705/10001] End of Epoch | Avg_Loss_D: -3666.6704 | Avg_Loss_G: 1810.4351 | Total_Iter: 8118
[2706/10001] End of Epoch | Avg_Loss_D: -3674.8745 | Avg_Loss_G: 1814.2241 | Total_Iter: 8121
[2707/10001] End of Epoch | Avg_Loss_D: -3676.9081 | Avg_Loss_G: 1816.5418 | Total_Iter: 8124
[2708/10001] End of Epoch | Avg_Loss_D: -3685.4594 | Avg_Loss_G: 1820.1530 | Total_Iter: 8127
[2709/10001] End of Epoch | Avg_Loss_D: -3686.3291 | Avg_Loss_G: 1822.4742 | Total_Iter: 8130
[2710/10001] End of Epoch | Avg_Loss_D: -3695.2958 | Avg_Loss_G: 1824.7248 | Total_Iter: 8133
[2711/10001] End of Epoch | Avg_Loss_D: -3701.9324 | Avg_Loss_G: 1827.3064 | Total_Iter: 8136
[2712/10001] End of Epoch | Avg_Loss_D: -3689.3210 | Avg_Loss_G: 1830.4371 | Total_Iter: 8139
[2713/10001] End of Epoch | Avg_Loss_D: -3712.6546 | Avg_Loss_G: 1832.3365 | Total_Iter: 8142
[2714/10001] End of Epoch | Avg_Loss_D: -3709.8101 | Avg_Loss_G: 1835.5363 | Total_Iter: 8145
[2715/10001] End of Epoch | Avg_Loss_D: -3723.5082 | Avg_Loss_G: 1838.2038 | Total_Iter: 8148
[2716/10001] End of Epoch | Avg_Loss_D: -3728.1294 | Avg_Loss_G: 1840.9714 | Total_Iter: 8151
[2717/10001] End of Epoch | Avg_Loss_D: -3729.0965 | Avg_Loss_G: 1843.1069 | Total_Iter: 8154
[2718/10001] End of Epoch | Avg_Loss_D: -3742.7384 | Avg_Loss_G: 1846.1627 | Total_Iter: 8157
[2719/10001] End of Epoch | Avg_Loss_D: -3746.1134 | Avg_Loss_G: 1848.9729 | Total_Iter: 8160
[2720/10001] End of Epoch | Avg_Loss_D: -3747.9576 | Avg_Loss_G: 1851.5699 | Total_Iter: 8163
[2721/10001] End of Epoch | Avg_Loss_D: -3756.4782 | Avg_Loss_G: 1854.0420 | Total_Iter: 8166
[2722/10001] End of Epoch | Avg_Loss_D: -3755.2359 | Avg_Loss_G: 1856.7256 | Total_Iter: 8169
[2723/10001] End of Epoch | Avg_Loss_D: -3766.3197 | Avg_Loss_G: 1859.3698 | Total_Iter: 8172
[2724/10001] End of Epoch | Avg_Loss_D: -3775.4158 | Avg_Loss_G: 1862.2231 | Total_Iter: 8175
[2725/10001] End of Epoch | Avg_Loss_D: -3776.1370 | Avg_Loss_G: 1864.9497 | Total_Iter: 8178
[2726/10001] End of Epoch | Avg_Loss_D: -3782.5519 | Avg_Loss_G: 1867.8918 | Total_Iter: 8181
[2727/10001] End of Epoch | Avg_Loss_D: -3766.2010 | Avg_Loss_G: 1870.4567 | Total_Iter: 8184
[2728/10001] End of Epoch | Avg_Loss_D: -3793.1419 | Avg_Loss_G: 1873.2843 | Total_Iter: 8187
[2729/10001] End of Epoch | Avg_Loss_D: -3800.7308 | Avg_Loss_G: 1875.9206 | Total_Iter: 8190
[2730/10001] End of Epoch | Avg_Loss_D: -3801.4179 | Avg_Loss_G: 1878.6576 | Total_Iter: 8193
[2731/10001] End of Epoch | Avg_Loss_D: -3808.9507 | Avg_Loss_G: 1881.3169 | Total_Iter: 8196
[2732/10001] End of Epoch | Avg_Loss_D: -3818.9039 | Avg_Loss_G: 1884.2564 | Total_Iter: 8199
[2733/10001] End of Epoch | Avg_Loss_D: -3824.1603 | Avg_Loss_G: 1887.0091 | Total_Iter: 8202
[2734/10001] End of Epoch | Avg_Loss_D: -3823.6018 | Avg_Loss_G: 1889.8400 | Total_Iter: 8205
[2735/10001] End of Epoch | Avg_Loss_D: -3836.6181 | Avg_Loss_G: 1892.3295 | Total_Iter: 8208
[2736/10001] End of Epoch | Avg_Loss_D: -3839.6102 | Avg_Loss_G: 1895.0606 | Total_Iter: 8211
[2737/10001] End of Epoch | Avg_Loss_D: -3842.5847 | Avg_Loss_G: 1897.9532 | Total_Iter: 8214
[2738/10001] End of Epoch | Avg_Loss_D: -3848.0437 | Avg_Loss_G: 1900.8171 | Total_Iter: 8217
[2739/10001] End of Epoch | Avg_Loss_D: -3855.4791 | Avg_Loss_G: 1903.3659 | Total_Iter: 8220
[2740/10001] End of Epoch | Avg_Loss_D: -3861.4056 | Avg_Loss_G: 1906.3442 | Total_Iter: 8223
[2741/10001] End of Epoch | Avg_Loss_D: -3867.4621 | Avg_Loss_G: 1908.8847 | Total_Iter: 8226
[2742/10001] End of Epoch | Avg_Loss_D: -3874.4229 | Avg_Loss_G: 1911.6806 | Total_Iter: 8229
[2743/10001] End of Epoch | Avg_Loss_D: -3879.6468 | Avg_Loss_G: 1914.2943 | Total_Iter: 8232
[2744/10001] End of Epoch | Avg_Loss_D: -3884.7412 | Avg_Loss_G: 1917.2278 | Total_Iter: 8235
[2745/10001] End of Epoch | Avg_Loss_D: -3890.7932 | Avg_Loss_G: 1920.0127 | Total_Iter: 8238
[2746/10001] End of Epoch | Avg_Loss_D: -3896.0768 | Avg_Loss_G: 1922.4778 | Total_Iter: 8241
[2747/10001] End of Epoch | Avg_Loss_D: -3899.2367 | Avg_Loss_G: 1925.3989 | Total_Iter: 8244
[2748/10001] End of Epoch | Avg_Loss_D: -3900.4809 | Avg_Loss_G: 1927.8501 | Total_Iter: 8247
[2749/10001] End of Epoch | Avg_Loss_D: -3882.9757 | Avg_Loss_G: 1930.9973 | Total_Iter: 8250
[2750/10001] End of Epoch | Avg_Loss_D: -3911.3442 | Avg_Loss_G: 1933.7247 | Total_Iter: 8253
[2751/10001] End of Epoch | Avg_Loss_D: -3921.0889 | Avg_Loss_G: 1936.3143 | Total_Iter: 8256
[2752/10001] End of Epoch | Avg_Loss_D: -3930.0764 | Avg_Loss_G: 1939.0622 | Total_Iter: 8259
[2753/10001] End of Epoch | Avg_Loss_D: -3934.8500 | Avg_Loss_G: 1941.9023 | Total_Iter: 8262
[2754/10001] End of Epoch | Avg_Loss_D: -3940.7354 | Avg_Loss_G: 1944.6183 | Total_Iter: 8265
[2755/10001] End of Epoch | Avg_Loss_D: -3942.0596 | Avg_Loss_G: 1947.2599 | Total_Iter: 8268
[2756/10001] End of Epoch | Avg_Loss_D: -3951.7812 | Avg_Loss_G: 1950.0726 | Total_Iter: 8271
[2757/10001] End of Epoch | Avg_Loss_D: -3954.8049 | Avg_Loss_G: 1952.7971 | Total_Iter: 8274
[2758/10001] End of Epoch | Avg_Loss_D: -3961.7403 | Avg_Loss_G: 1955.3791 | Total_Iter: 8277
[2759/10001] End of Epoch | Avg_Loss_D: -3953.0635 | Avg_Loss_G: 1957.9561 | Total_Iter: 8280
[2760/10001] End of Epoch | Avg_Loss_D: -3960.6717 | Avg_Loss_G: 1961.1481 | Total_Iter: 8283
[2761/10001] End of Epoch | Avg_Loss_D: -3978.8079 | Avg_Loss_G: 1963.5003 | Total_Iter: 8286
[2762/10001] End of Epoch | Avg_Loss_D: -3978.7172 | Avg_Loss_G: 1966.1922 | Total_Iter: 8289
[2763/10001] End of Epoch | Avg_Loss_D: -3989.2333 | Avg_Loss_G: 1969.0465 | Total_Iter: 8292
[2764/10001] End of Epoch | Avg_Loss_D: -3993.4577 | Avg_Loss_G: 1971.9661 | Total_Iter: 8295
[2765/10001] End of Epoch | Avg_Loss_D: -4001.8511 | Avg_Loss_G: 1974.6431 | Total_Iter: 8298
[2766/10001] End of Epoch | Avg_Loss_D: -4004.1286 | Avg_Loss_G: 1977.4830 | Total_Iter: 8301
[2767/10001] End of Epoch | Avg_Loss_D: -4012.3419 | Avg_Loss_G: 1980.1870 | Total_Iter: 8304
[2768/10001] End of Epoch | Avg_Loss_D: -4016.9880 | Avg_Loss_G: 1982.9445 | Total_Iter: 8307
[2769/10001] End of Epoch | Avg_Loss_D: -4021.2701 | Avg_Loss_G: 1985.5751 | Total_Iter: 8310
[2770/10001] End of Epoch | Avg_Loss_D: -4026.1988 | Avg_Loss_G: 1988.3456 | Total_Iter: 8313
[2771/10001] End of Epoch | Avg_Loss_D: -4031.1875 | Avg_Loss_G: 1991.1299 | Total_Iter: 8316
[2772/10001] End of Epoch | Avg_Loss_D: -4036.5765 | Avg_Loss_G: 1993.8318 | Total_Iter: 8319
[2773/10001] End of Epoch | Avg_Loss_D: -4043.9034 | Avg_Loss_G: 1996.5588 | Total_Iter: 8322
[2774/10001] End of Epoch | Avg_Loss_D: -4047.6084 | Avg_Loss_G: 1999.4046 | Total_Iter: 8325
[2775/10001] End of Epoch | Avg_Loss_D: -4056.7230 | Avg_Loss_G: 2002.2473 | Total_Iter: 8328
[2776/10001] End of Epoch | Avg_Loss_D: -4058.9089 | Avg_Loss_G: 2004.6489 | Total_Iter: 8331
[2777/10001] End of Epoch | Avg_Loss_D: -4065.9280 | Avg_Loss_G: 2007.5586 | Total_Iter: 8334
[2778/10001] End of Epoch | Avg_Loss_D: -4071.1381 | Avg_Loss_G: 2010.2939 | Total_Iter: 8337
[2779/10001] End of Epoch | Avg_Loss_D: -4078.3492 | Avg_Loss_G: 2013.1102 | Total_Iter: 8340
[2780/10001] End of Epoch | Avg_Loss_D: -4078.1268 | Avg_Loss_G: 2015.8458 | Total_Iter: 8343
[2781/10001] End of Epoch | Avg_Loss_D: -4079.8110 | Avg_Loss_G: 2017.3975 | Total_Iter: 8346
[2782/10001] End of Epoch | Avg_Loss_D: -4091.9810 | Avg_Loss_G: 2020.9508 | Total_Iter: 8349
[2783/10001] End of Epoch | Avg_Loss_D: -4100.2189 | Avg_Loss_G: 2023.7208 | Total_Iter: 8352
[2784/10001] End of Epoch | Avg_Loss_D: -4102.8753 | Avg_Loss_G: 2026.8402 | Total_Iter: 8355
[2785/10001] End of Epoch | Avg_Loss_D: -4111.7412 | Avg_Loss_G: 2029.4357 | Total_Iter: 8358
[2786/10001] End of Epoch | Avg_Loss_D: -4112.9045 | Avg_Loss_G: 2032.0547 | Total_Iter: 8361
[2787/10001] End of Epoch | Avg_Loss_D: -4112.0923 | Avg_Loss_G: 2034.8372 | Total_Iter: 8364
[2788/10001] End of Epoch | Avg_Loss_D: -4126.7199 | Avg_Loss_G: 2037.7743 | Total_Iter: 8367
[2789/10001] End of Epoch | Avg_Loss_D: -4130.4217 | Avg_Loss_G: 2040.3904 | Total_Iter: 8370
[2790/10001] End of Epoch | Avg_Loss_D: -4139.7640 | Avg_Loss_G: 2043.2306 | Total_Iter: 8373
[2791/10001] End of Epoch | Avg_Loss_D: -4136.8372 | Avg_Loss_G: 2045.6351 | Total_Iter: 8376
[2792/10001] End of Epoch | Avg_Loss_D: -4149.2593 | Avg_Loss_G: 2048.3486 | Total_Iter: 8379
[2793/10001] End of Epoch | Avg_Loss_D: -4152.7696 | Avg_Loss_G: 2051.0451 | Total_Iter: 8382
[2794/10001] End of Epoch | Avg_Loss_D: -4160.3352 | Avg_Loss_G: 2053.7296 | Total_Iter: 8385
[2795/10001] End of Epoch | Avg_Loss_D: -4162.4095 | Avg_Loss_G: 2056.8017 | Total_Iter: 8388
[2796/10001] End of Epoch | Avg_Loss_D: -4162.7155 | Avg_Loss_G: 2059.1546 | Total_Iter: 8391
[2797/10001] End of Epoch | Avg_Loss_D: -4175.5896 | Avg_Loss_G: 2062.0132 | Total_Iter: 8394
[2798/10001] End of Epoch | Avg_Loss_D: -4180.6604 | Avg_Loss_G: 2064.7916 | Total_Iter: 8397
[2799/10001] End of Epoch | Avg_Loss_D: -4186.7049 | Avg_Loss_G: 2067.4478 | Total_Iter: 8400
[2800/10001] End of Epoch | Avg_Loss_D: -3764.7763 | Avg_Loss_G: 2066.9637 | Total_Iter: 8403
[2801/10001] End of Epoch | Avg_Loss_D: -4146.1203 | Avg_Loss_G: 2068.2454 | Total_Iter: 8406
[2802/10001] End of Epoch | Avg_Loss_D: -4173.3313 | Avg_Loss_G: 2073.0151 | Total_Iter: 8409
[2803/10001] End of Epoch | Avg_Loss_D: -4198.2054 | Avg_Loss_G: 2075.4395 | Total_Iter: 8412
[2804/10001] End of Epoch | Avg_Loss_D: -4201.8414 | Avg_Loss_G: 2078.6422 | Total_Iter: 8415
[2805/10001] End of Epoch | Avg_Loss_D: -4204.8557 | Avg_Loss_G: 2081.8079 | Total_Iter: 8418
[2806/10001] End of Epoch | Avg_Loss_D: -4207.7956 | Avg_Loss_G: 2084.7101 | Total_Iter: 8421
[2807/10001] End of Epoch | Avg_Loss_D: -4219.1264 | Avg_Loss_G: 2087.1641 | Total_Iter: 8424
[2808/10001] End of Epoch | Avg_Loss_D: -4231.4860 | Avg_Loss_G: 2090.7314 | Total_Iter: 8427
[2809/10001] End of Epoch | Avg_Loss_D: -4230.6319 | Avg_Loss_G: 2093.7067 | Total_Iter: 8430
[2810/10001] End of Epoch | Avg_Loss_D: -4229.6531 | Avg_Loss_G: 2096.3653 | Total_Iter: 8433
[2811/10001] End of Epoch | Avg_Loss_D: -4240.7995 | Avg_Loss_G: 2099.2293 | Total_Iter: 8436
[2812/10001] End of Epoch | Avg_Loss_D: -4248.3462 | Avg_Loss_G: 2102.3927 | Total_Iter: 8439
[2813/10001] End of Epoch | Avg_Loss_D: -4256.1160 | Avg_Loss_G: 2105.2081 | Total_Iter: 8442
[2814/10001] End of Epoch | Avg_Loss_D: -4257.3737 | Avg_Loss_G: 2108.5174 | Total_Iter: 8445
[2815/10001] End of Epoch | Avg_Loss_D: -4257.4935 | Avg_Loss_G: 2110.6780 | Total_Iter: 8448
[2816/10001] End of Epoch | Avg_Loss_D: -4276.2298 | Avg_Loss_G: 2114.2574 | Total_Iter: 8451
[2817/10001] End of Epoch | Avg_Loss_D: -4278.8091 | Avg_Loss_G: 2116.6992 | Total_Iter: 8454
[2818/10001] End of Epoch | Avg_Loss_D: -4275.2403 | Avg_Loss_G: 2119.0742 | Total_Iter: 8457
[2819/10001] End of Epoch | Avg_Loss_D: -4292.0649 | Avg_Loss_G: 2122.0213 | Total_Iter: 8460
[2820/10001] End of Epoch | Avg_Loss_D: -4155.6597 | Avg_Loss_G: 2108.3057 | Total_Iter: 8463
[2821/10001] End of Epoch | Avg_Loss_D: -4205.3318 | Avg_Loss_G: 2124.3801 | Total_Iter: 8466
[2822/10001] End of Epoch | Avg_Loss_D: -4284.3613 | Avg_Loss_G: 2128.4880 | Total_Iter: 8469
[2823/10001] End of Epoch | Avg_Loss_D: -4290.0927 | Avg_Loss_G: 2131.6031 | Total_Iter: 8472
[2824/10001] End of Epoch | Avg_Loss_D: -4311.4410 | Avg_Loss_G: 2134.3350 | Total_Iter: 8475
[2825/10001] End of Epoch | Avg_Loss_D: -4313.4076 | Avg_Loss_G: 2138.2025 | Total_Iter: 8478
[2826/10001] End of Epoch | Avg_Loss_D: -4313.5103 | Avg_Loss_G: 2141.1098 | Total_Iter: 8481
[2827/10001] End of Epoch | Avg_Loss_D: -4322.7310 | Avg_Loss_G: 2143.4287 | Total_Iter: 8484
[2828/10001] End of Epoch | Avg_Loss_D: -4283.4435 | Avg_Loss_G: 2145.1203 | Total_Iter: 8487
[2829/10001] End of Epoch | Avg_Loss_D: -4345.6296 | Avg_Loss_G: 2149.8051 | Total_Iter: 8490
[2830/10001] End of Epoch | Avg_Loss_D: -4339.6250 | Avg_Loss_G: 2151.9010 | Total_Iter: 8493
[2831/10001] End of Epoch | Avg_Loss_D: -4347.9044 | Avg_Loss_G: 2154.8478 | Total_Iter: 8496
[2832/10001] End of Epoch | Avg_Loss_D: -4355.9606 | Avg_Loss_G: 2158.6893 | Total_Iter: 8499
[2833/10001] End of Epoch | Avg_Loss_D: -4357.7743 | Avg_Loss_G: 2159.7750 | Total_Iter: 8502
[2834/10001] End of Epoch | Avg_Loss_D: -4357.8175 | Avg_Loss_G: 2163.8946 | Total_Iter: 8505
[2835/10001] End of Epoch | Avg_Loss_D: -4355.3751 | Avg_Loss_G: 2162.9907 | Total_Iter: 8508
[2836/10001] End of Epoch | Avg_Loss_D: -4317.9688 | Avg_Loss_G: 2166.6859 | Total_Iter: 8511
[2837/10001] End of Epoch | Avg_Loss_D: -4375.2602 | Avg_Loss_G: 2171.6623 | Total_Iter: 8514
[2838/10001] End of Epoch | Avg_Loss_D: -4392.5564 | Avg_Loss_G: 2175.2144 | Total_Iter: 8517
[2839/10001] End of Epoch | Avg_Loss_D: -4219.8584 | Avg_Loss_G: 2142.3697 | Total_Iter: 8520
[2840/10001] End of Epoch | Avg_Loss_D: -4374.9945 | Avg_Loss_G: 2178.1586 | Total_Iter: 8523
[2841/10001] End of Epoch | Avg_Loss_D: -4403.4750 | Avg_Loss_G: 2183.7251 | Total_Iter: 8526
[2842/10001] End of Epoch | Avg_Loss_D: -4406.8062 | Avg_Loss_G: 2185.7373 | Total_Iter: 8529
[2843/10001] End of Epoch | Avg_Loss_D: -4419.3116 | Avg_Loss_G: 2189.5621 | Total_Iter: 8532
[2844/10001] End of Epoch | Avg_Loss_D: -4424.1060 | Avg_Loss_G: 2190.3164 | Total_Iter: 8535
[2845/10001] End of Epoch | Avg_Loss_D: -4431.4423 | Avg_Loss_G: 2195.0598 | Total_Iter: 8538
[2846/10001] End of Epoch | Avg_Loss_D: -4433.8366 | Avg_Loss_G: 2198.3646 | Total_Iter: 8541
[2847/10001] End of Epoch | Avg_Loss_D: -4440.5993 | Avg_Loss_G: 2200.8951 | Total_Iter: 8544
[2848/10001] End of Epoch | Avg_Loss_D: -4455.2164 | Avg_Loss_G: 2203.7915 | Total_Iter: 8547
[2849/10001] End of Epoch | Avg_Loss_D: -4447.4749 | Avg_Loss_G: 2206.7465 | Total_Iter: 8550
[2850/10001] End of Epoch | Avg_Loss_D: -4458.9456 | Avg_Loss_G: 2210.3211 | Total_Iter: 8553
[2851/10001] End of Epoch | Avg_Loss_D: -4463.1841 | Avg_Loss_G: 2213.3454 | Total_Iter: 8556
[2852/10001] End of Epoch | Avg_Loss_D: -4471.3121 | Avg_Loss_G: 2215.3333 | Total_Iter: 8559
[2853/10001] End of Epoch | Avg_Loss_D: -4478.7433 | Avg_Loss_G: 2218.5368 | Total_Iter: 8562
[2854/10001] End of Epoch | Avg_Loss_D: -4485.4775 | Avg_Loss_G: 2221.7358 | Total_Iter: 8565
[2855/10001] End of Epoch | Avg_Loss_D: -4492.4956 | Avg_Loss_G: 2224.2452 | Total_Iter: 8568
[2856/10001] End of Epoch | Avg_Loss_D: -4484.2819 | Avg_Loss_G: 2225.6824 | Total_Iter: 8571
[2857/10001] End of Epoch | Avg_Loss_D: -4481.4875 | Avg_Loss_G: 2226.6963 | Total_Iter: 8574
[2858/10001] End of Epoch | Avg_Loss_D: -4487.0592 | Avg_Loss_G: 2232.4926 | Total_Iter: 8577
[2859/10001] End of Epoch | Avg_Loss_D: -4507.8921 | Avg_Loss_G: 2235.1055 | Total_Iter: 8580
[2860/10001] End of Epoch | Avg_Loss_D: -4522.7918 | Avg_Loss_G: 2238.8851 | Total_Iter: 8583
[2861/10001] End of Epoch | Avg_Loss_D: -4526.1178 | Avg_Loss_G: 2241.2885 | Total_Iter: 8586
[2862/10001] End of Epoch | Avg_Loss_D: -4456.1797 | Avg_Loss_G: 2193.6320 | Total_Iter: 8589
[2863/10001] End of Epoch | Avg_Loss_D: -4541.3474 | Avg_Loss_G: 2247.8942 | Total_Iter: 8592
[2864/10001] End of Epoch | Avg_Loss_D: -4535.1764 | Avg_Loss_G: 2248.9001 | Total_Iter: 8595
[2865/10001] End of Epoch | Avg_Loss_D: -4547.5808 | Avg_Loss_G: 2253.4292 | Total_Iter: 8598
[2866/10001] End of Epoch | Avg_Loss_D: -4551.0015 | Avg_Loss_G: 2255.5058 | Total_Iter: 8601
[2867/10001] End of Epoch | Avg_Loss_D: -4421.6428 | Avg_Loss_G: 2241.5274 | Total_Iter: 8604
[2868/10001] End of Epoch | Avg_Loss_D: -4540.3812 | Avg_Loss_G: 2257.6485 | Total_Iter: 8607
[2869/10001] End of Epoch | Avg_Loss_D: -4549.5304 | Avg_Loss_G: 2261.1405 | Total_Iter: 8610
[2870/10001] End of Epoch | Avg_Loss_D: -4567.8023 | Avg_Loss_G: 2264.9510 | Total_Iter: 8613
[2871/10001] End of Epoch | Avg_Loss_D: -4579.8370 | Avg_Loss_G: 2269.7282 | Total_Iter: 8616
[2872/10001] End of Epoch | Avg_Loss_D: -4584.1416 | Avg_Loss_G: 2271.4611 | Total_Iter: 8619
[2873/10001] End of Epoch | Avg_Loss_D: -4592.8419 | Avg_Loss_G: 2274.9812 | Total_Iter: 8622
[2874/10001] End of Epoch | Avg_Loss_D: -4604.5357 | Avg_Loss_G: 2278.8508 | Total_Iter: 8625
[2875/10001] End of Epoch | Avg_Loss_D: -4599.5034 | Avg_Loss_G: 2281.6439 | Total_Iter: 8628
[2876/10001] End of Epoch | Avg_Loss_D: -3221.0951 | Avg_Loss_G: 2188.5742 | Total_Iter: 8631
[2877/10001] End of Epoch | Avg_Loss_D: -4546.3432 | Avg_Loss_G: 2274.5692 | Total_Iter: 8634
[2878/10001] End of Epoch | Avg_Loss_D: -4343.4217 | Avg_Loss_G: 2253.9225 | Total_Iter: 8637
[2879/10001] End of Epoch | Avg_Loss_D: -4577.6087 | Avg_Loss_G: 2284.0336 | Total_Iter: 8640
[2880/10001] End of Epoch | Avg_Loss_D: -4605.1033 | Avg_Loss_G: 2289.8630 | Total_Iter: 8643
[2881/10001] End of Epoch | Avg_Loss_D: -4624.5423 | Avg_Loss_G: 2293.0977 | Total_Iter: 8646
[2882/10001] End of Epoch | Avg_Loss_D: -4626.6847 | Avg_Loss_G: 2294.8126 | Total_Iter: 8649
[2883/10001] End of Epoch | Avg_Loss_D: -4639.0154 | Avg_Loss_G: 2299.0119 | Total_Iter: 8652
[2884/10001] End of Epoch | Avg_Loss_D: -4608.6080 | Avg_Loss_G: 2299.8683 | Total_Iter: 8655
[2885/10001] End of Epoch | Avg_Loss_D: -4646.5863 | Avg_Loss_G: 2306.0646 | Total_Iter: 8658
[2886/10001] End of Epoch | Avg_Loss_D: -4660.3815 | Avg_Loss_G: 2308.8513 | Total_Iter: 8661
[2887/10001] End of Epoch | Avg_Loss_D: -4565.3179 | Avg_Loss_G: 2307.9041 | Total_Iter: 8664
[2888/10001] End of Epoch | Avg_Loss_D: -4660.9632 | Avg_Loss_G: 2313.3041 | Total_Iter: 8667
[2889/10001] End of Epoch | Avg_Loss_D: -4676.0599 | Avg_Loss_G: 2316.7879 | Total_Iter: 8670
[2890/10001] End of Epoch | Avg_Loss_D: -4615.1446 | Avg_Loss_G: 2305.5543 | Total_Iter: 8673
[2891/10001] End of Epoch | Avg_Loss_D: -4557.4100 | Avg_Loss_G: 2313.7210 | Total_Iter: 8676
[2892/10001] End of Epoch | Avg_Loss_D: -4656.6570 | Avg_Loss_G: 2320.5336 | Total_Iter: 8679
[2893/10001] End of Epoch | Avg_Loss_D: -3837.0649 | Avg_Loss_G: 2305.4451 | Total_Iter: 8682
[2894/10001] End of Epoch | Avg_Loss_D: -1318.0663 | Avg_Loss_G: 2266.4443 | Total_Iter: 8685
[2895/10001] End of Epoch | Avg_Loss_D: 45.7766 | Avg_Loss_G: 2244.3363 | Total_Iter: 8688
[2896/10001] End of Epoch | Avg_Loss_D: -608.2723 | Avg_Loss_G: 2093.0118 | Total_Iter: 8691
[2897/10001] End of Epoch | Avg_Loss_D: -1784.0366 | Avg_Loss_G: 2046.6168 | Total_Iter: 8694
[2898/10001] End of Epoch | Avg_Loss_D: -1973.3178 | Avg_Loss_G: 2101.7578 | Total_Iter: 8697
[2899/10001] End of Epoch | Avg_Loss_D: -15.5480 | Avg_Loss_G: 1932.2231 | Total_Iter: 8700
[2900/10001] End of Epoch | Avg_Loss_D: 24.5493 | Avg_Loss_G: 2254.0357 | Total_Iter: 8703
[2901/10001] End of Epoch | Avg_Loss_D: 5.0247 | Avg_Loss_G: 2256.7939 | Total_Iter: 8706
[2902/10001] End of Epoch | Avg_Loss_D: -7.8897 | Avg_Loss_G: 2257.5960 | Total_Iter: 8709
[2903/10001] End of Epoch | Avg_Loss_D: -17.0795 | Avg_Loss_G: 2256.4265 | Total_Iter: 8712
[2904/10001] End of Epoch | Avg_Loss_D: -21.5188 | Avg_Loss_G: 2256.9143 | Total_Iter: 8715
[2905/10001] End of Epoch | Avg_Loss_D: -29.5789 | Avg_Loss_G: 2257.8091 | Total_Iter: 8718
[2906/10001] End of Epoch | Avg_Loss_D: -22.3496 | Avg_Loss_G: 2258.1866 | Total_Iter: 8721
[2907/10001] End of Epoch | Avg_Loss_D: -17.7890 | Avg_Loss_G: 2259.8905 | Total_Iter: 8724
[2908/10001] End of Epoch | Avg_Loss_D: -5.2356 | Avg_Loss_G: 2259.1398 | Total_Iter: 8727
[2909/10001] End of Epoch | Avg_Loss_D: 10.2274 | Avg_Loss_G: 2257.1961 | Total_Iter: 8730
[2910/10001] End of Epoch | Avg_Loss_D: -12.2806 | Avg_Loss_G: 2261.3531 | Total_Iter: 8733
[2911/10001] End of Epoch | Avg_Loss_D: -21.9695 | Avg_Loss_G: 2264.0255 | Total_Iter: 8736
[2912/10001] End of Epoch | Avg_Loss_D: 20.1100 | Avg_Loss_G: 2267.8142 | Total_Iter: 8739
[2913/10001] End of Epoch | Avg_Loss_D: 2.6436 | Avg_Loss_G: 2269.4841 | Total_Iter: 8742
[2914/10001] End of Epoch | Avg_Loss_D: -3.9077 | Avg_Loss_G: 2268.7671 | Total_Iter: 8745
[2915/10001] End of Epoch | Avg_Loss_D: -10.3138 | Avg_Loss_G: 2270.4178 | Total_Iter: 8748
[2916/10001] End of Epoch | Avg_Loss_D: -0.0504 | Avg_Loss_G: 2272.6338 | Total_Iter: 8751
[2917/10001] End of Epoch | Avg_Loss_D: 11.1793 | Avg_Loss_G: 2276.0832 | Total_Iter: 8754
[2918/10001] End of Epoch | Avg_Loss_D: -8.9229 | Avg_Loss_G: 2276.8658 | Total_Iter: 8757
[2919/10001] End of Epoch | Avg_Loss_D: -3.0231 | Avg_Loss_G: 2279.4622 | Total_Iter: 8760
[2920/10001] End of Epoch | Avg_Loss_D: -5.8221 | Avg_Loss_G: 2272.7142 | Total_Iter: 8763
[2921/10001] End of Epoch | Avg_Loss_D: -5.9047 | Avg_Loss_G: 2276.9835 | Total_Iter: 8766
[2922/10001] End of Epoch | Avg_Loss_D: 13.8883 | Avg_Loss_G: 2276.6050 | Total_Iter: 8769
[2923/10001] End of Epoch | Avg_Loss_D: -10.4933 | Avg_Loss_G: 2277.7952 | Total_Iter: 8772
[2924/10001] End of Epoch | Avg_Loss_D: -6.2938 | Avg_Loss_G: 2278.8921 | Total_Iter: 8775
[2925/10001] End of Epoch | Avg_Loss_D: -11.1438 | Avg_Loss_G: 2275.4151 | Total_Iter: 8778
[2926/10001] End of Epoch | Avg_Loss_D: -23.5433 | Avg_Loss_G: 2276.9538 | Total_Iter: 8781
[2927/10001] End of Epoch | Avg_Loss_D: -13.1747 | Avg_Loss_G: 2274.1735 | Total_Iter: 8784
[2928/10001] End of Epoch | Avg_Loss_D: -20.2333 | Avg_Loss_G: 2274.7572 | Total_Iter: 8787
[2929/10001] End of Epoch | Avg_Loss_D: -8.2964 | Avg_Loss_G: 2277.0637 | Total_Iter: 8790
[2930/10001] End of Epoch | Avg_Loss_D: -4.3765 | Avg_Loss_G: 2278.8874 | Total_Iter: 8793
[2931/10001] End of Epoch | Avg_Loss_D: -3.5019 | Avg_Loss_G: 2272.1158 | Total_Iter: 8796
[2932/10001] End of Epoch | Avg_Loss_D: -8.2825 | Avg_Loss_G: 2267.3007 | Total_Iter: 8799
[2933/10001] End of Epoch | Avg_Loss_D: 0.1403 | Avg_Loss_G: 2270.8962 | Total_Iter: 8802
[2934/10001] End of Epoch | Avg_Loss_D: -12.3606 | Avg_Loss_G: 2280.8598 | Total_Iter: 8805
[2935/10001] End of Epoch | Avg_Loss_D: 0.3389 | Avg_Loss_G: 2277.0705 | Total_Iter: 8808
[2936/10001] End of Epoch | Avg_Loss_D: 19.6842 | Avg_Loss_G: 2283.5743 | Total_Iter: 8811
[2937/10001] End of Epoch | Avg_Loss_D: -10.7069 | Avg_Loss_G: 2281.5063 | Total_Iter: 8814
[2938/10001] End of Epoch | Avg_Loss_D: -1.0666 | Avg_Loss_G: 2278.3207 | Total_Iter: 8817
[2939/10001] End of Epoch | Avg_Loss_D: -9.5337 | Avg_Loss_G: 2280.4360 | Total_Iter: 8820
[2940/10001] End of Epoch | Avg_Loss_D: -14.5363 | Avg_Loss_G: 2279.8863 | Total_Iter: 8823
[2941/10001] End of Epoch | Avg_Loss_D: -16.0634 | Avg_Loss_G: 2277.0593 | Total_Iter: 8826
[2942/10001] End of Epoch | Avg_Loss_D: -18.0929 | Avg_Loss_G: 2272.4026 | Total_Iter: 8829
[2943/10001] End of Epoch | Avg_Loss_D: -1.0082 | Avg_Loss_G: 2281.3068 | Total_Iter: 8832
[2944/10001] End of Epoch | Avg_Loss_D: -7.2836 | Avg_Loss_G: 2278.5891 | Total_Iter: 8835
[2945/10001] End of Epoch | Avg_Loss_D: -8.6095 | Avg_Loss_G: 2279.2317 | Total_Iter: 8838
[2946/10001] End of Epoch | Avg_Loss_D: -12.0962 | Avg_Loss_G: 2279.9056 | Total_Iter: 8841
[2947/10001] End of Epoch | Avg_Loss_D: -8.8881 | Avg_Loss_G: 2275.8781 | Total_Iter: 8844
[2948/10001] End of Epoch | Avg_Loss_D: -8.3036 | Avg_Loss_G: 2274.0288 | Total_Iter: 8847
[2949/10001] End of Epoch | Avg_Loss_D: -20.8590 | Avg_Loss_G: 2276.6670 | Total_Iter: 8850
[2950/10001] End of Epoch | Avg_Loss_D: -8.2049 | Avg_Loss_G: 2272.4514 | Total_Iter: 8853
[2951/10001] End of Epoch | Avg_Loss_D: -12.5873 | Avg_Loss_G: 2276.2921 | Total_Iter: 8856
[2952/10001] End of Epoch | Avg_Loss_D: -25.3960 | Avg_Loss_G: 2267.0962 | Total_Iter: 8859
[2953/10001] End of Epoch | Avg_Loss_D: -26.9847 | Avg_Loss_G: 2261.1266 | Total_Iter: 8862
[2954/10001] End of Epoch | Avg_Loss_D: -17.6461 | Avg_Loss_G: 2260.8925 | Total_Iter: 8865
[2955/10001] End of Epoch | Avg_Loss_D: -43.6000 | Avg_Loss_G: 2254.8732 | Total_Iter: 8868
[2956/10001] End of Epoch | Avg_Loss_D: -59.9451 | Avg_Loss_G: 2258.5776 | Total_Iter: 8871
[2957/10001] End of Epoch | Avg_Loss_D: -207.5643 | Avg_Loss_G: 2187.4924 | Total_Iter: 8874
[2958/10001] End of Epoch | Avg_Loss_D: -116.1208 | Avg_Loss_G: 2199.1022 | Total_Iter: 8877
[2959/10001] End of Epoch | Avg_Loss_D: -191.4997 | Avg_Loss_G: 2229.8651 | Total_Iter: 8880
[2960/10001] End of Epoch | Avg_Loss_D: -2039.6574 | Avg_Loss_G: 1858.1241 | Total_Iter: 8883
[2961/10001] End of Epoch | Avg_Loss_D: -4155.1548 | Avg_Loss_G: 2285.8519 | Total_Iter: 8886
[2962/10001] End of Epoch | Avg_Loss_D: -4607.0358 | Avg_Loss_G: 2300.8547 | Total_Iter: 8889
[2963/10001] End of Epoch | Avg_Loss_D: -4621.8746 | Avg_Loss_G: 2311.6090 | Total_Iter: 8892
[2964/10001] End of Epoch | Avg_Loss_D: -4669.7922 | Avg_Loss_G: 2322.2007 | Total_Iter: 8895
[2965/10001] End of Epoch | Avg_Loss_D: -4677.1836 | Avg_Loss_G: 2328.0200 | Total_Iter: 8898
[2966/10001] End of Epoch | Avg_Loss_D: -4660.4038 | Avg_Loss_G: 2333.0571 | Total_Iter: 8901
[2967/10001] End of Epoch | Avg_Loss_D: -4686.8700 | Avg_Loss_G: 2340.5601 | Total_Iter: 8904
[2968/10001] End of Epoch | Avg_Loss_D: -4714.8765 | Avg_Loss_G: 2346.2855 | Total_Iter: 8907
[2969/10001] End of Epoch | Avg_Loss_D: -4739.6948 | Avg_Loss_G: 2351.7263 | Total_Iter: 8910
[2970/10001] End of Epoch | Avg_Loss_D: -4729.0968 | Avg_Loss_G: 2356.9524 | Total_Iter: 8913
[2971/10001] End of Epoch | Avg_Loss_D: -4758.1300 | Avg_Loss_G: 2363.2515 | Total_Iter: 8916
[2972/10001] End of Epoch | Avg_Loss_D: -4765.3364 | Avg_Loss_G: 2367.6701 | Total_Iter: 8919
[2973/10001] End of Epoch | Avg_Loss_D: -4720.8902 | Avg_Loss_G: 2371.8928 | Total_Iter: 8922
[2974/10001] End of Epoch | Avg_Loss_D: -4783.6596 | Avg_Loss_G: 2377.6795 | Total_Iter: 8925
[2975/10001] End of Epoch | Avg_Loss_D: -4782.9640 | Avg_Loss_G: 2382.1613 | Total_Iter: 8928
[2976/10001] End of Epoch | Avg_Loss_D: -4810.9127 | Avg_Loss_G: 2386.1255 | Total_Iter: 8931
[2977/10001] End of Epoch | Avg_Loss_D: -4809.7355 | Avg_Loss_G: 2390.6044 | Total_Iter: 8934
[2978/10001] End of Epoch | Avg_Loss_D: -4826.3641 | Avg_Loss_G: 2395.4366 | Total_Iter: 8937
[2979/10001] End of Epoch | Avg_Loss_D: -4845.1738 | Avg_Loss_G: 2399.5093 | Total_Iter: 8940
[2980/10001] End of Epoch | Avg_Loss_D: -4856.8175 | Avg_Loss_G: 2404.2033 | Total_Iter: 8943
[2981/10001] End of Epoch | Avg_Loss_D: -4800.2244 | Avg_Loss_G: 2406.7629 | Total_Iter: 8946
[2982/10001] End of Epoch | Avg_Loss_D: -4818.3735 | Avg_Loss_G: 2411.3251 | Total_Iter: 8949
[2983/10001] End of Epoch | Avg_Loss_D: -4864.9493 | Avg_Loss_G: 2415.5626 | Total_Iter: 8952
[2984/10001] End of Epoch | Avg_Loss_D: -4864.7192 | Avg_Loss_G: 2419.0909 | Total_Iter: 8955
[2985/10001] End of Epoch | Avg_Loss_D: -4887.8333 | Avg_Loss_G: 2423.9993 | Total_Iter: 8958
[2986/10001] End of Epoch | Avg_Loss_D: -4897.0630 | Avg_Loss_G: 2428.1702 | Total_Iter: 8961
[2987/10001] End of Epoch | Avg_Loss_D: -4901.2520 | Avg_Loss_G: 2432.4879 | Total_Iter: 8964
[2988/10001] End of Epoch | Avg_Loss_D: -4923.4685 | Avg_Loss_G: 2436.3843 | Total_Iter: 8967
[2989/10001] End of Epoch | Avg_Loss_D: -4919.0617 | Avg_Loss_G: 2441.3380 | Total_Iter: 8970
[2990/10001] End of Epoch | Avg_Loss_D: -4927.0106 | Avg_Loss_G: 2443.9957 | Total_Iter: 8973
[2991/10001] End of Epoch | Avg_Loss_D: -4934.8666 | Avg_Loss_G: 2448.8879 | Total_Iter: 8976
[2992/10001] End of Epoch | Avg_Loss_D: -4949.3370 | Avg_Loss_G: 2452.8353 | Total_Iter: 8979
[2993/10001] End of Epoch | Avg_Loss_D: -4964.1757 | Avg_Loss_G: 2456.7407 | Total_Iter: 8982
[2994/10001] End of Epoch | Avg_Loss_D: -4931.1310 | Avg_Loss_G: 2460.6366 | Total_Iter: 8985
[2995/10001] End of Epoch | Avg_Loss_D: -4964.7618 | Avg_Loss_G: 2464.2973 | Total_Iter: 8988
[2996/10001] End of Epoch | Avg_Loss_D: -4980.5767 | Avg_Loss_G: 2467.9476 | Total_Iter: 8991
[2997/10001] End of Epoch | Avg_Loss_D: -4987.7984 | Avg_Loss_G: 2471.2871 | Total_Iter: 8994
[2998/10001] End of Epoch | Avg_Loss_D: -4990.0484 | Avg_Loss_G: 2475.1505 | Total_Iter: 8997
[2999/10001] End of Epoch | Avg_Loss_D: -5002.9734 | Avg_Loss_G: 2478.9861 | Total_Iter: 9000
[3000/10001] End of Epoch | Avg_Loss_D: -5011.7185 | Avg_Loss_G: 2482.1534 | Total_Iter: 9003
[3001/10001] End of Epoch | Avg_Loss_D: -5014.6719 | Avg_Loss_G: 2486.4832 | Total_Iter: 9006
[3002/10001] End of Epoch | Avg_Loss_D: -5030.4887 | Avg_Loss_G: 2489.7710 | Total_Iter: 9009
[3003/10001] End of Epoch | Avg_Loss_D: -5032.0179 | Avg_Loss_G: 2492.7759 | Total_Iter: 9012
[3004/10001] End of Epoch | Avg_Loss_D: -5038.9475 | Avg_Loss_G: 2496.5732 | Total_Iter: 9015
[3005/10001] End of Epoch | Avg_Loss_D: -5043.2447 | Avg_Loss_G: 2499.9577 | Total_Iter: 9018
[3006/10001] End of Epoch | Avg_Loss_D: -5039.0339 | Avg_Loss_G: 2503.7138 | Total_Iter: 9021
[3007/10001] End of Epoch | Avg_Loss_D: -5060.9940 | Avg_Loss_G: 2507.4708 | Total_Iter: 9024
[3008/10001] End of Epoch | Avg_Loss_D: -5067.0853 | Avg_Loss_G: 2510.6931 | Total_Iter: 9027
[3009/10001] End of Epoch | Avg_Loss_D: -5061.0845 | Avg_Loss_G: 2514.2566 | Total_Iter: 9030
[3010/10001] End of Epoch | Avg_Loss_D: -5083.1267 | Avg_Loss_G: 2517.7480 | Total_Iter: 9033
[3011/10001] End of Epoch | Avg_Loss_D: -5091.8064 | Avg_Loss_G: 2521.8902 | Total_Iter: 9036
[3012/10001] End of Epoch | Avg_Loss_D: -5087.2469 | Avg_Loss_G: 2525.4858 | Total_Iter: 9039
[3013/10001] End of Epoch | Avg_Loss_D: -5107.0615 | Avg_Loss_G: 2529.1785 | Total_Iter: 9042
[3014/10001] End of Epoch | Avg_Loss_D: -5099.1800 | Avg_Loss_G: 2532.3661 | Total_Iter: 9045
[3015/10001] End of Epoch | Avg_Loss_D: -5118.3709 | Avg_Loss_G: 2535.6539 | Total_Iter: 9048
[3016/10001] End of Epoch | Avg_Loss_D: -4955.0531 | Avg_Loss_G: 2538.6632 | Total_Iter: 9051
[3017/10001] End of Epoch | Avg_Loss_D: -5123.9817 | Avg_Loss_G: 2542.7219 | Total_Iter: 9054
[3018/10001] End of Epoch | Avg_Loss_D: -5132.0765 | Avg_Loss_G: 2546.1251 | Total_Iter: 9057
[3019/10001] End of Epoch | Avg_Loss_D: -5140.1135 | Avg_Loss_G: 2548.9876 | Total_Iter: 9060
[3020/10001] End of Epoch | Avg_Loss_D: -5159.1581 | Avg_Loss_G: 2553.7853 | Total_Iter: 9063
[3021/10001] End of Epoch | Avg_Loss_D: -5127.9697 | Avg_Loss_G: 2556.3249 | Total_Iter: 9066
[3022/10001] End of Epoch | Avg_Loss_D: -5168.9385 | Avg_Loss_G: 2559.2624 | Total_Iter: 9069
[3023/10001] End of Epoch | Avg_Loss_D: -5167.3296 | Avg_Loss_G: 2563.6058 | Total_Iter: 9072
[3024/10001] End of Epoch | Avg_Loss_D: -5181.0817 | Avg_Loss_G: 2566.3165 | Total_Iter: 9075
[3025/10001] End of Epoch | Avg_Loss_D: -5191.6912 | Avg_Loss_G: 2570.8047 | Total_Iter: 9078
[3026/10001] End of Epoch | Avg_Loss_D: -5192.6871 | Avg_Loss_G: 2572.8374 | Total_Iter: 9081
[3027/10001] End of Epoch | Avg_Loss_D: -5190.5862 | Avg_Loss_G: 2576.7543 | Total_Iter: 9084
[3028/10001] End of Epoch | Avg_Loss_D: -5213.7298 | Avg_Loss_G: 2580.6126 | Total_Iter: 9087
[3029/10001] End of Epoch | Avg_Loss_D: -5198.1261 | Avg_Loss_G: 2583.6080 | Total_Iter: 9090
[3030/10001] End of Epoch | Avg_Loss_D: -5223.8038 | Avg_Loss_G: 2587.1910 | Total_Iter: 9093
[3031/10001] End of Epoch | Avg_Loss_D: -5228.7057 | Avg_Loss_G: 2590.0555 | Total_Iter: 9096
[3032/10001] End of Epoch | Avg_Loss_D: -5231.2547 | Avg_Loss_G: 2594.4415 | Total_Iter: 9099
[3033/10001] End of Epoch | Avg_Loss_D: -5222.9493 | Avg_Loss_G: 2597.1885 | Total_Iter: 9102
[3034/10001] End of Epoch | Avg_Loss_D: -5212.8508 | Avg_Loss_G: 2599.1850 | Total_Iter: 9105
[3035/10001] End of Epoch | Avg_Loss_D: -5249.8211 | Avg_Loss_G: 2602.9489 | Total_Iter: 9108
[3036/10001] End of Epoch | Avg_Loss_D: -5246.7431 | Avg_Loss_G: 2607.0063 | Total_Iter: 9111
[3037/10001] End of Epoch | Avg_Loss_D: -5253.7884 | Avg_Loss_G: 2610.3497 | Total_Iter: 9114
[3038/10001] End of Epoch | Avg_Loss_D: -5270.2643 | Avg_Loss_G: 2613.6584 | Total_Iter: 9117
[3039/10001] End of Epoch | Avg_Loss_D: -5272.3483 | Avg_Loss_G: 2616.6030 | Total_Iter: 9120
[3040/10001] End of Epoch | Avg_Loss_D: -5278.1462 | Avg_Loss_G: 2619.6933 | Total_Iter: 9123
[3041/10001] End of Epoch | Avg_Loss_D: -5269.5616 | Avg_Loss_G: 2621.1375 | Total_Iter: 9126
[3042/10001] End of Epoch | Avg_Loss_D: -5259.5250 | Avg_Loss_G: 2625.8931 | Total_Iter: 9129
[3043/10001] End of Epoch | Avg_Loss_D: -5300.9021 | Avg_Loss_G: 2628.6621 | Total_Iter: 9132
[3044/10001] End of Epoch | Avg_Loss_D: -5295.7081 | Avg_Loss_G: 2632.2154 | Total_Iter: 9135
[3045/10001] End of Epoch | Avg_Loss_D: -5318.1887 | Avg_Loss_G: 2637.3931 | Total_Iter: 9138
[3046/10001] End of Epoch | Avg_Loss_D: -5325.2243 | Avg_Loss_G: 2640.4141 | Total_Iter: 9141
[3047/10001] End of Epoch | Avg_Loss_D: -5327.6898 | Avg_Loss_G: 2642.5699 | Total_Iter: 9144
[3048/10001] End of Epoch | Avg_Loss_D: -5333.3088 | Avg_Loss_G: 2646.1469 | Total_Iter: 9147
[3049/10001] End of Epoch | Avg_Loss_D: -1442.9816 | Avg_Loss_G: 2587.2145 | Total_Iter: 9150
[3050/10001] End of Epoch | Avg_Loss_D: 13.5453 | Avg_Loss_G: 2606.1702 | Total_Iter: 9153
[3051/10001] End of Epoch | Avg_Loss_D: -25.2568 | Avg_Loss_G: 2606.7763 | Total_Iter: 9156
[3052/10001] End of Epoch | Avg_Loss_D: -57.3071 | Avg_Loss_G: 2599.8888 | Total_Iter: 9159
[3053/10001] End of Epoch | Avg_Loss_D: -248.5248 | Avg_Loss_G: 2593.5787 | Total_Iter: 9162
[3054/10001] End of Epoch | Avg_Loss_D: -2383.2540 | Avg_Loss_G: 2577.0195 | Total_Iter: 9165
[3055/10001] End of Epoch | Avg_Loss_D: 242.3663 | Avg_Loss_G: 2502.4680 | Total_Iter: 9168
[3056/10001] End of Epoch | Avg_Loss_D: -1.1016 | Avg_Loss_G: 2548.8677 | Total_Iter: 9171
[3057/10001] End of Epoch | Avg_Loss_D: -83.9651 | Avg_Loss_G: 2551.5448 | Total_Iter: 9174
[3058/10001] End of Epoch | Avg_Loss_D: -264.1708 | Avg_Loss_G: 2556.3832 | Total_Iter: 9177
[3059/10001] End of Epoch | Avg_Loss_D: -951.5326 | Avg_Loss_G: 2457.0096 | Total_Iter: 9180
[3060/10001] End of Epoch | Avg_Loss_D: -1441.3778 | Avg_Loss_G: 2360.2771 | Total_Iter: 9183
[3061/10001] End of Epoch | Avg_Loss_D: -2510.9984 | Avg_Loss_G: 2171.6132 | Total_Iter: 9186
[3062/10001] End of Epoch | Avg_Loss_D: 754.5627 | Avg_Loss_G: 2451.3296 | Total_Iter: 9189
[3063/10001] End of Epoch | Avg_Loss_D: -2909.0936 | Avg_Loss_G: 2529.4360 | Total_Iter: 9192
[3064/10001] End of Epoch | Avg_Loss_D: -3316.8327 | Avg_Loss_G: 2320.9543 | Total_Iter: 9195
[3065/10001] End of Epoch | Avg_Loss_D: 597.3760 | Avg_Loss_G: 2325.9284 | Total_Iter: 9198
[3066/10001] End of Epoch | Avg_Loss_D: 471.6674 | Avg_Loss_G: 2459.4162 | Total_Iter: 9201
[3067/10001] End of Epoch | Avg_Loss_D: 177.0840 | Avg_Loss_G: 2483.1580 | Total_Iter: 9204
[3068/10001] End of Epoch | Avg_Loss_D: 79.6201 | Avg_Loss_G: 2498.6803 | Total_Iter: 9207
[3069/10001] End of Epoch | Avg_Loss_D: 134.9820 | Avg_Loss_G: 2518.2589 | Total_Iter: 9210
[3070/10001] End of Epoch | Avg_Loss_D: 119.7793 | Avg_Loss_G: 2529.4498 | Total_Iter: 9213
[3071/10001] End of Epoch | Avg_Loss_D: 47.8193 | Avg_Loss_G: 2531.9546 | Total_Iter: 9216
[3072/10001] End of Epoch | Avg_Loss_D: 60.6525 | Avg_Loss_G: 2539.6899 | Total_Iter: 9219
[3073/10001] End of Epoch | Avg_Loss_D: 30.3271 | Avg_Loss_G: 2539.6450 | Total_Iter: 9222
[3074/10001] End of Epoch | Avg_Loss_D: 46.3068 | Avg_Loss_G: 2547.9563 | Total_Iter: 9225
[3075/10001] End of Epoch | Avg_Loss_D: 17.9703 | Avg_Loss_G: 2549.5041 | Total_Iter: 9228
[3076/10001] End of Epoch | Avg_Loss_D: 40.6826 | Avg_Loss_G: 2544.5174 | Total_Iter: 9231
[3077/10001] End of Epoch | Avg_Loss_D: 19.5313 | Avg_Loss_G: 2543.1610 | Total_Iter: 9234
[3078/10001] End of Epoch | Avg_Loss_D: 44.6384 | Avg_Loss_G: 2551.4322 | Total_Iter: 9237
[3079/10001] End of Epoch | Avg_Loss_D: 13.9552 | Avg_Loss_G: 2548.9516 | Total_Iter: 9240
[3080/10001] End of Epoch | Avg_Loss_D: 11.9587 | Avg_Loss_G: 2553.0326 | Total_Iter: 9243
[3081/10001] End of Epoch | Avg_Loss_D: -12.9201 | Avg_Loss_G: 2553.2349 | Total_Iter: 9246
[3082/10001] End of Epoch | Avg_Loss_D: -16.5827 | Avg_Loss_G: 2552.9554 | Total_Iter: 9249
[3083/10001] End of Epoch | Avg_Loss_D: -4.6176 | Avg_Loss_G: 2550.9856 | Total_Iter: 9252
[3084/10001] End of Epoch | Avg_Loss_D: -14.1663 | Avg_Loss_G: 2547.0607 | Total_Iter: 9255
[3085/10001] End of Epoch | Avg_Loss_D: -26.7825 | Avg_Loss_G: 2536.3306 | Total_Iter: 9258
[3086/10001] End of Epoch | Avg_Loss_D: 9.6373 | Avg_Loss_G: 2539.5484 | Total_Iter: 9261
[3087/10001] End of Epoch | Avg_Loss_D: 15.3576 | Avg_Loss_G: 2537.3058 | Total_Iter: 9264
[3088/10001] End of Epoch | Avg_Loss_D: 26.0171 | Avg_Loss_G: 2535.6993 | Total_Iter: 9267
[3089/10001] End of Epoch | Avg_Loss_D: 72.7769 | Avg_Loss_G: 2543.2008 | Total_Iter: 9270
[3090/10001] End of Epoch | Avg_Loss_D: 8.6630 | Avg_Loss_G: 2544.7090 | Total_Iter: 9273
[3091/10001] End of Epoch | Avg_Loss_D: 8.7756 | Avg_Loss_G: 2549.8417 | Total_Iter: 9276
[3092/10001] End of Epoch | Avg_Loss_D: 2.6846 | Avg_Loss_G: 2554.3091 | Total_Iter: 9279
[3093/10001] End of Epoch | Avg_Loss_D: 10.2584 | Avg_Loss_G: 2553.4991 | Total_Iter: 9282
[3094/10001] End of Epoch | Avg_Loss_D: 5.8015 | Avg_Loss_G: 2555.3409 | Total_Iter: 9285
[3095/10001] End of Epoch | Avg_Loss_D: 7.2696 | Avg_Loss_G: 2559.3735 | Total_Iter: 9288
[3096/10001] End of Epoch | Avg_Loss_D: 5.7997 | Avg_Loss_G: 2558.0229 | Total_Iter: 9291
[3097/10001] End of Epoch | Avg_Loss_D: 12.6096 | Avg_Loss_G: 2557.8394 | Total_Iter: 9294
[3098/10001] End of Epoch | Avg_Loss_D: -5.2172 | Avg_Loss_G: 2558.5329 | Total_Iter: 9297
[3099/10001] End of Epoch | Avg_Loss_D: -3.1245 | Avg_Loss_G: 2560.7010 | Total_Iter: 9300
[3100/10001] End of Epoch | Avg_Loss_D: -1.7591 | Avg_Loss_G: 2564.6715 | Total_Iter: 9303
[3101/10001] End of Epoch | Avg_Loss_D: 19.7788 | Avg_Loss_G: 2566.3296 | Total_Iter: 9306
[3102/10001] End of Epoch | Avg_Loss_D: 5.0056 | Avg_Loss_G: 2564.1060 | Total_Iter: 9309
[3103/10001] End of Epoch | Avg_Loss_D: -2.1832 | Avg_Loss_G: 2565.5416 | Total_Iter: 9312
[3104/10001] End of Epoch | Avg_Loss_D: -2.1387 | Avg_Loss_G: 2565.1238 | Total_Iter: 9315
[3105/10001] End of Epoch | Avg_Loss_D: 11.8699 | Avg_Loss_G: 2566.4127 | Total_Iter: 9318
[3106/10001] End of Epoch | Avg_Loss_D: 10.6162 | Avg_Loss_G: 2564.2790 | Total_Iter: 9321
[3107/10001] End of Epoch | Avg_Loss_D: 10.6312 | Avg_Loss_G: 2565.1864 | Total_Iter: 9324
[3108/10001] End of Epoch | Avg_Loss_D: 10.8533 | Avg_Loss_G: 2566.0091 | Total_Iter: 9327
[3109/10001] End of Epoch | Avg_Loss_D: -5.6815 | Avg_Loss_G: 2564.2221 | Total_Iter: 9330
[3110/10001] End of Epoch | Avg_Loss_D: -10.0884 | Avg_Loss_G: 2567.5177 | Total_Iter: 9333
[3111/10001] End of Epoch | Avg_Loss_D: -2.4156 | Avg_Loss_G: 2565.8675 | Total_Iter: 9336
[3112/10001] End of Epoch | Avg_Loss_D: 13.2831 | Avg_Loss_G: 2565.0144 | Total_Iter: 9339
[3113/10001] End of Epoch | Avg_Loss_D: -2.0438 | Avg_Loss_G: 2566.5681 | Total_Iter: 9342
[3114/10001] End of Epoch | Avg_Loss_D: -5.5498 | Avg_Loss_G: 2567.6093 | Total_Iter: 9345
[3115/10001] End of Epoch | Avg_Loss_D: -0.9760 | Avg_Loss_G: 2570.4242 | Total_Iter: 9348
[3116/10001] End of Epoch | Avg_Loss_D: 1.6891 | Avg_Loss_G: 2564.5260 | Total_Iter: 9351
[3117/10001] End of Epoch | Avg_Loss_D: -2.8987 | Avg_Loss_G: 2560.9207 | Total_Iter: 9354
[3118/10001] End of Epoch | Avg_Loss_D: -16.0855 | Avg_Loss_G: 2566.3088 | Total_Iter: 9357
[3119/10001] End of Epoch | Avg_Loss_D: 0.4754 | Avg_Loss_G: 2562.6449 | Total_Iter: 9360
[3120/10001] End of Epoch | Avg_Loss_D: -1.6013 | Avg_Loss_G: 2564.1323 | Total_Iter: 9363
[3121/10001] End of Epoch | Avg_Loss_D: -2.3989 | Avg_Loss_G: 2560.4038 | Total_Iter: 9366
[3122/10001] End of Epoch | Avg_Loss_D: 6.6682 | Avg_Loss_G: 2558.5528 | Total_Iter: 9369
[3123/10001] End of Epoch | Avg_Loss_D: -9.1825 | Avg_Loss_G: 2566.2907 | Total_Iter: 9372
[3124/10001] End of Epoch | Avg_Loss_D: -12.7349 | Avg_Loss_G: 2571.0891 | Total_Iter: 9375
[3125/10001] End of Epoch | Avg_Loss_D: -13.8513 | Avg_Loss_G: 2563.7676 | Total_Iter: 9378
[3126/10001] End of Epoch | Avg_Loss_D: -9.7914 | Avg_Loss_G: 2558.6012 | Total_Iter: 9381
[3127/10001] End of Epoch | Avg_Loss_D: 10.1915 | Avg_Loss_G: 2555.4325 | Total_Iter: 9384
[3128/10001] End of Epoch | Avg_Loss_D: -14.9548 | Avg_Loss_G: 2560.2335 | Total_Iter: 9387
[3129/10001] End of Epoch | Avg_Loss_D: 15.9163 | Avg_Loss_G: 2566.3166 | Total_Iter: 9390
[3130/10001] End of Epoch | Avg_Loss_D: -6.5748 | Avg_Loss_G: 2571.4673 | Total_Iter: 9393
[3131/10001] End of Epoch | Avg_Loss_D: -20.6672 | Avg_Loss_G: 2566.7437 | Total_Iter: 9396
[3132/10001] End of Epoch | Avg_Loss_D: -11.0824 | Avg_Loss_G: 2568.9144 | Total_Iter: 9399
[3133/10001] End of Epoch | Avg_Loss_D: 0.6739 | Avg_Loss_G: 2557.7947 | Total_Iter: 9402
[3134/10001] End of Epoch | Avg_Loss_D: -11.5516 | Avg_Loss_G: 2563.7563 | Total_Iter: 9405
[3135/10001] End of Epoch | Avg_Loss_D: 2.0037 | Avg_Loss_G: 2558.8464 | Total_Iter: 9408
[3136/10001] End of Epoch | Avg_Loss_D: -0.5743 | Avg_Loss_G: 2566.6286 | Total_Iter: 9411
[3137/10001] End of Epoch | Avg_Loss_D: -9.5722 | Avg_Loss_G: 2562.8031 | Total_Iter: 9414
[3138/10001] End of Epoch | Avg_Loss_D: -37.6959 | Avg_Loss_G: 2566.7784 | Total_Iter: 9417
[3139/10001] End of Epoch | Avg_Loss_D: -7.2570 | Avg_Loss_G: 2559.5852 | Total_Iter: 9420
[3140/10001] End of Epoch | Avg_Loss_D: -4.9092 | Avg_Loss_G: 2551.4305 | Total_Iter: 9423
[3141/10001] End of Epoch | Avg_Loss_D: 1.3939 | Avg_Loss_G: 2543.4449 | Total_Iter: 9426
[3142/10001] End of Epoch | Avg_Loss_D: -15.5820 | Avg_Loss_G: 2565.2142 | Total_Iter: 9429
[3143/10001] End of Epoch | Avg_Loss_D: -22.3039 | Avg_Loss_G: 2556.9455 | Total_Iter: 9432
[3144/10001] End of Epoch | Avg_Loss_D: -9.7733 | Avg_Loss_G: 2550.9900 | Total_Iter: 9435
[3145/10001] End of Epoch | Avg_Loss_D: -19.1781 | Avg_Loss_G: 2555.3213 | Total_Iter: 9438
[3146/10001] End of Epoch | Avg_Loss_D: -12.7293 | Avg_Loss_G: 2552.4792 | Total_Iter: 9441
[3147/10001] End of Epoch | Avg_Loss_D: -5.4019 | Avg_Loss_G: 2558.9242 | Total_Iter: 9444
[3148/10001] End of Epoch | Avg_Loss_D: -23.4036 | Avg_Loss_G: 2552.1586 | Total_Iter: 9447
[3149/10001] End of Epoch | Avg_Loss_D: -43.8099 | Avg_Loss_G: 2535.4472 | Total_Iter: 9450
[3150/10001] End of Epoch | Avg_Loss_D: -38.0540 | Avg_Loss_G: 2555.4438 | Total_Iter: 9453
[3151/10001] End of Epoch | Avg_Loss_D: -71.0029 | Avg_Loss_G: 2525.3586 | Total_Iter: 9456
[3152/10001] End of Epoch | Avg_Loss_D: -167.8377 | Avg_Loss_G: 2526.0327 | Total_Iter: 9459
[3153/10001] End of Epoch | Avg_Loss_D: -8.3327 | Avg_Loss_G: 2520.3970 | Total_Iter: 9462
[3154/10001] End of Epoch | Avg_Loss_D: -56.8371 | Avg_Loss_G: 2540.1214 | Total_Iter: 9465
[3155/10001] End of Epoch | Avg_Loss_D: -153.0960 | Avg_Loss_G: 2518.4428 | Total_Iter: 9468
[3156/10001] End of Epoch | Avg_Loss_D: -193.4233 | Avg_Loss_G: 2467.3677 | Total_Iter: 9471
[3157/10001] End of Epoch | Avg_Loss_D: -412.2068 | Avg_Loss_G: 2414.9516 | Total_Iter: 9474
[3158/10001] End of Epoch | Avg_Loss_D: -369.7496 | Avg_Loss_G: 2476.3793 | Total_Iter: 9477
[3159/10001] End of Epoch | Avg_Loss_D: -225.5725 | Avg_Loss_G: 2465.0328 | Total_Iter: 9480
[3160/10001] End of Epoch | Avg_Loss_D: -46.1187 | Avg_Loss_G: 2512.8868 | Total_Iter: 9483
[3161/10001] End of Epoch | Avg_Loss_D: -705.2354 | Avg_Loss_G: 2322.9048 | Total_Iter: 9486
[3162/10001] End of Epoch | Avg_Loss_D: -2421.8745 | Avg_Loss_G: 2539.9585 | Total_Iter: 9489
[3163/10001] End of Epoch | Avg_Loss_D: -4507.2040 | Avg_Loss_G: 2589.5599 | Total_Iter: 9492
[3164/10001] End of Epoch | Avg_Loss_D: -4547.0321 | Avg_Loss_G: 2609.0074 | Total_Iter: 9495
[3165/10001] End of Epoch | Avg_Loss_D: -5044.7623 | Avg_Loss_G: 2621.6353 | Total_Iter: 9498
[3166/10001] End of Epoch | Avg_Loss_D: -5100.0112 | Avg_Loss_G: 2633.5070 | Total_Iter: 9501
[3167/10001] End of Epoch | Avg_Loss_D: -5183.5637 | Avg_Loss_G: 2644.5575 | Total_Iter: 9504
[3168/10001] End of Epoch | Avg_Loss_D: -5180.9464 | Avg_Loss_G: 2651.4417 | Total_Iter: 9507
[3169/10001] End of Epoch | Avg_Loss_D: -5149.9964 | Avg_Loss_G: 2654.2676 | Total_Iter: 9510
[3170/10001] End of Epoch | Avg_Loss_D: -4930.1225 | Avg_Loss_G: 2653.2387 | Total_Iter: 9513
[3171/10001] End of Epoch | Avg_Loss_D: -5143.6883 | Avg_Loss_G: 2665.6691 | Total_Iter: 9516
[3172/10001] End of Epoch | Avg_Loss_D: -5279.9572 | Avg_Loss_G: 2672.4231 | Total_Iter: 9519
[3173/10001] End of Epoch | Avg_Loss_D: -4498.4518 | Avg_Loss_G: 2678.6810 | Total_Iter: 9522
[3174/10001] End of Epoch | Avg_Loss_D: -5277.4531 | Avg_Loss_G: 2680.6092 | Total_Iter: 9525
[3175/10001] End of Epoch | Avg_Loss_D: -5320.1430 | Avg_Loss_G: 2690.4418 | Total_Iter: 9528
[3176/10001] End of Epoch | Avg_Loss_D: -5316.2919 | Avg_Loss_G: 2693.4526 | Total_Iter: 9531
[3177/10001] End of Epoch | Avg_Loss_D: -5383.7142 | Avg_Loss_G: 2701.3471 | Total_Iter: 9534
[3178/10001] End of Epoch | Avg_Loss_D: -5402.1441 | Avg_Loss_G: 2708.0359 | Total_Iter: 9537
[3179/10001] End of Epoch | Avg_Loss_D: -5390.7018 | Avg_Loss_G: 2710.6047 | Total_Iter: 9540
[3180/10001] End of Epoch | Avg_Loss_D: -5429.9765 | Avg_Loss_G: 2718.3415 | Total_Iter: 9543
[3181/10001] End of Epoch | Avg_Loss_D: -5455.6510 | Avg_Loss_G: 2724.2933 | Total_Iter: 9546
[3182/10001] End of Epoch | Avg_Loss_D: -5464.4540 | Avg_Loss_G: 2728.8024 | Total_Iter: 9549
[3183/10001] End of Epoch | Avg_Loss_D: -5481.0924 | Avg_Loss_G: 2734.1249 | Total_Iter: 9552
[3184/10001] End of Epoch | Avg_Loss_D: -5367.0243 | Avg_Loss_G: 2736.5587 | Total_Iter: 9555
[3185/10001] End of Epoch | Avg_Loss_D: -5431.8805 | Avg_Loss_G: 2741.1632 | Total_Iter: 9558
[3186/10001] End of Epoch | Avg_Loss_D: -5405.1989 | Avg_Loss_G: 2746.4606 | Total_Iter: 9561
[3187/10001] End of Epoch | Avg_Loss_D: -5459.7186 | Avg_Loss_G: 2750.5862 | Total_Iter: 9564
[3188/10001] End of Epoch | Avg_Loss_D: -5488.9988 | Avg_Loss_G: 2755.1949 | Total_Iter: 9567
[3189/10001] End of Epoch | Avg_Loss_D: -5404.2105 | Avg_Loss_G: 2752.8078 | Total_Iter: 9570
[3190/10001] End of Epoch | Avg_Loss_D: -5504.5725 | Avg_Loss_G: 2763.6558 | Total_Iter: 9573
[3191/10001] End of Epoch | Avg_Loss_D: -5543.9985 | Avg_Loss_G: 2769.5751 | Total_Iter: 9576
[3192/10001] End of Epoch | Avg_Loss_D: -5443.4115 | Avg_Loss_G: 2773.4501 | Total_Iter: 9579
[3193/10001] End of Epoch | Avg_Loss_D: -3758.8381 | Avg_Loss_G: 2768.6210 | Total_Iter: 9582
[3194/10001] End of Epoch | Avg_Loss_D: -5342.9140 | Avg_Loss_G: 2774.5709 | Total_Iter: 9585
[3195/10001] End of Epoch | Avg_Loss_D: -5555.0538 | Avg_Loss_G: 2781.5942 | Total_Iter: 9588
[3196/10001] End of Epoch | Avg_Loss_D: -5554.4848 | Avg_Loss_G: 2786.1332 | Total_Iter: 9591
[3197/10001] End of Epoch | Avg_Loss_D: -5583.8546 | Avg_Loss_G: 2788.1564 | Total_Iter: 9594
[3198/10001] End of Epoch | Avg_Loss_D: -5595.3861 | Avg_Loss_G: 2795.7614 | Total_Iter: 9597
[3199/10001] End of Epoch | Avg_Loss_D: -5457.3011 | Avg_Loss_G: 2796.8280 | Total_Iter: 9600
[3200/10001] End of Epoch | Avg_Loss_D: -5597.2643 | Avg_Loss_G: 2802.6062 | Total_Iter: 9603
[3201/10001] End of Epoch | Avg_Loss_D: -5590.6660 | Avg_Loss_G: 2805.3800 | Total_Iter: 9606
[3202/10001] End of Epoch | Avg_Loss_D: -5615.3513 | Avg_Loss_G: 2810.8681 | Total_Iter: 9609
[3203/10001] End of Epoch | Avg_Loss_D: -5659.4405 | Avg_Loss_G: 2815.5049 | Total_Iter: 9612
[3204/10001] End of Epoch | Avg_Loss_D: -5650.3984 | Avg_Loss_G: 2819.7293 | Total_Iter: 9615
[3205/10001] End of Epoch | Avg_Loss_D: -5654.6487 | Avg_Loss_G: 2824.3945 | Total_Iter: 9618
[3206/10001] End of Epoch | Avg_Loss_D: -5650.9768 | Avg_Loss_G: 2828.2051 | Total_Iter: 9621
[3207/10001] End of Epoch | Avg_Loss_D: -5707.1202 | Avg_Loss_G: 2832.6470 | Total_Iter: 9624
[3208/10001] End of Epoch | Avg_Loss_D: -5713.6558 | Avg_Loss_G: 2835.9895 | Total_Iter: 9627
[3209/10001] End of Epoch | Avg_Loss_D: -5703.4078 | Avg_Loss_G: 2841.3087 | Total_Iter: 9630
[3210/10001] End of Epoch | Avg_Loss_D: -5715.1617 | Avg_Loss_G: 2843.1734 | Total_Iter: 9633
[3211/10001] End of Epoch | Avg_Loss_D: -5732.4091 | Avg_Loss_G: 2848.0893 | Total_Iter: 9636
[3212/10001] End of Epoch | Avg_Loss_D: -5740.6083 | Avg_Loss_G: 2852.4429 | Total_Iter: 9639
[3213/10001] End of Epoch | Avg_Loss_D: -5700.3359 | Avg_Loss_G: 2856.7345 | Total_Iter: 9642
[3214/10001] End of Epoch | Avg_Loss_D: -5763.1046 | Avg_Loss_G: 2859.8876 | Total_Iter: 9645
[3215/10001] End of Epoch | Avg_Loss_D: -5734.4638 | Avg_Loss_G: 2864.1977 | Total_Iter: 9648
[3216/10001] End of Epoch | Avg_Loss_D: -5780.4792 | Avg_Loss_G: 2867.7712 | Total_Iter: 9651
[3217/10001] End of Epoch | Avg_Loss_D: -5792.4640 | Avg_Loss_G: 2873.2970 | Total_Iter: 9654
[3218/10001] End of Epoch | Avg_Loss_D: -5786.9329 | Avg_Loss_G: 2876.4286 | Total_Iter: 9657
[3219/10001] End of Epoch | Avg_Loss_D: -5800.0009 | Avg_Loss_G: 2880.8720 | Total_Iter: 9660
[3220/10001] End of Epoch | Avg_Loss_D: -5803.7242 | Avg_Loss_G: 2884.4603 | Total_Iter: 9663
[3221/10001] End of Epoch | Avg_Loss_D: -5815.5321 | Avg_Loss_G: 2889.0139 | Total_Iter: 9666
[3222/10001] End of Epoch | Avg_Loss_D: -4968.5399 | Avg_Loss_G: 2891.1985 | Total_Iter: 9669
[3223/10001] End of Epoch | Avg_Loss_D: -5715.0853 | Avg_Loss_G: 2890.8000 | Total_Iter: 9672
[3224/10001] End of Epoch | Avg_Loss_D: -5792.9473 | Avg_Loss_G: 2895.6207 | Total_Iter: 9675
[3225/10001] End of Epoch | Avg_Loss_D: -5844.8602 | Avg_Loss_G: 2900.1541 | Total_Iter: 9678
[3226/10001] End of Epoch | Avg_Loss_D: -5859.7198 | Avg_Loss_G: 2904.1803 | Total_Iter: 9681
[3227/10001] End of Epoch | Avg_Loss_D: -5788.5447 | Avg_Loss_G: 2904.1512 | Total_Iter: 9684
[3228/10001] End of Epoch | Avg_Loss_D: -5863.5649 | Avg_Loss_G: 2911.5905 | Total_Iter: 9687
[3229/10001] End of Epoch | Avg_Loss_D: -5871.7140 | Avg_Loss_G: 2916.3551 | Total_Iter: 9690
[3230/10001] End of Epoch | Avg_Loss_D: -5837.1183 | Avg_Loss_G: 2921.6437 | Total_Iter: 9693
[3231/10001] End of Epoch | Avg_Loss_D: -5887.3210 | Avg_Loss_G: 2924.1494 | Total_Iter: 9696
[3232/10001] End of Epoch | Avg_Loss_D: -5898.5202 | Avg_Loss_G: 2928.0436 | Total_Iter: 9699
[3233/10001] End of Epoch | Avg_Loss_D: -5831.1834 | Avg_Loss_G: 2930.2871 | Total_Iter: 9702
[3234/10001] End of Epoch | Avg_Loss_D: -5864.2752 | Avg_Loss_G: 2933.8908 | Total_Iter: 9705
[3235/10001] End of Epoch | Avg_Loss_D: -5846.7346 | Avg_Loss_G: 2938.7713 | Total_Iter: 9708
[3236/10001] End of Epoch | Avg_Loss_D: -5933.0371 | Avg_Loss_G: 2943.3040 | Total_Iter: 9711
[3237/10001] End of Epoch | Avg_Loss_D: -5947.3926 | Avg_Loss_G: 2945.6400 | Total_Iter: 9714
[3238/10001] End of Epoch | Avg_Loss_D: -5945.8852 | Avg_Loss_G: 2950.4464 | Total_Iter: 9717
[3239/10001] End of Epoch | Avg_Loss_D: -5942.2561 | Avg_Loss_G: 2954.4699 | Total_Iter: 9720
[3240/10001] End of Epoch | Avg_Loss_D: -5973.8694 | Avg_Loss_G: 2959.4983 | Total_Iter: 9723
[3241/10001] End of Epoch | Avg_Loss_D: -5981.6701 | Avg_Loss_G: 2963.5328 | Total_Iter: 9726
[3242/10001] End of Epoch | Avg_Loss_D: -5988.2446 | Avg_Loss_G: 2967.3248 | Total_Iter: 9729
[3243/10001] End of Epoch | Avg_Loss_D: -5964.8331 | Avg_Loss_G: 2970.2248 | Total_Iter: 9732
[3244/10001] End of Epoch | Avg_Loss_D: -5952.5093 | Avg_Loss_G: 2974.4582 | Total_Iter: 9735
[3245/10001] End of Epoch | Avg_Loss_D: -6004.1276 | Avg_Loss_G: 2978.0591 | Total_Iter: 9738
[3246/10001] End of Epoch | Avg_Loss_D: -6021.6285 | Avg_Loss_G: 2981.5929 | Total_Iter: 9741
[3247/10001] End of Epoch | Avg_Loss_D: -6027.6708 | Avg_Loss_G: 2985.6540 | Total_Iter: 9744
[3248/10001] End of Epoch | Avg_Loss_D: -6032.6057 | Avg_Loss_G: 2989.5209 | Total_Iter: 9747
[3249/10001] End of Epoch | Avg_Loss_D: -6040.4368 | Avg_Loss_G: 2992.4129 | Total_Iter: 9750
[3250/10001] End of Epoch | Avg_Loss_D: -6038.3848 | Avg_Loss_G: 2995.6529 | Total_Iter: 9753
[3251/10001] End of Epoch | Avg_Loss_D: -6055.7127 | Avg_Loss_G: 3000.3949 | Total_Iter: 9756
[3252/10001] End of Epoch | Avg_Loss_D: -6040.5829 | Avg_Loss_G: 3003.9668 | Total_Iter: 9759
[3253/10001] End of Epoch | Avg_Loss_D: -6068.2463 | Avg_Loss_G: 3006.3660 | Total_Iter: 9762
[3254/10001] End of Epoch | Avg_Loss_D: -6082.3876 | Avg_Loss_G: 3010.9652 | Total_Iter: 9765
[3255/10001] End of Epoch | Avg_Loss_D: -6089.9173 | Avg_Loss_G: 3015.3474 | Total_Iter: 9768
[3256/10001] End of Epoch | Avg_Loss_D: -6078.7344 | Avg_Loss_G: 3018.5297 | Total_Iter: 9771
[3257/10001] End of Epoch | Avg_Loss_D: -6104.6630 | Avg_Loss_G: 3022.5503 | Total_Iter: 9774
[3258/10001] End of Epoch | Avg_Loss_D: -6108.3266 | Avg_Loss_G: 3026.1603 | Total_Iter: 9777
[3259/10001] End of Epoch | Avg_Loss_D: -6113.3077 | Avg_Loss_G: 3028.8891 | Total_Iter: 9780
[3260/10001] End of Epoch | Avg_Loss_D: -6125.5310 | Avg_Loss_G: 3033.6768 | Total_Iter: 9783
[3261/10001] End of Epoch | Avg_Loss_D: -6100.8223 | Avg_Loss_G: 3037.0414 | Total_Iter: 9786
[3262/10001] End of Epoch | Avg_Loss_D: -6124.6089 | Avg_Loss_G: 3041.3286 | Total_Iter: 9789
[3263/10001] End of Epoch | Avg_Loss_D: -6127.8976 | Avg_Loss_G: 3045.0433 | Total_Iter: 9792
[3264/10001] End of Epoch | Avg_Loss_D: -6154.4579 | Avg_Loss_G: 3047.7731 | Total_Iter: 9795
[3265/10001] End of Epoch | Avg_Loss_D: -6164.4768 | Avg_Loss_G: 3051.4856 | Total_Iter: 9798
[3266/10001] End of Epoch | Avg_Loss_D: -6170.6890 | Avg_Loss_G: 3055.1565 | Total_Iter: 9801
[3267/10001] End of Epoch | Avg_Loss_D: -6178.2752 | Avg_Loss_G: 3059.2860 | Total_Iter: 9804
[3268/10001] End of Epoch | Avg_Loss_D: -6181.3370 | Avg_Loss_G: 3062.4648 | Total_Iter: 9807
[3269/10001] End of Epoch | Avg_Loss_D: -6194.4716 | Avg_Loss_G: 3065.9566 | Total_Iter: 9810
[3270/10001] End of Epoch | Avg_Loss_D: -6202.2205 | Avg_Loss_G: 3069.7850 | Total_Iter: 9813
[3271/10001] End of Epoch | Avg_Loss_D: -6192.1521 | Avg_Loss_G: 3073.4987 | Total_Iter: 9816
[3272/10001] End of Epoch | Avg_Loss_D: -6214.0095 | Avg_Loss_G: 3077.0879 | Total_Iter: 9819
[3273/10001] End of Epoch | Avg_Loss_D: -6209.8958 | Avg_Loss_G: 3080.3588 | Total_Iter: 9822
[3274/10001] End of Epoch | Avg_Loss_D: -6203.7565 | Avg_Loss_G: 3082.7950 | Total_Iter: 9825
[3275/10001] End of Epoch | Avg_Loss_D: -6237.0375 | Avg_Loss_G: 3087.5101 | Total_Iter: 9828
[3276/10001] End of Epoch | Avg_Loss_D: -6229.4234 | Avg_Loss_G: 3090.7171 | Total_Iter: 9831
[3277/10001] End of Epoch | Avg_Loss_D: -6245.2355 | Avg_Loss_G: 3095.1280 | Total_Iter: 9834
[3278/10001] End of Epoch | Avg_Loss_D: -6262.7917 | Avg_Loss_G: 3097.9003 | Total_Iter: 9837
[3279/10001] End of Epoch | Avg_Loss_D: -6198.7444 | Avg_Loss_G: 3102.0056 | Total_Iter: 9840
[3280/10001] End of Epoch | Avg_Loss_D: -6267.2424 | Avg_Loss_G: 3105.5126 | Total_Iter: 9843
[3281/10001] End of Epoch | Avg_Loss_D: -6281.6304 | Avg_Loss_G: 3108.6616 | Total_Iter: 9846
[3282/10001] End of Epoch | Avg_Loss_D: -6283.7986 | Avg_Loss_G: 3112.6622 | Total_Iter: 9849
[3283/10001] End of Epoch | Avg_Loss_D: -6292.2242 | Avg_Loss_G: 3116.3295 | Total_Iter: 9852
[3284/10001] End of Epoch | Avg_Loss_D: -6301.0595 | Avg_Loss_G: 3119.8741 | Total_Iter: 9855
[3285/10001] End of Epoch | Avg_Loss_D: -6306.6528 | Avg_Loss_G: 3123.5566 | Total_Iter: 9858
[3286/10001] End of Epoch | Avg_Loss_D: -6294.2433 | Avg_Loss_G: 3127.0753 | Total_Iter: 9861
[3287/10001] End of Epoch | Avg_Loss_D: -6326.8045 | Avg_Loss_G: 3130.0406 | Total_Iter: 9864
[3288/10001] End of Epoch | Avg_Loss_D: -6337.0150 | Avg_Loss_G: 3134.1373 | Total_Iter: 9867
[3289/10001] End of Epoch | Avg_Loss_D: -6296.5543 | Avg_Loss_G: 3137.0323 | Total_Iter: 9870
[3290/10001] End of Epoch | Avg_Loss_D: -6341.8646 | Avg_Loss_G: 3140.9895 | Total_Iter: 9873
[3291/10001] End of Epoch | Avg_Loss_D: -6358.1916 | Avg_Loss_G: 3144.7020 | Total_Iter: 9876
[3292/10001] End of Epoch | Avg_Loss_D: -6359.2849 | Avg_Loss_G: 3148.2253 | Total_Iter: 9879
[3293/10001] End of Epoch | Avg_Loss_D: -6364.5004 | Avg_Loss_G: 3152.1092 | Total_Iter: 9882
[3294/10001] End of Epoch | Avg_Loss_D: -6376.0929 | Avg_Loss_G: 3154.6135 | Total_Iter: 9885
[3295/10001] End of Epoch | Avg_Loss_D: -6374.9809 | Avg_Loss_G: 3158.8302 | Total_Iter: 9888
[3296/10001] End of Epoch | Avg_Loss_D: -6391.7457 | Avg_Loss_G: 3162.4148 | Total_Iter: 9891
[3297/10001] End of Epoch | Avg_Loss_D: -6388.1678 | Avg_Loss_G: 3165.5630 | Total_Iter: 9894
[3298/10001] End of Epoch | Avg_Loss_D: -6284.5137 | Avg_Loss_G: 3168.0916 | Total_Iter: 9897
[3299/10001] End of Epoch | Avg_Loss_D: -6356.4918 | Avg_Loss_G: 3171.3972 | Total_Iter: 9900
[3300/10001] End of Epoch | Avg_Loss_D: -6156.4792 | Avg_Loss_G: 3172.1660 | Total_Iter: 9903
[3301/10001] End of Epoch | Avg_Loss_D: -6392.5731 | Avg_Loss_G: 3177.4922 | Total_Iter: 9906
[3302/10001] End of Epoch | Avg_Loss_D: -6388.1484 | Avg_Loss_G: 3181.4507 | Total_Iter: 9909
[3303/10001] End of Epoch | Avg_Loss_D: -6409.6150 | Avg_Loss_G: 3185.6478 | Total_Iter: 9912
[3304/10001] End of Epoch | Avg_Loss_D: -6430.6929 | Avg_Loss_G: 3189.5475 | Total_Iter: 9915
[3305/10001] End of Epoch | Avg_Loss_D: -6439.2053 | Avg_Loss_G: 3192.5225 | Total_Iter: 9918
[3306/10001] End of Epoch | Avg_Loss_D: -6437.1165 | Avg_Loss_G: 3194.9823 | Total_Iter: 9921
[3307/10001] End of Epoch | Avg_Loss_D: -6448.9783 | Avg_Loss_G: 3199.6864 | Total_Iter: 9924
[3308/10001] End of Epoch | Avg_Loss_D: -6438.0744 | Avg_Loss_G: 3202.2695 | Total_Iter: 9927
[3309/10001] End of Epoch | Avg_Loss_D: -6472.3483 | Avg_Loss_G: 3207.0452 | Total_Iter: 9930
[3310/10001] End of Epoch | Avg_Loss_D: -6489.2724 | Avg_Loss_G: 3210.6586 | Total_Iter: 9933
[3311/10001] End of Epoch | Avg_Loss_D: -6494.4399 | Avg_Loss_G: 3214.5127 | Total_Iter: 9936
[3312/10001] End of Epoch | Avg_Loss_D: -6505.2192 | Avg_Loss_G: 3217.5347 | Total_Iter: 9939
[3313/10001] End of Epoch | Avg_Loss_D: -6510.8878 | Avg_Loss_G: 3221.4798 | Total_Iter: 9942
[3314/10001] End of Epoch | Avg_Loss_D: -6514.6296 | Avg_Loss_G: 3225.1778 | Total_Iter: 9945
[3315/10001] End of Epoch | Avg_Loss_D: -6516.6760 | Avg_Loss_G: 3229.1790 | Total_Iter: 9948
[3316/10001] End of Epoch | Avg_Loss_D: -6532.0790 | Avg_Loss_G: 3231.9758 | Total_Iter: 9951
[3317/10001] End of Epoch | Avg_Loss_D: -6491.3114 | Avg_Loss_G: 3235.1360 | Total_Iter: 9954
[3318/10001] End of Epoch | Avg_Loss_D: -6540.2166 | Avg_Loss_G: 3238.3452 | Total_Iter: 9957
[3319/10001] End of Epoch | Avg_Loss_D: -6552.1612 | Avg_Loss_G: 3242.8471 | Total_Iter: 9960
[3320/10001] End of Epoch | Avg_Loss_D: -6545.2606 | Avg_Loss_G: 3246.1107 | Total_Iter: 9963
[3321/10001] End of Epoch | Avg_Loss_D: -6561.5286 | Avg_Loss_G: 3249.7285 | Total_Iter: 9966
[3322/10001] End of Epoch | Avg_Loss_D: -6569.0968 | Avg_Loss_G: 3253.6354 | Total_Iter: 9969
[3323/10001] End of Epoch | Avg_Loss_D: -6582.7684 | Avg_Loss_G: 3257.0426 | Total_Iter: 9972
[3324/10001] End of Epoch | Avg_Loss_D: -6586.8459 | Avg_Loss_G: 3260.5347 | Total_Iter: 9975
[3325/10001] End of Epoch | Avg_Loss_D: -6595.8418 | Avg_Loss_G: 3263.9729 | Total_Iter: 9978
[3326/10001] End of Epoch | Avg_Loss_D: -6590.0365 | Avg_Loss_G: 3267.3275 | Total_Iter: 9981
[3327/10001] End of Epoch | Avg_Loss_D: -6612.5575 | Avg_Loss_G: 3270.7334 | Total_Iter: 9984
[3328/10001] End of Epoch | Avg_Loss_D: -6615.5783 | Avg_Loss_G: 3274.4996 | Total_Iter: 9987
[3329/10001] End of Epoch | Avg_Loss_D: -6581.9952 | Avg_Loss_G: 3278.2088 | Total_Iter: 9990
[3330/10001] End of Epoch | Avg_Loss_D: -6624.6107 | Avg_Loss_G: 3281.5573 | Total_Iter: 9993
[3331/10001] End of Epoch | Avg_Loss_D: -6642.6793 | Avg_Loss_G: 3285.2225 | Total_Iter: 9996
[3332/10001] End of Epoch | Avg_Loss_D: -6641.9976 | Avg_Loss_G: 3288.9888 | Total_Iter: 9999
[3333/10001] End of Epoch | Avg_Loss_D: -6653.8047 | Avg_Loss_G: 3292.6648 | Total_Iter: 10002
[3334/10001] End of Epoch | Avg_Loss_D: -6658.5903 | Avg_Loss_G: 3295.6973 | Total_Iter: 10005
[3335/10001] End of Epoch | Avg_Loss_D: -6663.1589 | Avg_Loss_G: 3299.6923 | Total_Iter: 10008
[3336/10001] End of Epoch | Avg_Loss_D: -6663.4195 | Avg_Loss_G: 3303.0859 | Total_Iter: 10011
[3337/10001] End of Epoch | Avg_Loss_D: -6684.5911 | Avg_Loss_G: 3306.2428 | Total_Iter: 10014
[3338/10001] End of Epoch | Avg_Loss_D: -6679.1836 | Avg_Loss_G: 3309.9291 | Total_Iter: 10017
[3339/10001] End of Epoch | Avg_Loss_D: -6696.4475 | Avg_Loss_G: 3313.5727 | Total_Iter: 10020
[3340/10001] End of Epoch | Avg_Loss_D: -6590.8092 | Avg_Loss_G: 3315.1797 | Total_Iter: 10023
[3341/10001] End of Epoch | Avg_Loss_D: -6700.6365 | Avg_Loss_G: 3319.1253 | Total_Iter: 10026
[3342/10001] End of Epoch | Avg_Loss_D: -6709.9368 | Avg_Loss_G: 3323.6828 | Total_Iter: 10029
[3343/10001] End of Epoch | Avg_Loss_D: -6695.3904 | Avg_Loss_G: 3326.5022 | Total_Iter: 10032
[3344/10001] End of Epoch | Avg_Loss_D: -6727.6858 | Avg_Loss_G: 3330.6892 | Total_Iter: 10035
[3345/10001] End of Epoch | Avg_Loss_D: -6736.6743 | Avg_Loss_G: 3334.3120 | Total_Iter: 10038
[3346/10001] End of Epoch | Avg_Loss_D: -6735.9462 | Avg_Loss_G: 3337.6237 | Total_Iter: 10041
[3347/10001] End of Epoch | Avg_Loss_D: -6752.8904 | Avg_Loss_G: 3341.5734 | Total_Iter: 10044
[3348/10001] End of Epoch | Avg_Loss_D: -6751.4896 | Avg_Loss_G: 3345.4317 | Total_Iter: 10047
[3349/10001] End of Epoch | Avg_Loss_D: -6764.4696 | Avg_Loss_G: 3348.6682 | Total_Iter: 10050
[3350/10001] End of Epoch | Avg_Loss_D: -6759.6864 | Avg_Loss_G: 3352.3379 | Total_Iter: 10053
[3351/10001] End of Epoch | Avg_Loss_D: -6780.3715 | Avg_Loss_G: 3355.8488 | Total_Iter: 10056
[3352/10001] End of Epoch | Avg_Loss_D: -6784.2582 | Avg_Loss_G: 3359.1976 | Total_Iter: 10059
[3353/10001] End of Epoch | Avg_Loss_D: -6775.0154 | Avg_Loss_G: 3362.2860 | Total_Iter: 10062
[3354/10001] End of Epoch | Avg_Loss_D: -6791.9332 | Avg_Loss_G: 3366.2660 | Total_Iter: 10065
[3355/10001] End of Epoch | Avg_Loss_D: -6792.7307 | Avg_Loss_G: 3369.8891 | Total_Iter: 10068
[3356/10001] End of Epoch | Avg_Loss_D: -6819.6582 | Avg_Loss_G: 3373.2301 | Total_Iter: 10071
[3357/10001] End of Epoch | Avg_Loss_D: -6822.3140 | Avg_Loss_G: 3376.9893 | Total_Iter: 10074
[3358/10001] End of Epoch | Avg_Loss_D: -6829.2046 | Avg_Loss_G: 3380.6760 | Total_Iter: 10077
[3359/10001] End of Epoch | Avg_Loss_D: -6647.0499 | Avg_Loss_G: 3383.1777 | Total_Iter: 10080
[3360/10001] End of Epoch | Avg_Loss_D: -6821.9095 | Avg_Loss_G: 3386.1461 | Total_Iter: 10083
[3361/10001] End of Epoch | Avg_Loss_D: -6849.4401 | Avg_Loss_G: 3390.3238 | Total_Iter: 10086
[3362/10001] End of Epoch | Avg_Loss_D: -6857.1495 | Avg_Loss_G: 3394.3448 | Total_Iter: 10089
[3363/10001] End of Epoch | Avg_Loss_D: -6860.9182 | Avg_Loss_G: 3397.9289 | Total_Iter: 10092
[3364/10001] End of Epoch | Avg_Loss_D: -6876.3322 | Avg_Loss_G: 3401.5610 | Total_Iter: 10095
[3365/10001] End of Epoch | Avg_Loss_D: -6876.6115 | Avg_Loss_G: 3404.7512 | Total_Iter: 10098
[3366/10001] End of Epoch | Avg_Loss_D: -6889.4327 | Avg_Loss_G: 3408.7240 | Total_Iter: 10101
[3367/10001] End of Epoch | Avg_Loss_D: -6891.6237 | Avg_Loss_G: 3411.6165 | Total_Iter: 10104
[3368/10001] End of Epoch | Avg_Loss_D: -6895.3411 | Avg_Loss_G: 3416.2013 | Total_Iter: 10107
[3369/10001] End of Epoch | Avg_Loss_D: -6909.6432 | Avg_Loss_G: 3419.1258 | Total_Iter: 10110
[3370/10001] End of Epoch | Avg_Loss_D: -6878.6697 | Avg_Loss_G: 3421.4934 | Total_Iter: 10113
[3371/10001] End of Epoch | Avg_Loss_D: -6921.5916 | Avg_Loss_G: 3426.0582 | Total_Iter: 10116
[3372/10001] End of Epoch | Avg_Loss_D: -6914.3184 | Avg_Loss_G: 3429.6672 | Total_Iter: 10119
[3373/10001] End of Epoch | Avg_Loss_D: -6930.3611 | Avg_Loss_G: 3433.1143 | Total_Iter: 10122
[3374/10001] End of Epoch | Avg_Loss_D: -6943.4633 | Avg_Loss_G: 3436.9289 | Total_Iter: 10125
[3375/10001] End of Epoch | Avg_Loss_D: -6952.7114 | Avg_Loss_G: 3440.2298 | Total_Iter: 10128
[3376/10001] End of Epoch | Avg_Loss_D: -6947.8722 | Avg_Loss_G: 3444.1981 | Total_Iter: 10131
[3377/10001] End of Epoch | Avg_Loss_D: -6962.6645 | Avg_Loss_G: 3447.4393 | Total_Iter: 10134
[3378/10001] End of Epoch | Avg_Loss_D: -6905.4826 | Avg_Loss_G: 3448.6606 | Total_Iter: 10137
[3379/10001] End of Epoch | Avg_Loss_D: -6937.5282 | Avg_Loss_G: 3453.4451 | Total_Iter: 10140
[3380/10001] End of Epoch | Avg_Loss_D: -6987.8234 | Avg_Loss_G: 3457.8064 | Total_Iter: 10143
[3381/10001] End of Epoch | Avg_Loss_D: -6986.0740 | Avg_Loss_G: 3461.4530 | Total_Iter: 10146
[3382/10001] End of Epoch | Avg_Loss_D: -6993.4342 | Avg_Loss_G: 3465.1592 | Total_Iter: 10149
[3383/10001] End of Epoch | Avg_Loss_D: -7010.4154 | Avg_Loss_G: 3468.3394 | Total_Iter: 10152
[3384/10001] End of Epoch | Avg_Loss_D: -7010.2533 | Avg_Loss_G: 3472.2024 | Total_Iter: 10155
[3385/10001] End of Epoch | Avg_Loss_D: -6933.6671 | Avg_Loss_G: 3473.8161 | Total_Iter: 10158
[3386/10001] End of Epoch | Avg_Loss_D: -7001.3435 | Avg_Loss_G: 3477.7385 | Total_Iter: 10161
[3387/10001] End of Epoch | Avg_Loss_D: -7034.4959 | Avg_Loss_G: 3482.2913 | Total_Iter: 10164
[3388/10001] End of Epoch | Avg_Loss_D: -7039.1285 | Avg_Loss_G: 3486.0793 | Total_Iter: 10167
[3389/10001] End of Epoch | Avg_Loss_D: -7046.4813 | Avg_Loss_G: 3489.1161 | Total_Iter: 10170
[3390/10001] End of Epoch | Avg_Loss_D: -7050.8618 | Avg_Loss_G: 3492.6554 | Total_Iter: 10173
[3391/10001] End of Epoch | Avg_Loss_D: -7055.0009 | Avg_Loss_G: 3496.7734 | Total_Iter: 10176
[3392/10001] End of Epoch | Avg_Loss_D: -7058.5998 | Avg_Loss_G: 3500.1252 | Total_Iter: 10179
[3393/10001] End of Epoch | Avg_Loss_D: -7073.9546 | Avg_Loss_G: 3503.9428 | Total_Iter: 10182
[3394/10001] End of Epoch | Avg_Loss_D: -7063.3911 | Avg_Loss_G: 3507.2091 | Total_Iter: 10185
[3395/10001] End of Epoch | Avg_Loss_D: -7092.0675 | Avg_Loss_G: 3510.9992 | Total_Iter: 10188
[3396/10001] End of Epoch | Avg_Loss_D: -7096.1248 | Avg_Loss_G: 3514.5412 | Total_Iter: 10191
[3397/10001] End of Epoch | Avg_Loss_D: -7103.7964 | Avg_Loss_G: 3518.4919 | Total_Iter: 10194
[3398/10001] End of Epoch | Avg_Loss_D: -2531.3652 | Avg_Loss_G: 3491.2520 | Total_Iter: 10197
[3399/10001] End of Epoch | Avg_Loss_D: -6173.3840 | Avg_Loss_G: 3502.2881 | Total_Iter: 10200
[3400/10001] End of Epoch | Avg_Loss_D: -7041.7715 | Avg_Loss_G: 3519.6865 | Total_Iter: 10203
[3401/10001] End of Epoch | Avg_Loss_D: -7093.2739 | Avg_Loss_G: 3524.3285 | Total_Iter: 10206
[3402/10001] End of Epoch | Avg_Loss_D: -7113.9497 | Avg_Loss_G: 3529.2531 | Total_Iter: 10209
[3403/10001] End of Epoch | Avg_Loss_D: -2422.1870 | Avg_Loss_G: 3476.1113 | Total_Iter: 10212
[3404/10001] End of Epoch | Avg_Loss_D: -198.5307 | Avg_Loss_G: 3457.5743 | Total_Iter: 10215
[3405/10001] End of Epoch | Avg_Loss_D: -4890.0694 | Avg_Loss_G: 3495.1793 | Total_Iter: 10218
[3406/10001] End of Epoch | Avg_Loss_D: -6465.5681 | Avg_Loss_G: 3512.2709 | Total_Iter: 10221
[3407/10001] End of Epoch | Avg_Loss_D: -6824.0621 | Avg_Loss_G: 3522.7955 | Total_Iter: 10224
[3408/10001] End of Epoch | Avg_Loss_D: -6949.2211 | Avg_Loss_G: 3525.7489 | Total_Iter: 10227
[3409/10001] End of Epoch | Avg_Loss_D: -7036.5215 | Avg_Loss_G: 3529.7078 | Total_Iter: 10230
[3410/10001] End of Epoch | Avg_Loss_D: -7043.8331 | Avg_Loss_G: 3534.8172 | Total_Iter: 10233
[3411/10001] End of Epoch | Avg_Loss_D: -7072.3522 | Avg_Loss_G: 3541.1177 | Total_Iter: 10236
[3412/10001] End of Epoch | Avg_Loss_D: -7063.9301 | Avg_Loss_G: 3543.4187 | Total_Iter: 10239
[3413/10001] End of Epoch | Avg_Loss_D: -7071.4438 | Avg_Loss_G: 3547.5664 | Total_Iter: 10242
[3414/10001] End of Epoch | Avg_Loss_D: -7109.7613 | Avg_Loss_G: 3550.3985 | Total_Iter: 10245
[3415/10001] End of Epoch | Avg_Loss_D: -6889.7652 | Avg_Loss_G: 3552.7989 | Total_Iter: 10248
[3416/10001] End of Epoch | Avg_Loss_D: -7094.1165 | Avg_Loss_G: 3557.5456 | Total_Iter: 10251
[3417/10001] End of Epoch | Avg_Loss_D: -7134.6638 | Avg_Loss_G: 3562.0880 | Total_Iter: 10254
[3418/10001] End of Epoch | Avg_Loss_D: -7160.9891 | Avg_Loss_G: 3565.9239 | Total_Iter: 10257
[3419/10001] End of Epoch | Avg_Loss_D: -7161.5067 | Avg_Loss_G: 3568.9313 | Total_Iter: 10260
[3420/10001] End of Epoch | Avg_Loss_D: -7178.5901 | Avg_Loss_G: 3573.4867 | Total_Iter: 10263
[3421/10001] End of Epoch | Avg_Loss_D: -6871.9264 | Avg_Loss_G: 3573.6149 | Total_Iter: 10266
[3422/10001] End of Epoch | Avg_Loss_D: -5721.4736 | Avg_Loss_G: 3554.1163 | Total_Iter: 10269
[3423/10001] End of Epoch | Avg_Loss_D: -6034.8142 | Avg_Loss_G: 3571.6731 | Total_Iter: 10272
[3424/10001] End of Epoch | Avg_Loss_D: -7130.5723 | Avg_Loss_G: 3576.5436 | Total_Iter: 10275
[3425/10001] End of Epoch | Avg_Loss_D: -7095.9336 | Avg_Loss_G: 3580.9754 | Total_Iter: 10278
[3426/10001] End of Epoch | Avg_Loss_D: -7194.9898 | Avg_Loss_G: 3587.4639 | Total_Iter: 10281
[3427/10001] End of Epoch | Avg_Loss_D: -7157.9138 | Avg_Loss_G: 3591.2067 | Total_Iter: 10284
[3428/10001] End of Epoch | Avg_Loss_D: -7223.1426 | Avg_Loss_G: 3594.9823 | Total_Iter: 10287
[3429/10001] End of Epoch | Avg_Loss_D: -7228.3058 | Avg_Loss_G: 3597.9166 | Total_Iter: 10290
[3430/10001] End of Epoch | Avg_Loss_D: -7242.2680 | Avg_Loss_G: 3603.1840 | Total_Iter: 10293
[3431/10001] End of Epoch | Avg_Loss_D: -7209.4692 | Avg_Loss_G: 3605.7222 | Total_Iter: 10296
[3432/10001] End of Epoch | Avg_Loss_D: -7257.0822 | Avg_Loss_G: 3609.3146 | Total_Iter: 10299
[3433/10001] End of Epoch | Avg_Loss_D: -7260.8411 | Avg_Loss_G: 3612.4871 | Total_Iter: 10302
[3434/10001] End of Epoch | Avg_Loss_D: -7195.7949 | Avg_Loss_G: 3617.0643 | Total_Iter: 10305
[3435/10001] End of Epoch | Avg_Loss_D: -7280.9800 | Avg_Loss_G: 3619.3875 | Total_Iter: 10308
[3436/10001] End of Epoch | Avg_Loss_D: -7295.7817 | Avg_Loss_G: 3624.5119 | Total_Iter: 10311
[3437/10001] End of Epoch | Avg_Loss_D: -7074.9974 | Avg_Loss_G: 3625.2877 | Total_Iter: 10314
[3438/10001] End of Epoch | Avg_Loss_D: -7297.9523 | Avg_Loss_G: 3630.6175 | Total_Iter: 10317
[3439/10001] End of Epoch | Avg_Loss_D: -7302.3203 | Avg_Loss_G: 3632.8075 | Total_Iter: 10320
[3440/10001] End of Epoch | Avg_Loss_D: -7242.6912 | Avg_Loss_G: 3636.8112 | Total_Iter: 10323
[3441/10001] End of Epoch | Avg_Loss_D: -7309.2524 | Avg_Loss_G: 3640.5934 | Total_Iter: 10326
[3442/10001] End of Epoch | Avg_Loss_D: -7336.5273 | Avg_Loss_G: 3643.3651 | Total_Iter: 10329
[3443/10001] End of Epoch | Avg_Loss_D: -7343.0072 | Avg_Loss_G: 3646.3296 | Total_Iter: 10332
[3444/10001] End of Epoch | Avg_Loss_D: -7345.5106 | Avg_Loss_G: 3650.3273 | Total_Iter: 10335
[3445/10001] End of Epoch | Avg_Loss_D: -6986.8077 | Avg_Loss_G: 3650.2845 | Total_Iter: 10338
[3446/10001] End of Epoch | Avg_Loss_D: -7318.1222 | Avg_Loss_G: 3654.6534 | Total_Iter: 10341
[3447/10001] End of Epoch | Avg_Loss_D: -7310.4182 | Avg_Loss_G: 3654.9298 | Total_Iter: 10344
[3448/10001] End of Epoch | Avg_Loss_D: -7329.1788 | Avg_Loss_G: 3661.0776 | Total_Iter: 10347
[3449/10001] End of Epoch | Avg_Loss_D: -7374.2706 | Avg_Loss_G: 3665.6962 | Total_Iter: 10350
[3450/10001] End of Epoch | Avg_Loss_D: -7387.6415 | Avg_Loss_G: 3668.8210 | Total_Iter: 10353
[3451/10001] End of Epoch | Avg_Loss_D: -7381.0143 | Avg_Loss_G: 3672.7569 | Total_Iter: 10356
[3452/10001] End of Epoch | Avg_Loss_D: -7402.5393 | Avg_Loss_G: 3677.5578 | Total_Iter: 10359
[3453/10001] End of Epoch | Avg_Loss_D: -7406.7967 | Avg_Loss_G: 3680.0467 | Total_Iter: 10362
[3454/10001] End of Epoch | Avg_Loss_D: -7426.8572 | Avg_Loss_G: 3684.3074 | Total_Iter: 10365
[3455/10001] End of Epoch | Avg_Loss_D: -7416.3594 | Avg_Loss_G: 3687.9035 | Total_Iter: 10368
[3456/10001] End of Epoch | Avg_Loss_D: -7372.3062 | Avg_Loss_G: 3687.9805 | Total_Iter: 10371
[3457/10001] End of Epoch | Avg_Loss_D: -7434.1777 | Avg_Loss_G: 3693.9499 | Total_Iter: 10374
[3458/10001] End of Epoch | Avg_Loss_D: -7454.2839 | Avg_Loss_G: 3697.7514 | Total_Iter: 10377
[3459/10001] End of Epoch | Avg_Loss_D: -7442.7496 | Avg_Loss_G: 3701.5955 | Total_Iter: 10380
[3460/10001] End of Epoch | Avg_Loss_D: -7470.2637 | Avg_Loss_G: 3705.5334 | Total_Iter: 10383
[3461/10001] End of Epoch | Avg_Loss_D: -7472.9735 | Avg_Loss_G: 3709.5488 | Total_Iter: 10386
[3462/10001] End of Epoch | Avg_Loss_D: -7486.3498 | Avg_Loss_G: 3712.6434 | Total_Iter: 10389
[3463/10001] End of Epoch | Avg_Loss_D: -7492.0486 | Avg_Loss_G: 3715.6693 | Total_Iter: 10392
[3464/10001] End of Epoch | Avg_Loss_D: -7495.7096 | Avg_Loss_G: 3719.3602 | Total_Iter: 10395
[3465/10001] End of Epoch | Avg_Loss_D: -7491.1306 | Avg_Loss_G: 3723.8691 | Total_Iter: 10398
[3466/10001] End of Epoch | Avg_Loss_D: -7511.6543 | Avg_Loss_G: 3727.1288 | Total_Iter: 10401
[3467/10001] End of Epoch | Avg_Loss_D: -7522.9633 | Avg_Loss_G: 3728.5089 | Total_Iter: 10404
[3468/10001] End of Epoch | Avg_Loss_D: -7526.9755 | Avg_Loss_G: 3733.5139 | Total_Iter: 10407
[3469/10001] End of Epoch | Avg_Loss_D: -7521.2433 | Avg_Loss_G: 3737.4882 | Total_Iter: 10410
[3470/10001] End of Epoch | Avg_Loss_D: -7541.7546 | Avg_Loss_G: 3741.1132 | Total_Iter: 10413
[3471/10001] End of Epoch | Avg_Loss_D: -7554.6465 | Avg_Loss_G: 3744.0948 | Total_Iter: 10416
[3472/10001] End of Epoch | Avg_Loss_D: -7546.2157 | Avg_Loss_G: 3748.2051 | Total_Iter: 10419
[3473/10001] End of Epoch | Avg_Loss_D: -7557.0046 | Avg_Loss_G: 3750.9814 | Total_Iter: 10422
[3474/10001] End of Epoch | Avg_Loss_D: -7572.4586 | Avg_Loss_G: 3755.2185 | Total_Iter: 10425
[3475/10001] End of Epoch | Avg_Loss_D: -7584.7463 | Avg_Loss_G: 3755.6943 | Total_Iter: 10428
[3476/10001] End of Epoch | Avg_Loss_D: -7580.4549 | Avg_Loss_G: 3761.4115 | Total_Iter: 10431
[3477/10001] End of Epoch | Avg_Loss_D: -7586.6048 | Avg_Loss_G: 3764.5254 | Total_Iter: 10434
[3478/10001] End of Epoch | Avg_Loss_D: -7603.8524 | Avg_Loss_G: 3768.7690 | Total_Iter: 10437
[3479/10001] End of Epoch | Avg_Loss_D: -7583.3179 | Avg_Loss_G: 3772.2342 | Total_Iter: 10440
[3480/10001] End of Epoch | Avg_Loss_D: -7616.0046 | Avg_Loss_G: 3776.0382 | Total_Iter: 10443
[3481/10001] End of Epoch | Avg_Loss_D: -7609.6248 | Avg_Loss_G: 3779.4144 | Total_Iter: 10446
[3482/10001] End of Epoch | Avg_Loss_D: -7626.5569 | Avg_Loss_G: 3783.1731 | Total_Iter: 10449
[3483/10001] End of Epoch | Avg_Loss_D: -7627.8763 | Avg_Loss_G: 3787.2657 | Total_Iter: 10452
[3484/10001] End of Epoch | Avg_Loss_D: -7650.7305 | Avg_Loss_G: 3789.8191 | Total_Iter: 10455
[3485/10001] End of Epoch | Avg_Loss_D: -7650.8240 | Avg_Loss_G: 3793.8913 | Total_Iter: 10458
[3486/10001] End of Epoch | Avg_Loss_D: -7665.2993 | Avg_Loss_G: 3797.8384 | Total_Iter: 10461
[3487/10001] End of Epoch | Avg_Loss_D: -7664.1380 | Avg_Loss_G: 3801.7279 | Total_Iter: 10464
[3488/10001] End of Epoch | Avg_Loss_D: -7679.1571 | Avg_Loss_G: 3804.9154 | Total_Iter: 10467
[3489/10001] End of Epoch | Avg_Loss_D: -7675.3234 | Avg_Loss_G: 3807.4120 | Total_Iter: 10470
[3490/10001] End of Epoch | Avg_Loss_D: -7689.0783 | Avg_Loss_G: 3811.5816 | Total_Iter: 10473
[3491/10001] End of Epoch | Avg_Loss_D: -7702.5228 | Avg_Loss_G: 3815.0433 | Total_Iter: 10476
[3492/10001] End of Epoch | Avg_Loss_D: -7695.8991 | Avg_Loss_G: 3819.0599 | Total_Iter: 10479
[3493/10001] End of Epoch | Avg_Loss_D: -7713.0282 | Avg_Loss_G: 3821.6862 | Total_Iter: 10482
[3494/10001] End of Epoch | Avg_Loss_D: -7713.5684 | Avg_Loss_G: 3825.9234 | Total_Iter: 10485
[3495/10001] End of Epoch | Avg_Loss_D: -7717.5979 | Avg_Loss_G: 3828.5734 | Total_Iter: 10488
[3496/10001] End of Epoch | Avg_Loss_D: -7707.1144 | Avg_Loss_G: 3831.9023 | Total_Iter: 10491
[3497/10001] End of Epoch | Avg_Loss_D: -7656.4614 | Avg_Loss_G: 3833.0050 | Total_Iter: 10494
[3498/10001] End of Epoch | Avg_Loss_D: -7720.0024 | Avg_Loss_G: 3837.1183 | Total_Iter: 10497
[3499/10001] End of Epoch | Avg_Loss_D: -7710.9581 | Avg_Loss_G: 3839.3837 | Total_Iter: 10500
[3500/10001] End of Epoch | Avg_Loss_D: -7718.2018 | Avg_Loss_G: 3843.2115 | Total_Iter: 10503
[3501/10001] End of Epoch | Avg_Loss_D: -7721.9143 | Avg_Loss_G: 3845.1410 | Total_Iter: 10506
[3502/10001] End of Epoch | Avg_Loss_D: -7713.8655 | Avg_Loss_G: 3848.6666 | Total_Iter: 10509
[3503/10001] End of Epoch | Avg_Loss_D: -7702.4874 | Avg_Loss_G: 3853.4439 | Total_Iter: 10512
[3504/10001] End of Epoch | Avg_Loss_D: -7724.0371 | Avg_Loss_G: 3853.9531 | Total_Iter: 10515
[3505/10001] End of Epoch | Avg_Loss_D: -7728.7611 | Avg_Loss_G: 3855.1450 | Total_Iter: 10518
[3506/10001] End of Epoch | Avg_Loss_D: -7750.0979 | Avg_Loss_G: 3860.0633 | Total_Iter: 10521
[3507/10001] End of Epoch | Avg_Loss_D: -7747.9818 | Avg_Loss_G: 3861.8682 | Total_Iter: 10524
[3508/10001] End of Epoch | Avg_Loss_D: -7737.5072 | Avg_Loss_G: 3861.6925 | Total_Iter: 10527
[3509/10001] End of Epoch | Avg_Loss_D: 1200.9851 | Avg_Loss_G: 3788.9299 | Total_Iter: 10530
[3510/10001] End of Epoch | Avg_Loss_D: 676.0396 | Avg_Loss_G: 3750.4804 | Total_Iter: 10533
[3511/10001] End of Epoch | Avg_Loss_D: 338.1433 | Avg_Loss_G: 3786.6544 | Total_Iter: 10536
[3512/10001] End of Epoch | Avg_Loss_D: 136.8462 | Avg_Loss_G: 3811.2656 | Total_Iter: 10539
[3513/10001] End of Epoch | Avg_Loss_D: 58.5665 | Avg_Loss_G: 3815.3018 | Total_Iter: 10542
[3514/10001] End of Epoch | Avg_Loss_D: 5.1245 | Avg_Loss_G: 3819.2409 | Total_Iter: 10545
[3515/10001] End of Epoch | Avg_Loss_D: 25.8561 | Avg_Loss_G: 3819.7460 | Total_Iter: 10548
[3516/10001] End of Epoch | Avg_Loss_D: 51.9226 | Avg_Loss_G: 3822.1708 | Total_Iter: 10551
[3517/10001] End of Epoch | Avg_Loss_D: -21.9196 | Avg_Loss_G: 3823.8316 | Total_Iter: 10554
[3518/10001] End of Epoch | Avg_Loss_D: -13.8857 | Avg_Loss_G: 3826.0633 | Total_Iter: 10557
[3519/10001] End of Epoch | Avg_Loss_D: -7.4501 | Avg_Loss_G: 3825.3893 | Total_Iter: 10560
[3520/10001] End of Epoch | Avg_Loss_D: -45.6086 | Avg_Loss_G: 3821.2473 | Total_Iter: 10563
[3521/10001] End of Epoch | Avg_Loss_D: 184.5774 | Avg_Loss_G: 3829.8637 | Total_Iter: 10566
[3522/10001] End of Epoch | Avg_Loss_D: 1.5762 | Avg_Loss_G: 3824.2836 | Total_Iter: 10569
[3523/10001] End of Epoch | Avg_Loss_D: -51.4459 | Avg_Loss_G: 3831.0854 | Total_Iter: 10572
[3524/10001] End of Epoch | Avg_Loss_D: -3.6575 | Avg_Loss_G: 3826.8455 | Total_Iter: 10575
[3525/10001] End of Epoch | Avg_Loss_D: 83.0127 | Avg_Loss_G: 3822.4510 | Total_Iter: 10578
[3526/10001] End of Epoch | Avg_Loss_D: -40.7730 | Avg_Loss_G: 3805.5833 | Total_Iter: 10581
[3527/10001] End of Epoch | Avg_Loss_D: -21.9696 | Avg_Loss_G: 3818.5190 | Total_Iter: 10584
[3528/10001] End of Epoch | Avg_Loss_D: -32.0391 | Avg_Loss_G: 3829.0155 | Total_Iter: 10587
[3529/10001] End of Epoch | Avg_Loss_D: 10.0587 | Avg_Loss_G: 3817.0176 | Total_Iter: 10590
[3530/10001] End of Epoch | Avg_Loss_D: -106.9990 | Avg_Loss_G: 3809.3225 | Total_Iter: 10593
[3531/10001] End of Epoch | Avg_Loss_D: -66.4869 | Avg_Loss_G: 3804.5406 | Total_Iter: 10596
[3532/10001] End of Epoch | Avg_Loss_D: 87.7605 | Avg_Loss_G: 3814.3931 | Total_Iter: 10599
[3533/10001] End of Epoch | Avg_Loss_D: -22.7085 | Avg_Loss_G: 3805.2824 | Total_Iter: 10602
[3534/10001] End of Epoch | Avg_Loss_D: 86.8868 | Avg_Loss_G: 3787.0125 | Total_Iter: 10605
[3535/10001] End of Epoch | Avg_Loss_D: 29.9740 | Avg_Loss_G: 3796.8078 | Total_Iter: 10608
[3536/10001] End of Epoch | Avg_Loss_D: -40.5345 | Avg_Loss_G: 3792.1189 | Total_Iter: 10611
[3537/10001] End of Epoch | Avg_Loss_D: 78.6217 | Avg_Loss_G: 3791.9504 | Total_Iter: 10614
[3538/10001] End of Epoch | Avg_Loss_D: -123.1605 | Avg_Loss_G: 3812.4497 | Total_Iter: 10617
[3539/10001] End of Epoch | Avg_Loss_D: 57.1861 | Avg_Loss_G: 3802.5195 | Total_Iter: 10620
[3540/10001] End of Epoch | Avg_Loss_D: 15.8044 | Avg_Loss_G: 3758.6699 | Total_Iter: 10623
[3541/10001] End of Epoch | Avg_Loss_D: 30.7437 | Avg_Loss_G: 3825.5034 | Total_Iter: 10626
[3542/10001] End of Epoch | Avg_Loss_D: -46.8854 | Avg_Loss_G: 3813.4416 | Total_Iter: 10629
[3543/10001] End of Epoch | Avg_Loss_D: 21.8945 | Avg_Loss_G: 3809.4559 | Total_Iter: 10632
[3544/10001] End of Epoch | Avg_Loss_D: -31.4464 | Avg_Loss_G: 3787.2479 | Total_Iter: 10635
[3545/10001] End of Epoch | Avg_Loss_D: -35.9125 | Avg_Loss_G: 3800.8597 | Total_Iter: 10638
[3546/10001] End of Epoch | Avg_Loss_D: 18.6319 | Avg_Loss_G: 3824.6644 | Total_Iter: 10641
[3547/10001] End of Epoch | Avg_Loss_D: -25.4649 | Avg_Loss_G: 3802.7092 | Total_Iter: 10644
[3548/10001] End of Epoch | Avg_Loss_D: -68.1768 | Avg_Loss_G: 3808.3523 | Total_Iter: 10647
[3549/10001] End of Epoch | Avg_Loss_D: 26.8632 | Avg_Loss_G: 3812.8002 | Total_Iter: 10650
[3550/10001] End of Epoch | Avg_Loss_D: -21.7478 | Avg_Loss_G: 3803.7230 | Total_Iter: 10653
[3551/10001] End of Epoch | Avg_Loss_D: -48.8103 | Avg_Loss_G: 3801.1848 | Total_Iter: 10656
[3552/10001] End of Epoch | Avg_Loss_D: -102.9134 | Avg_Loss_G: 3786.4059 | Total_Iter: 10659
[3553/10001] End of Epoch | Avg_Loss_D: 14.6720 | Avg_Loss_G: 3798.8677 | Total_Iter: 10662
[3554/10001] End of Epoch | Avg_Loss_D: 3.6574 | Avg_Loss_G: 3767.0380 | Total_Iter: 10665
[3555/10001] End of Epoch | Avg_Loss_D: -31.3550 | Avg_Loss_G: 3792.8455 | Total_Iter: 10668
[3556/10001] End of Epoch | Avg_Loss_D: -11.3055 | Avg_Loss_G: 3764.2011 | Total_Iter: 10671
[3557/10001] End of Epoch | Avg_Loss_D: 76.6555 | Avg_Loss_G: 3792.9434 | Total_Iter: 10674
[3558/10001] End of Epoch | Avg_Loss_D: 65.7811 | Avg_Loss_G: 3808.1899 | Total_Iter: 10677
[3559/10001] End of Epoch | Avg_Loss_D: 26.0222 | Avg_Loss_G: 3815.1721 | Total_Iter: 10680
[3560/10001] End of Epoch | Avg_Loss_D: 12.6335 | Avg_Loss_G: 3817.0868 | Total_Iter: 10683
[3561/10001] End of Epoch | Avg_Loss_D: 7.6058 | Avg_Loss_G: 3817.9195 | Total_Iter: 10686
[3562/10001] End of Epoch | Avg_Loss_D: -1.7805 | Avg_Loss_G: 3812.7677 | Total_Iter: 10689
[3563/10001] End of Epoch | Avg_Loss_D: -1.5516 | Avg_Loss_G: 3813.8949 | Total_Iter: 10692
[3564/10001] End of Epoch | Avg_Loss_D: 38.8534 | Avg_Loss_G: 3814.3516 | Total_Iter: 10695
[3565/10001] End of Epoch | Avg_Loss_D: -17.6637 | Avg_Loss_G: 3807.8864 | Total_Iter: 10698
[3566/10001] End of Epoch | Avg_Loss_D: -31.0314 | Avg_Loss_G: 3799.0321 | Total_Iter: 10701
[3567/10001] End of Epoch | Avg_Loss_D: 5.3939 | Avg_Loss_G: 3813.0226 | Total_Iter: 10704
[3568/10001] End of Epoch | Avg_Loss_D: -36.4127 | Avg_Loss_G: 3807.8202 | Total_Iter: 10707
[3569/10001] End of Epoch | Avg_Loss_D: -50.7002 | Avg_Loss_G: 3786.6102 | Total_Iter: 10710
[3570/10001] End of Epoch | Avg_Loss_D: 16.0875 | Avg_Loss_G: 3797.7900 | Total_Iter: 10713
[3571/10001] End of Epoch | Avg_Loss_D: 32.2296 | Avg_Loss_G: 3783.0946 | Total_Iter: 10716
[3572/10001] End of Epoch | Avg_Loss_D: -44.4366 | Avg_Loss_G: 3776.3145 | Total_Iter: 10719
[3573/10001] End of Epoch | Avg_Loss_D: -80.7651 | Avg_Loss_G: 3784.5323 | Total_Iter: 10722
[3574/10001] End of Epoch | Avg_Loss_D: -90.3683 | Avg_Loss_G: 3786.2467 | Total_Iter: 10725
[3575/10001] End of Epoch | Avg_Loss_D: -17.4379 | Avg_Loss_G: 3786.8330 | Total_Iter: 10728
[3576/10001] End of Epoch | Avg_Loss_D: -19.7818 | Avg_Loss_G: 3777.5666 | Total_Iter: 10731
[3577/10001] End of Epoch | Avg_Loss_D: -10.1164 | Avg_Loss_G: 3809.0799 | Total_Iter: 10734
[3578/10001] End of Epoch | Avg_Loss_D: -161.6164 | Avg_Loss_G: 3791.3901 | Total_Iter: 10737
[3579/10001] End of Epoch | Avg_Loss_D: 14.2780 | Avg_Loss_G: 3763.3993 | Total_Iter: 10740
[3580/10001] End of Epoch | Avg_Loss_D: -230.9203 | Avg_Loss_G: 3720.3360 | Total_Iter: 10743
[3581/10001] End of Epoch | Avg_Loss_D: -207.0378 | Avg_Loss_G: 3758.0688 | Total_Iter: 10746
[3582/10001] End of Epoch | Avg_Loss_D: 317.2307 | Avg_Loss_G: 3753.7576 | Total_Iter: 10749
[3583/10001] End of Epoch | Avg_Loss_D: -16.2213 | Avg_Loss_G: 3792.8574 | Total_Iter: 10752
[3584/10001] End of Epoch | Avg_Loss_D: -196.5193 | Avg_Loss_G: 3790.2833 | Total_Iter: 10755
[3585/10001] End of Epoch | Avg_Loss_D: -75.6182 | Avg_Loss_G: 3712.5046 | Total_Iter: 10758
[3586/10001] End of Epoch | Avg_Loss_D: -132.6086 | Avg_Loss_G: 3791.9883 | Total_Iter: 10761
[3587/10001] End of Epoch | Avg_Loss_D: 2.0789 | Avg_Loss_G: 3818.3377 | Total_Iter: 10764
[3588/10001] End of Epoch | Avg_Loss_D: -229.8123 | Avg_Loss_G: 3759.4379 | Total_Iter: 10767
[3589/10001] End of Epoch | Avg_Loss_D: -11.3177 | Avg_Loss_G: 3768.7431 | Total_Iter: 10770
[3590/10001] End of Epoch | Avg_Loss_D: -284.3967 | Avg_Loss_G: 3746.2299 | Total_Iter: 10773
[3591/10001] End of Epoch | Avg_Loss_D: -288.2887 | Avg_Loss_G: 3735.3720 | Total_Iter: 10776
[3592/10001] End of Epoch | Avg_Loss_D: -435.3975 | Avg_Loss_G: 3693.6259 | Total_Iter: 10779
[3593/10001] End of Epoch | Avg_Loss_D: 132.5039 | Avg_Loss_G: 3751.8211 | Total_Iter: 10782
[3594/10001] End of Epoch | Avg_Loss_D: 63.3082 | Avg_Loss_G: 3786.5991 | Total_Iter: 10785
[3595/10001] End of Epoch | Avg_Loss_D: 51.1418 | Avg_Loss_G: 3793.7611 | Total_Iter: 10788
[3596/10001] End of Epoch | Avg_Loss_D: 26.5640 | Avg_Loss_G: 3802.1502 | Total_Iter: 10791
[3597/10001] End of Epoch | Avg_Loss_D: 3.5946 | Avg_Loss_G: 3799.6929 | Total_Iter: 10794
[3598/10001] End of Epoch | Avg_Loss_D: -0.7485 | Avg_Loss_G: 3808.6599 | Total_Iter: 10797
[3599/10001] End of Epoch | Avg_Loss_D: -3.3514 | Avg_Loss_G: 3804.3112 | Total_Iter: 10800
[3600/10001] End of Epoch | Avg_Loss_D: -1.6176 | Avg_Loss_G: 3808.5737 | Total_Iter: 10803
[3601/10001] End of Epoch | Avg_Loss_D: -3.4269 | Avg_Loss_G: 3806.8513 | Total_Iter: 10806
[3602/10001] End of Epoch | Avg_Loss_D: -14.2200 | Avg_Loss_G: 3803.7178 | Total_Iter: 10809
[3603/10001] End of Epoch | Avg_Loss_D: -17.9996 | Avg_Loss_G: 3818.8800 | Total_Iter: 10812
[3604/10001] End of Epoch | Avg_Loss_D: -29.2594 | Avg_Loss_G: 3807.6301 | Total_Iter: 10815
[3605/10001] End of Epoch | Avg_Loss_D: -29.7429 | Avg_Loss_G: 3795.5100 | Total_Iter: 10818
[3606/10001] End of Epoch | Avg_Loss_D: -34.2262 | Avg_Loss_G: 3781.7305 | Total_Iter: 10821
[3607/10001] End of Epoch | Avg_Loss_D: -96.9062 | Avg_Loss_G: 3768.8658 | Total_Iter: 10824
[3608/10001] End of Epoch | Avg_Loss_D: 102.3346 | Avg_Loss_G: 3712.2051 | Total_Iter: 10827
[3609/10001] End of Epoch | Avg_Loss_D: 92.1231 | Avg_Loss_G: 3731.3427 | Total_Iter: 10830
[3610/10001] End of Epoch | Avg_Loss_D: -181.1056 | Avg_Loss_G: 3772.2881 | Total_Iter: 10833
[3611/10001] End of Epoch | Avg_Loss_D: -355.5462 | Avg_Loss_G: 3660.0421 | Total_Iter: 10836
[3612/10001] End of Epoch | Avg_Loss_D: -262.1340 | Avg_Loss_G: 3725.7245 | Total_Iter: 10839
[3613/10001] End of Epoch | Avg_Loss_D: -299.8478 | Avg_Loss_G: 3671.5125 | Total_Iter: 10842
[3614/10001] End of Epoch | Avg_Loss_D: 26.4789 | Avg_Loss_G: 3730.2025 | Total_Iter: 10845
[3615/10001] End of Epoch | Avg_Loss_D: -231.8023 | Avg_Loss_G: 3666.5744 | Total_Iter: 10848
[3616/10001] End of Epoch | Avg_Loss_D: -457.4747 | Avg_Loss_G: 3686.4997 | Total_Iter: 10851
[3617/10001] End of Epoch | Avg_Loss_D: -659.7459 | Avg_Loss_G: 3709.5514 | Total_Iter: 10854
[3618/10001] End of Epoch | Avg_Loss_D: -511.7783 | Avg_Loss_G: 3706.0307 | Total_Iter: 10857
[3619/10001] End of Epoch | Avg_Loss_D: 15.4132 | Avg_Loss_G: 3661.5039 | Total_Iter: 10860
[3620/10001] End of Epoch | Avg_Loss_D: -560.1601 | Avg_Loss_G: 3620.3184 | Total_Iter: 10863
[3621/10001] End of Epoch | Avg_Loss_D: -511.0182 | Avg_Loss_G: 3576.1166 | Total_Iter: 10866
[3622/10001] End of Epoch | Avg_Loss_D: -502.0119 | Avg_Loss_G: 3686.2333 | Total_Iter: 10869
[3623/10001] End of Epoch | Avg_Loss_D: -18.3318 | Avg_Loss_G: 3754.4722 | Total_Iter: 10872
[3624/10001] End of Epoch | Avg_Loss_D: -297.9521 | Avg_Loss_G: 3664.0361 | Total_Iter: 10875
[3625/10001] End of Epoch | Avg_Loss_D: -887.2817 | Avg_Loss_G: 3672.2901 | Total_Iter: 10878
[3626/10001] End of Epoch | Avg_Loss_D: -369.7461 | Avg_Loss_G: 3671.0594 | Total_Iter: 10881
[3627/10001] End of Epoch | Avg_Loss_D: -1769.3134 | Avg_Loss_G: 3765.8614 | Total_Iter: 10884
[3628/10001] End of Epoch | Avg_Loss_D: -1569.6477 | Avg_Loss_G: 3761.1780 | Total_Iter: 10887
[3629/10001] End of Epoch | Avg_Loss_D: -659.1201 | Avg_Loss_G: 3679.4005 | Total_Iter: 10890
[3630/10001] End of Epoch | Avg_Loss_D: 179.5498 | Avg_Loss_G: 3615.5777 | Total_Iter: 10893
[3631/10001] End of Epoch | Avg_Loss_D: -281.8786 | Avg_Loss_G: 3600.1732 | Total_Iter: 10896
[3632/10001] End of Epoch | Avg_Loss_D: -480.8982 | Avg_Loss_G: 3594.2712 | Total_Iter: 10899
[3633/10001] End of Epoch | Avg_Loss_D: -753.0670 | Avg_Loss_G: 3553.9164 | Total_Iter: 10902
[3634/10001] End of Epoch | Avg_Loss_D: -934.1248 | Avg_Loss_G: 3596.2695 | Total_Iter: 10905
[3635/10001] End of Epoch | Avg_Loss_D: -1078.7732 | Avg_Loss_G: 3412.0907 | Total_Iter: 10908
[3636/10001] End of Epoch | Avg_Loss_D: -939.9685 | Avg_Loss_G: 3608.8879 | Total_Iter: 10911
[3637/10001] End of Epoch | Avg_Loss_D: -1661.0660 | Avg_Loss_G: 3530.6360 | Total_Iter: 10914
[3638/10001] End of Epoch | Avg_Loss_D: -2721.1879 | Avg_Loss_G: 3758.4416 | Total_Iter: 10917
[3639/10001] End of Epoch | Avg_Loss_D: -3349.3504 | Avg_Loss_G: 3766.3625 | Total_Iter: 10920
[3640/10001] End of Epoch | Avg_Loss_D: -3778.4469 | Avg_Loss_G: 3780.2023 | Total_Iter: 10923
[3641/10001] End of Epoch | Avg_Loss_D: -6192.1187 | Avg_Loss_G: 3790.5706 | Total_Iter: 10926
[3642/10001] End of Epoch | Avg_Loss_D: -6742.0269 | Avg_Loss_G: 3808.9540 | Total_Iter: 10929
[3643/10001] End of Epoch | Avg_Loss_D: -6939.8344 | Avg_Loss_G: 3816.2786 | Total_Iter: 10932
[3644/10001] End of Epoch | Avg_Loss_D: -6971.8867 | Avg_Loss_G: 3821.6886 | Total_Iter: 10935
[3645/10001] End of Epoch | Avg_Loss_D: -6713.7070 | Avg_Loss_G: 3831.4416 | Total_Iter: 10938
[3646/10001] End of Epoch | Avg_Loss_D: -6549.4696 | Avg_Loss_G: 3830.0356 | Total_Iter: 10941
[3647/10001] End of Epoch | Avg_Loss_D: -7406.5145 | Avg_Loss_G: 3842.4921 | Total_Iter: 10944
[3648/10001] End of Epoch | Avg_Loss_D: -7495.2101 | Avg_Loss_G: 3848.7028 | Total_Iter: 10947
[3649/10001] End of Epoch | Avg_Loss_D: -7384.6094 | Avg_Loss_G: 3856.4844 | Total_Iter: 10950
[3650/10001] End of Epoch | Avg_Loss_D: -7575.1352 | Avg_Loss_G: 3864.7610 | Total_Iter: 10953
[3651/10001] End of Epoch | Avg_Loss_D: -7672.4703 | Avg_Loss_G: 3870.0958 | Total_Iter: 10956
[3652/10001] End of Epoch | Avg_Loss_D: -7644.8572 | Avg_Loss_G: 3876.9055 | Total_Iter: 10959
[3653/10001] End of Epoch | Avg_Loss_D: -3479.5484 | Avg_Loss_G: 3873.3661 | Total_Iter: 10962
[3654/10001] End of Epoch | Avg_Loss_D: -7496.8767 | Avg_Loss_G: 3891.3278 | Total_Iter: 10965
[3655/10001] End of Epoch | Avg_Loss_D: -7597.5642 | Avg_Loss_G: 3896.3382 | Total_Iter: 10968
[3656/10001] End of Epoch | Avg_Loss_D: -7715.4633 | Avg_Loss_G: 3901.3854 | Total_Iter: 10971
[3657/10001] End of Epoch | Avg_Loss_D: -7744.5208 | Avg_Loss_G: 3907.7401 | Total_Iter: 10974
[3658/10001] End of Epoch | Avg_Loss_D: -7777.1176 | Avg_Loss_G: 3912.3169 | Total_Iter: 10977
[3659/10001] End of Epoch | Avg_Loss_D: -7737.9210 | Avg_Loss_G: 3917.0547 | Total_Iter: 10980
[3660/10001] End of Epoch | Avg_Loss_D: -7260.3038 | Avg_Loss_G: 3917.8841 | Total_Iter: 10983
[3661/10001] End of Epoch | Avg_Loss_D: -7788.8136 | Avg_Loss_G: 3925.3874 | Total_Iter: 10986
[3662/10001] End of Epoch | Avg_Loss_D: -7828.9015 | Avg_Loss_G: 3931.0311 | Total_Iter: 10989
[3663/10001] End of Epoch | Avg_Loss_D: -7866.8559 | Avg_Loss_G: 3936.9693 | Total_Iter: 10992
[3664/10001] End of Epoch | Avg_Loss_D: -7874.9347 | Avg_Loss_G: 3940.9733 | Total_Iter: 10995
[3665/10001] End of Epoch | Avg_Loss_D: -7893.3748 | Avg_Loss_G: 3948.2981 | Total_Iter: 10998
[3666/10001] End of Epoch | Avg_Loss_D: -7902.9056 | Avg_Loss_G: 3953.8698 | Total_Iter: 11001
[3667/10001] End of Epoch | Avg_Loss_D: -7920.7437 | Avg_Loss_G: 3959.0548 | Total_Iter: 11004
[3668/10001] End of Epoch | Avg_Loss_D: -7966.6895 | Avg_Loss_G: 3964.2552 | Total_Iter: 11007
[3669/10001] End of Epoch | Avg_Loss_D: -7960.6858 | Avg_Loss_G: 3969.5819 | Total_Iter: 11010
[3670/10001] End of Epoch | Avg_Loss_D: -7954.3049 | Avg_Loss_G: 3974.9052 | Total_Iter: 11013
[3671/10001] End of Epoch | Avg_Loss_D: -7701.0786 | Avg_Loss_G: 3980.5522 | Total_Iter: 11016
[3672/10001] End of Epoch | Avg_Loss_D: -7977.6458 | Avg_Loss_G: 3984.2016 | Total_Iter: 11019
[3673/10001] End of Epoch | Avg_Loss_D: -7983.0790 | Avg_Loss_G: 3988.3875 | Total_Iter: 11022
[3674/10001] End of Epoch | Avg_Loss_D: -7911.1343 | Avg_Loss_G: 3993.1636 | Total_Iter: 11025
[3675/10001] End of Epoch | Avg_Loss_D: -7908.7114 | Avg_Loss_G: 3999.5380 | Total_Iter: 11028
[3676/10001] End of Epoch | Avg_Loss_D: -8035.8848 | Avg_Loss_G: 4003.1204 | Total_Iter: 11031
[3677/10001] End of Epoch | Avg_Loss_D: -8069.9180 | Avg_Loss_G: 4008.0493 | Total_Iter: 11034
[3678/10001] End of Epoch | Avg_Loss_D: -8023.2541 | Avg_Loss_G: 4013.4654 | Total_Iter: 11037
[3679/10001] End of Epoch | Avg_Loss_D: -8093.2572 | Avg_Loss_G: 4018.6036 | Total_Iter: 11040
[3680/10001] End of Epoch | Avg_Loss_D: -7834.9408 | Avg_Loss_G: 4021.6025 | Total_Iter: 11043
[3681/10001] End of Epoch | Avg_Loss_D: -8035.5640 | Avg_Loss_G: 4026.1794 | Total_Iter: 11046
[3682/10001] End of Epoch | Avg_Loss_D: -8100.0391 | Avg_Loss_G: 4031.1526 | Total_Iter: 11049
[3683/10001] End of Epoch | Avg_Loss_D: -8067.4549 | Avg_Loss_G: 4031.4385 | Total_Iter: 11052
[3684/10001] End of Epoch | Avg_Loss_D: -8093.6940 | Avg_Loss_G: 4038.8854 | Total_Iter: 11055
[3685/10001] End of Epoch | Avg_Loss_D: -8089.5252 | Avg_Loss_G: 4044.1522 | Total_Iter: 11058
[3686/10001] End of Epoch | Avg_Loss_D: -8141.8247 | Avg_Loss_G: 4047.9186 | Total_Iter: 11061
[3687/10001] End of Epoch | Avg_Loss_D: -8173.3965 | Avg_Loss_G: 4053.3575 | Total_Iter: 11064
[3688/10001] End of Epoch | Avg_Loss_D: -8190.8600 | Avg_Loss_G: 4058.8283 | Total_Iter: 11067
[3689/10001] End of Epoch | Avg_Loss_D: -8167.1884 | Avg_Loss_G: 4063.5562 | Total_Iter: 11070
[3690/10001] End of Epoch | Avg_Loss_D: -8217.1973 | Avg_Loss_G: 4068.3494 | Total_Iter: 11073
[3691/10001] End of Epoch | Avg_Loss_D: -8200.0059 | Avg_Loss_G: 4072.3767 | Total_Iter: 11076
[3692/10001] End of Epoch | Avg_Loss_D: -8201.1092 | Avg_Loss_G: 4077.4958 | Total_Iter: 11079
[3693/10001] End of Epoch | Avg_Loss_D: -8224.0165 | Avg_Loss_G: 4082.4940 | Total_Iter: 11082
[3694/10001] End of Epoch | Avg_Loss_D: -8189.6003 | Avg_Loss_G: 4086.4399 | Total_Iter: 11085
[3695/10001] End of Epoch | Avg_Loss_D: -8246.8125 | Avg_Loss_G: 4090.8223 | Total_Iter: 11088
[3696/10001] End of Epoch | Avg_Loss_D: -8252.5979 | Avg_Loss_G: 4096.1817 | Total_Iter: 11091
[3697/10001] End of Epoch | Avg_Loss_D: -8265.0256 | Avg_Loss_G: 4100.1880 | Total_Iter: 11094
[3698/10001] End of Epoch | Avg_Loss_D: -8280.8726 | Avg_Loss_G: 4103.6712 | Total_Iter: 11097
[3699/10001] End of Epoch | Avg_Loss_D: -8299.4967 | Avg_Loss_G: 4109.1053 | Total_Iter: 11100
[3700/10001] End of Epoch | Avg_Loss_D: -8283.8060 | Avg_Loss_G: 4113.4730 | Total_Iter: 11103
[3701/10001] End of Epoch | Avg_Loss_D: -8322.2689 | Avg_Loss_G: 4116.9443 | Total_Iter: 11106
[3702/10001] End of Epoch | Avg_Loss_D: -8323.8118 | Avg_Loss_G: 4121.4326 | Total_Iter: 11109
[3703/10001] End of Epoch | Avg_Loss_D: -8138.6871 | Avg_Loss_G: 4123.0454 | Total_Iter: 11112
[3704/10001] End of Epoch | Avg_Loss_D: -8339.5228 | Avg_Loss_G: 4129.9223 | Total_Iter: 11115
[3705/10001] End of Epoch | Avg_Loss_D: -8326.6322 | Avg_Loss_G: 4134.8065 | Total_Iter: 11118
[3706/10001] End of Epoch | Avg_Loss_D: -8335.4039 | Avg_Loss_G: 4137.5086 | Total_Iter: 11121
[3707/10001] End of Epoch | Avg_Loss_D: -8346.1901 | Avg_Loss_G: 4141.1100 | Total_Iter: 11124
[3708/10001] End of Epoch | Avg_Loss_D: -8373.7938 | Avg_Loss_G: 4147.2254 | Total_Iter: 11127
[3709/10001] End of Epoch | Avg_Loss_D: -8385.6348 | Avg_Loss_G: 4151.6648 | Total_Iter: 11130
[3710/10001] End of Epoch | Avg_Loss_D: -8378.7081 | Avg_Loss_G: 4156.1812 | Total_Iter: 11133
[3711/10001] End of Epoch | Avg_Loss_D: -8393.6986 | Avg_Loss_G: 4160.5796 | Total_Iter: 11136
[3712/10001] End of Epoch | Avg_Loss_D: -8324.4744 | Avg_Loss_G: 4164.8520 | Total_Iter: 11139
[3713/10001] End of Epoch | Avg_Loss_D: -8341.1760 | Avg_Loss_G: 4168.6566 | Total_Iter: 11142
[3714/10001] End of Epoch | Avg_Loss_D: -8343.5234 | Avg_Loss_G: 4172.1617 | Total_Iter: 11145
[3715/10001] End of Epoch | Avg_Loss_D: -8416.4698 | Avg_Loss_G: 4177.7880 | Total_Iter: 11148
[3716/10001] End of Epoch | Avg_Loss_D: -8449.8012 | Avg_Loss_G: 4181.2415 | Total_Iter: 11151
[3717/10001] End of Epoch | Avg_Loss_D: -8457.0109 | Avg_Loss_G: 4186.7038 | Total_Iter: 11154
[3718/10001] End of Epoch | Avg_Loss_D: -8392.5979 | Avg_Loss_G: 4190.6999 | Total_Iter: 11157
[3719/10001] End of Epoch | Avg_Loss_D: -8467.0649 | Avg_Loss_G: 4194.5004 | Total_Iter: 11160
[3720/10001] End of Epoch | Avg_Loss_D: -8482.0375 | Avg_Loss_G: 4198.8295 | Total_Iter: 11163
[3721/10001] End of Epoch | Avg_Loss_D: -8494.9416 | Avg_Loss_G: 4202.8467 | Total_Iter: 11166
[3722/10001] End of Epoch | Avg_Loss_D: -8491.5740 | Avg_Loss_G: 4207.1815 | Total_Iter: 11169
[3723/10001] End of Epoch | Avg_Loss_D: -8494.1623 | Avg_Loss_G: 4211.6471 | Total_Iter: 11172
[3724/10001] End of Epoch | Avg_Loss_D: -8522.3663 | Avg_Loss_G: 4215.6421 | Total_Iter: 11175
[3725/10001] End of Epoch | Avg_Loss_D: -8528.6224 | Avg_Loss_G: 4219.3422 | Total_Iter: 11178
[3726/10001] End of Epoch | Avg_Loss_D: -8538.6022 | Avg_Loss_G: 4224.7201 | Total_Iter: 11181
[3727/10001] End of Epoch | Avg_Loss_D: -8550.5749 | Avg_Loss_G: 4228.1840 | Total_Iter: 11184
[3728/10001] End of Epoch | Avg_Loss_D: -8550.8045 | Avg_Loss_G: 4232.8533 | Total_Iter: 11187
[3729/10001] End of Epoch | Avg_Loss_D: -8564.5747 | Avg_Loss_G: 4236.4718 | Total_Iter: 11190
[3730/10001] End of Epoch | Avg_Loss_D: -8571.7609 | Avg_Loss_G: 4240.0554 | Total_Iter: 11193
[3731/10001] End of Epoch | Avg_Loss_D: -8580.5104 | Avg_Loss_G: 4244.3627 | Total_Iter: 11196
[3732/10001] End of Epoch | Avg_Loss_D: -8598.6443 | Avg_Loss_G: 4248.7528 | Total_Iter: 11199
[3733/10001] End of Epoch | Avg_Loss_D: -8585.4768 | Avg_Loss_G: 4253.8753 | Total_Iter: 11202
[3734/10001] End of Epoch | Avg_Loss_D: -8601.8255 | Avg_Loss_G: 4257.3809 | Total_Iter: 11205
[3735/10001] End of Epoch | Avg_Loss_D: -8614.3095 | Avg_Loss_G: 4260.4860 | Total_Iter: 11208
[3736/10001] End of Epoch | Avg_Loss_D: -8585.9442 | Avg_Loss_G: 4263.7170 | Total_Iter: 11211
[3737/10001] End of Epoch | Avg_Loss_D: -8598.6239 | Avg_Loss_G: 4267.8832 | Total_Iter: 11214
[3738/10001] End of Epoch | Avg_Loss_D: -8641.3947 | Avg_Loss_G: 4272.5388 | Total_Iter: 11217
[3739/10001] End of Epoch | Avg_Loss_D: -8642.4182 | Avg_Loss_G: 4276.2365 | Total_Iter: 11220
[3740/10001] End of Epoch | Avg_Loss_D: -8652.1573 | Avg_Loss_G: 4280.3664 | Total_Iter: 11223
[3741/10001] End of Epoch | Avg_Loss_D: -8649.5547 | Avg_Loss_G: 4284.5822 | Total_Iter: 11226
[3742/10001] End of Epoch | Avg_Loss_D: -8680.3095 | Avg_Loss_G: 4288.9902 | Total_Iter: 11229
[3743/10001] End of Epoch | Avg_Loss_D: -8683.0786 | Avg_Loss_G: 4293.6919 | Total_Iter: 11232
[3744/10001] End of Epoch | Avg_Loss_D: -8694.6957 | Avg_Loss_G: 4298.0493 | Total_Iter: 11235
[3745/10001] End of Epoch | Avg_Loss_D: -8697.3461 | Avg_Loss_G: 4301.1742 | Total_Iter: 11238
[3746/10001] End of Epoch | Avg_Loss_D: -8668.8461 | Avg_Loss_G: 4305.5129 | Total_Iter: 11241
[3747/10001] End of Epoch | Avg_Loss_D: -8696.4967 | Avg_Loss_G: 4308.2462 | Total_Iter: 11244
[3748/10001] End of Epoch | Avg_Loss_D: -8716.8368 | Avg_Loss_G: 4312.7662 | Total_Iter: 11247
[3749/10001] End of Epoch | Avg_Loss_D: -8711.5764 | Avg_Loss_G: 4317.5527 | Total_Iter: 11250
[3750/10001] End of Epoch | Avg_Loss_D: -8741.2697 | Avg_Loss_G: 4320.9761 | Total_Iter: 11253
[3751/10001] End of Epoch | Avg_Loss_D: -8722.0809 | Avg_Loss_G: 4325.2946 | Total_Iter: 11256
[3752/10001] End of Epoch | Avg_Loss_D: -8743.1211 | Avg_Loss_G: 4329.8368 | Total_Iter: 11259
[3753/10001] End of Epoch | Avg_Loss_D: -8770.0026 | Avg_Loss_G: 4334.0253 | Total_Iter: 11262
[3754/10001] End of Epoch | Avg_Loss_D: -8778.2157 | Avg_Loss_G: 4338.0051 | Total_Iter: 11265
[3755/10001] End of Epoch | Avg_Loss_D: -8780.1387 | Avg_Loss_G: 4342.0812 | Total_Iter: 11268
[3756/10001] End of Epoch | Avg_Loss_D: -8793.1658 | Avg_Loss_G: 4345.9408 | Total_Iter: 11271
[3757/10001] End of Epoch | Avg_Loss_D: -8786.1651 | Avg_Loss_G: 4350.1986 | Total_Iter: 11274
[3758/10001] End of Epoch | Avg_Loss_D: -8804.3921 | Avg_Loss_G: 4354.1008 | Total_Iter: 11277
[3759/10001] End of Epoch | Avg_Loss_D: -8787.5905 | Avg_Loss_G: 4359.0357 | Total_Iter: 11280
[3760/10001] End of Epoch | Avg_Loss_D: -8821.3930 | Avg_Loss_G: 4362.5626 | Total_Iter: 11283
[3761/10001] End of Epoch | Avg_Loss_D: -8822.3040 | Avg_Loss_G: 4367.7099 | Total_Iter: 11286
[3762/10001] End of Epoch | Avg_Loss_D: -8829.1207 | Avg_Loss_G: 4371.4454 | Total_Iter: 11289
[3763/10001] End of Epoch | Avg_Loss_D: -8837.8314 | Avg_Loss_G: 4375.4340 | Total_Iter: 11292
[3764/10001] End of Epoch | Avg_Loss_D: -8847.9577 | Avg_Loss_G: 4378.5437 | Total_Iter: 11295
[3765/10001] End of Epoch | Avg_Loss_D: -8863.7611 | Avg_Loss_G: 4382.6240 | Total_Iter: 11298
[3766/10001] End of Epoch | Avg_Loss_D: -8845.2033 | Avg_Loss_G: 4387.6337 | Total_Iter: 11301
[3767/10001] End of Epoch | Avg_Loss_D: -8870.4896 | Avg_Loss_G: 4391.4919 | Total_Iter: 11304
[3768/10001] End of Epoch | Avg_Loss_D: -8887.2741 | Avg_Loss_G: 4395.9703 | Total_Iter: 11307
[3769/10001] End of Epoch | Avg_Loss_D: -8889.2001 | Avg_Loss_G: 4400.1314 | Total_Iter: 11310
[3770/10001] End of Epoch | Avg_Loss_D: -8735.3622 | Avg_Loss_G: 4398.0520 | Total_Iter: 11313
[3771/10001] End of Epoch | Avg_Loss_D: -8835.3733 | Avg_Loss_G: 4402.4646 | Total_Iter: 11316
[3772/10001] End of Epoch | Avg_Loss_D: -8896.5660 | Avg_Loss_G: 4409.0430 | Total_Iter: 11319
[3773/10001] End of Epoch | Avg_Loss_D: -8918.5632 | Avg_Loss_G: 4413.9865 | Total_Iter: 11322
[3774/10001] End of Epoch | Avg_Loss_D: -8924.4290 | Avg_Loss_G: 4418.7434 | Total_Iter: 11325
[3775/10001] End of Epoch | Avg_Loss_D: -8925.2292 | Avg_Loss_G: 4423.0199 | Total_Iter: 11328
[3776/10001] End of Epoch | Avg_Loss_D: -8952.8989 | Avg_Loss_G: 4427.3627 | Total_Iter: 11331
[3777/10001] End of Epoch | Avg_Loss_D: -8962.1018 | Avg_Loss_G: 4431.1528 | Total_Iter: 11334
[3778/10001] End of Epoch | Avg_Loss_D: -8945.7038 | Avg_Loss_G: 4435.5061 | Total_Iter: 11337
[3779/10001] End of Epoch | Avg_Loss_D: -8827.1864 | Avg_Loss_G: 4439.0900 | Total_Iter: 11340
[3780/10001] End of Epoch | Avg_Loss_D: -8901.1558 | Avg_Loss_G: 4442.3382 | Total_Iter: 11343
[3781/10001] End of Epoch | Avg_Loss_D: -8986.5408 | Avg_Loss_G: 4447.2409 | Total_Iter: 11346
[3782/10001] End of Epoch | Avg_Loss_D: -9004.0853 | Avg_Loss_G: 4451.4956 | Total_Iter: 11349
[3783/10001] End of Epoch | Avg_Loss_D: -9010.8108 | Avg_Loss_G: 4455.6163 | Total_Iter: 11352
[3784/10001] End of Epoch | Avg_Loss_D: -9017.9073 | Avg_Loss_G: 4459.8160 | Total_Iter: 11355
[3785/10001] End of Epoch | Avg_Loss_D: -9011.4783 | Avg_Loss_G: 4464.6880 | Total_Iter: 11358
[3786/10001] End of Epoch | Avg_Loss_D: -9034.1621 | Avg_Loss_G: 4467.9247 | Total_Iter: 11361
[3787/10001] End of Epoch | Avg_Loss_D: -9044.1819 | Avg_Loss_G: 4472.5632 | Total_Iter: 11364
[3788/10001] End of Epoch | Avg_Loss_D: -9034.9349 | Avg_Loss_G: 4475.1807 | Total_Iter: 11367
[3789/10001] End of Epoch | Avg_Loss_D: -9033.9199 | Avg_Loss_G: 4480.4936 | Total_Iter: 11370
[3790/10001] End of Epoch | Avg_Loss_D: -9071.0397 | Avg_Loss_G: 4484.0319 | Total_Iter: 11373
[3791/10001] End of Epoch | Avg_Loss_D: -9069.9729 | Avg_Loss_G: 4488.5553 | Total_Iter: 11376
[3792/10001] End of Epoch | Avg_Loss_D: -9066.0931 | Avg_Loss_G: 4492.7638 | Total_Iter: 11379
[3793/10001] End of Epoch | Avg_Loss_D: -9088.7274 | Avg_Loss_G: 4496.6226 | Total_Iter: 11382
[3794/10001] End of Epoch | Avg_Loss_D: -9054.6113 | Avg_Loss_G: 4500.6017 | Total_Iter: 11385
[3795/10001] End of Epoch | Avg_Loss_D: -9092.3546 | Avg_Loss_G: 4504.6609 | Total_Iter: 11388
[3796/10001] End of Epoch | Avg_Loss_D: -9121.7595 | Avg_Loss_G: 4508.8964 | Total_Iter: 11391
[3797/10001] End of Epoch | Avg_Loss_D: -9128.1519 | Avg_Loss_G: 4512.8942 | Total_Iter: 11394
[3798/10001] End of Epoch | Avg_Loss_D: -9138.1354 | Avg_Loss_G: 4517.4480 | Total_Iter: 11397
[3799/10001] End of Epoch | Avg_Loss_D: -9135.3978 | Avg_Loss_G: 4521.2985 | Total_Iter: 11400
[3800/10001] End of Epoch | Avg_Loss_D: -9142.7908 | Avg_Loss_G: 4525.0724 | Total_Iter: 11403
[3801/10001] End of Epoch | Avg_Loss_D: -8986.7326 | Avg_Loss_G: 4527.8824 | Total_Iter: 11406
[3802/10001] End of Epoch | Avg_Loss_D: -9134.2044 | Avg_Loss_G: 4531.6691 | Total_Iter: 11409
[3803/10001] End of Epoch | Avg_Loss_D: -9159.3882 | Avg_Loss_G: 4537.0247 | Total_Iter: 11412
[3804/10001] End of Epoch | Avg_Loss_D: -8960.1895 | Avg_Loss_G: 4536.3062 | Total_Iter: 11415
[3805/10001] End of Epoch | Avg_Loss_D: -9177.5202 | Avg_Loss_G: 4543.1331 | Total_Iter: 11418
[3806/10001] End of Epoch | Avg_Loss_D: -9191.8164 | Avg_Loss_G: 4548.2924 | Total_Iter: 11421
[3807/10001] End of Epoch | Avg_Loss_D: -9204.7214 | Avg_Loss_G: 4552.9010 | Total_Iter: 11424
[3808/10001] End of Epoch | Avg_Loss_D: -9217.2734 | Avg_Loss_G: 4556.8292 | Total_Iter: 11427
[3809/10001] End of Epoch | Avg_Loss_D: -9222.2240 | Avg_Loss_G: 4560.2957 | Total_Iter: 11430
[3810/10001] End of Epoch | Avg_Loss_D: -9204.5571 | Avg_Loss_G: 4564.9514 | Total_Iter: 11433
[3811/10001] End of Epoch | Avg_Loss_D: -9191.0295 | Avg_Loss_G: 4568.7559 | Total_Iter: 11436
[3812/10001] End of Epoch | Avg_Loss_D: -9243.6126 | Avg_Loss_G: 4572.7268 | Total_Iter: 11439
[3813/10001] End of Epoch | Avg_Loss_D: -9244.0935 | Avg_Loss_G: 4575.2976 | Total_Iter: 11442
[3814/10001] End of Epoch | Avg_Loss_D: -9255.3698 | Avg_Loss_G: 4581.3478 | Total_Iter: 11445
[3815/10001] End of Epoch | Avg_Loss_D: -9268.9045 | Avg_Loss_G: 4585.1352 | Total_Iter: 11448
[3816/10001] End of Epoch | Avg_Loss_D: -9272.5317 | Avg_Loss_G: 4588.2784 | Total_Iter: 11451
[3817/10001] End of Epoch | Avg_Loss_D: -9278.3409 | Avg_Loss_G: 4592.8741 | Total_Iter: 11454
[3818/10001] End of Epoch | Avg_Loss_D: -9289.1680 | Avg_Loss_G: 4596.7623 | Total_Iter: 11457
[3819/10001] End of Epoch | Avg_Loss_D: -9259.0892 | Avg_Loss_G: 4600.3638 | Total_Iter: 11460
[3820/10001] End of Epoch | Avg_Loss_D: -9266.6278 | Avg_Loss_G: 4604.5953 | Total_Iter: 11463
[3821/10001] End of Epoch | Avg_Loss_D: -9321.8455 | Avg_Loss_G: 4608.2980 | Total_Iter: 11466
[3822/10001] End of Epoch | Avg_Loss_D: -9330.9457 | Avg_Loss_G: 4612.8611 | Total_Iter: 11469
[3823/10001] End of Epoch | Avg_Loss_D: -9334.7025 | Avg_Loss_G: 4616.8687 | Total_Iter: 11472
[3824/10001] End of Epoch | Avg_Loss_D: -9336.2285 | Avg_Loss_G: 4620.9404 | Total_Iter: 11475
[3825/10001] End of Epoch | Avg_Loss_D: -9348.2919 | Avg_Loss_G: 4624.7222 | Total_Iter: 11478
[3826/10001] End of Epoch | Avg_Loss_D: -9348.1302 | Avg_Loss_G: 4628.8903 | Total_Iter: 11481
[3827/10001] End of Epoch | Avg_Loss_D: -9343.7990 | Avg_Loss_G: 4632.7413 | Total_Iter: 11484
[3828/10001] End of Epoch | Avg_Loss_D: -9362.5132 | Avg_Loss_G: 4636.7936 | Total_Iter: 11487
[3829/10001] End of Epoch | Avg_Loss_D: -9379.1437 | Avg_Loss_G: 4640.6898 | Total_Iter: 11490
[3830/10001] End of Epoch | Avg_Loss_D: -9387.2402 | Avg_Loss_G: 4644.5208 | Total_Iter: 11493
[3831/10001] End of Epoch | Avg_Loss_D: -9393.5849 | Avg_Loss_G: 4648.7742 | Total_Iter: 11496
[3832/10001] End of Epoch | Avg_Loss_D: -9359.5827 | Avg_Loss_G: 4652.2356 | Total_Iter: 11499
[3833/10001] End of Epoch | Avg_Loss_D: -9414.3379 | Avg_Loss_G: 4656.9474 | Total_Iter: 11502
[3834/10001] End of Epoch | Avg_Loss_D: -9403.9698 | Avg_Loss_G: 4660.5206 | Total_Iter: 11505
[3835/10001] End of Epoch | Avg_Loss_D: -9420.6836 | Avg_Loss_G: 4664.8743 | Total_Iter: 11508
[3836/10001] End of Epoch | Avg_Loss_D: -9404.2400 | Avg_Loss_G: 4668.4194 | Total_Iter: 11511
[3837/10001] End of Epoch | Avg_Loss_D: -9421.2702 | Avg_Loss_G: 4671.5208 | Total_Iter: 11514
[3838/10001] End of Epoch | Avg_Loss_D: -9427.7075 | Avg_Loss_G: 4675.8007 | Total_Iter: 11517
[3839/10001] End of Epoch | Avg_Loss_D: -4279.4243 | Avg_Loss_G: 4640.0123 | Total_Iter: 11520
[3840/10001] End of Epoch | Avg_Loss_D: -8806.2242 | Avg_Loss_G: 4650.5001 | Total_Iter: 11523
[3841/10001] End of Epoch | Avg_Loss_D: -8669.1784 | Avg_Loss_G: 4660.3359 | Total_Iter: 11526
[3842/10001] End of Epoch | Avg_Loss_D: -9225.4868 | Avg_Loss_G: 4668.0142 | Total_Iter: 11529
[3843/10001] End of Epoch | Avg_Loss_D: -9185.5197 | Avg_Loss_G: 4669.6747 | Total_Iter: 11532
[3844/10001] End of Epoch | Avg_Loss_D: -9332.3153 | Avg_Loss_G: 4675.7028 | Total_Iter: 11535
[3845/10001] End of Epoch | Avg_Loss_D: -8772.1163 | Avg_Loss_G: 4673.1209 | Total_Iter: 11538
[3846/10001] End of Epoch | Avg_Loss_D: -9259.9533 | Avg_Loss_G: 4680.0824 | Total_Iter: 11541
[3847/10001] End of Epoch | Avg_Loss_D: -9221.4794 | Avg_Loss_G: 4681.4562 | Total_Iter: 11544
[3848/10001] End of Epoch | Avg_Loss_D: 23.9020 | Avg_Loss_G: 4616.7161 | Total_Iter: 11547
[3849/10001] End of Epoch | Avg_Loss_D: 211.9961 | Avg_Loss_G: 4650.7541 | Total_Iter: 11550
[3850/10001] End of Epoch | Avg_Loss_D: 44.3794 | Avg_Loss_G: 4658.7192 | Total_Iter: 11553
[3851/10001] End of Epoch | Avg_Loss_D: 98.7727 | Avg_Loss_G: 4662.0409 | Total_Iter: 11556
[3852/10001] End of Epoch | Avg_Loss_D: 22.6721 | Avg_Loss_G: 4663.7110 | Total_Iter: 11559
[3853/10001] End of Epoch | Avg_Loss_D: 27.9780 | Avg_Loss_G: 4663.4111 | Total_Iter: 11562
[3854/10001] End of Epoch | Avg_Loss_D: 45.9255 | Avg_Loss_G: 4668.1126 | Total_Iter: 11565
[3855/10001] End of Epoch | Avg_Loss_D: 29.2156 | Avg_Loss_G: 4667.9065 | Total_Iter: 11568
[3856/10001] End of Epoch | Avg_Loss_D: 9.1538 | Avg_Loss_G: 4669.3255 | Total_Iter: 11571
[3857/10001] End of Epoch | Avg_Loss_D: 3.5393 | Avg_Loss_G: 4669.2928 | Total_Iter: 11574
[3858/10001] End of Epoch | Avg_Loss_D: 37.3640 | Avg_Loss_G: 4667.4669 | Total_Iter: 11577
[3859/10001] End of Epoch | Avg_Loss_D: -11.9571 | Avg_Loss_G: 4670.5878 | Total_Iter: 11580
[3860/10001] End of Epoch | Avg_Loss_D: 5.6815 | Avg_Loss_G: 4666.3943 | Total_Iter: 11583
[3861/10001] End of Epoch | Avg_Loss_D: 28.6106 | Avg_Loss_G: 4665.9795 | Total_Iter: 11586
[3862/10001] End of Epoch | Avg_Loss_D: 6.6357 | Avg_Loss_G: 4666.5942 | Total_Iter: 11589
[3863/10001] End of Epoch | Avg_Loss_D: 18.0844 | Avg_Loss_G: 4666.0977 | Total_Iter: 11592
[3864/10001] End of Epoch | Avg_Loss_D: 13.4489 | Avg_Loss_G: 4662.8418 | Total_Iter: 11595
[3865/10001] End of Epoch | Avg_Loss_D: -26.2180 | Avg_Loss_G: 4663.2819 | Total_Iter: 11598
[3866/10001] End of Epoch | Avg_Loss_D: -7.1468 | Avg_Loss_G: 4662.3883 | Total_Iter: 11601
[3867/10001] End of Epoch | Avg_Loss_D: -3.2467 | Avg_Loss_G: 4659.8945 | Total_Iter: 11604
[3868/10001] End of Epoch | Avg_Loss_D: 111.9312 | Avg_Loss_G: 4663.0625 | Total_Iter: 11607
[3869/10001] End of Epoch | Avg_Loss_D: -94.1619 | Avg_Loss_G: 4662.0233 | Total_Iter: 11610
[3870/10001] End of Epoch | Avg_Loss_D: -48.3851 | Avg_Loss_G: 4650.9838 | Total_Iter: 11613
[3871/10001] End of Epoch | Avg_Loss_D: -57.1849 | Avg_Loss_G: 4649.4783 | Total_Iter: 11616
[3872/10001] End of Epoch | Avg_Loss_D: -46.7399 | Avg_Loss_G: 4648.1030 | Total_Iter: 11619
[3873/10001] End of Epoch | Avg_Loss_D: -42.4278 | Avg_Loss_G: 4651.8150 | Total_Iter: 11622
[3874/10001] End of Epoch | Avg_Loss_D: -8.5560 | Avg_Loss_G: 4617.9283 | Total_Iter: 11625
[3875/10001] End of Epoch | Avg_Loss_D: -258.6603 | Avg_Loss_G: 4600.3014 | Total_Iter: 11628
[3876/10001] End of Epoch | Avg_Loss_D: -266.7118 | Avg_Loss_G: 4543.1094 | Total_Iter: 11631
[3877/10001] End of Epoch | Avg_Loss_D: -125.6125 | Avg_Loss_G: 4619.3925 | Total_Iter: 11634
[3878/10001] End of Epoch | Avg_Loss_D: -642.8899 | Avg_Loss_G: 4457.7313 | Total_Iter: 11637
[3879/10001] End of Epoch | Avg_Loss_D: 249.9497 | Avg_Loss_G: 4479.3819 | Total_Iter: 11640
[3880/10001] End of Epoch | Avg_Loss_D: 73.0465 | Avg_Loss_G: 4623.8894 | Total_Iter: 11643
[3881/10001] End of Epoch | Avg_Loss_D: 50.0100 | Avg_Loss_G: 4632.9481 | Total_Iter: 11646
[3882/10001] End of Epoch | Avg_Loss_D: 23.9762 | Avg_Loss_G: 4635.6410 | Total_Iter: 11649
[3883/10001] End of Epoch | Avg_Loss_D: 28.7211 | Avg_Loss_G: 4635.5355 | Total_Iter: 11652
[3884/10001] End of Epoch | Avg_Loss_D: -9.7661 | Avg_Loss_G: 4634.5729 | Total_Iter: 11655
[3885/10001] End of Epoch | Avg_Loss_D: -159.9393 | Avg_Loss_G: 4617.7454 | Total_Iter: 11658
[3886/10001] End of Epoch | Avg_Loss_D: -133.2416 | Avg_Loss_G: 4521.0027 | Total_Iter: 11661
[3887/10001] End of Epoch | Avg_Loss_D: 128.0782 | Avg_Loss_G: 4534.4264 | Total_Iter: 11664
[3888/10001] End of Epoch | Avg_Loss_D: -57.9212 | Avg_Loss_G: 4592.5872 | Total_Iter: 11667
[3889/10001] End of Epoch | Avg_Loss_D: -601.8824 | Avg_Loss_G: 4518.6284 | Total_Iter: 11670
[3890/10001] End of Epoch | Avg_Loss_D: 239.2723 | Avg_Loss_G: 4495.2926 | Total_Iter: 11673
[3891/10001] End of Epoch | Avg_Loss_D: -3.7766 | Avg_Loss_G: 4623.5342 | Total_Iter: 11676
[3892/10001] End of Epoch | Avg_Loss_D: -99.5514 | Avg_Loss_G: 4533.2393 | Total_Iter: 11679
[3893/10001] End of Epoch | Avg_Loss_D: 240.7782 | Avg_Loss_G: 4409.5025 | Total_Iter: 11682
[3894/10001] End of Epoch | Avg_Loss_D: -2936.4015 | Avg_Loss_G: 4354.1477 | Total_Iter: 11685
[3895/10001] End of Epoch | Avg_Loss_D: -8341.6328 | Avg_Loss_G: 4644.3609 | Total_Iter: 11688
[3896/10001] End of Epoch | Avg_Loss_D: -9195.0849 | Avg_Loss_G: 4672.3987 | Total_Iter: 11691
[3897/10001] End of Epoch | Avg_Loss_D: -9181.9102 | Avg_Loss_G: 4680.3716 | Total_Iter: 11694
[3898/10001] End of Epoch | Avg_Loss_D: -9350.4620 | Avg_Loss_G: 4690.1144 | Total_Iter: 11697
[3899/10001] End of Epoch | Avg_Loss_D: -9351.4334 | Avg_Loss_G: 4696.2933 | Total_Iter: 11700
[3900/10001] End of Epoch | Avg_Loss_D: -9335.2064 | Avg_Loss_G: 4704.4440 | Total_Iter: 11703
[3901/10001] End of Epoch | Avg_Loss_D: -9459.1940 | Avg_Loss_G: 4711.0368 | Total_Iter: 11706
[3902/10001] End of Epoch | Avg_Loss_D: -9086.4397 | Avg_Loss_G: 4717.3194 | Total_Iter: 11709
[3903/10001] End of Epoch | Avg_Loss_D: -9447.1725 | Avg_Loss_G: 4723.3882 | Total_Iter: 11712
[3904/10001] End of Epoch | Avg_Loss_D: -9452.4922 | Avg_Loss_G: 4728.9223 | Total_Iter: 11715
[3905/10001] End of Epoch | Avg_Loss_D: -9492.3362 | Avg_Loss_G: 4735.4538 | Total_Iter: 11718
[3906/10001] End of Epoch | Avg_Loss_D: -9532.7270 | Avg_Loss_G: 4742.5723 | Total_Iter: 11721
[3907/10001] End of Epoch | Avg_Loss_D: -9571.9822 | Avg_Loss_G: 4748.0163 | Total_Iter: 11724
[3908/10001] End of Epoch | Avg_Loss_D: -9554.1337 | Avg_Loss_G: 4754.3281 | Total_Iter: 11727
[3909/10001] End of Epoch | Avg_Loss_D: -9575.3652 | Avg_Loss_G: 4756.6393 | Total_Iter: 11730
[3910/10001] End of Epoch | Avg_Loss_D: -9509.1697 | Avg_Loss_G: 4763.5224 | Total_Iter: 11733
[3911/10001] End of Epoch | Avg_Loss_D: -9569.8533 | Avg_Loss_G: 4769.7738 | Total_Iter: 11736
[3912/10001] End of Epoch | Avg_Loss_D: -9631.0525 | Avg_Loss_G: 4774.1908 | Total_Iter: 11739
[3913/10001] End of Epoch | Avg_Loss_D: -9608.5616 | Avg_Loss_G: 4779.8114 | Total_Iter: 11742
[3914/10001] End of Epoch | Avg_Loss_D: -9648.2452 | Avg_Loss_G: 4785.4816 | Total_Iter: 11745
[3915/10001] End of Epoch | Avg_Loss_D: -9639.8752 | Avg_Loss_G: 4790.5469 | Total_Iter: 11748
[3916/10001] End of Epoch | Avg_Loss_D: -9117.4010 | Avg_Loss_G: 4786.0849 | Total_Iter: 11751
[3917/10001] End of Epoch | Avg_Loss_D: -9351.8431 | Avg_Loss_G: 4794.1225 | Total_Iter: 11754
[3918/10001] End of Epoch | Avg_Loss_D: -9667.4772 | Avg_Loss_G: 4800.5923 | Total_Iter: 11757
[3919/10001] End of Epoch | Avg_Loss_D: -9667.1285 | Avg_Loss_G: 4806.8242 | Total_Iter: 11760
[3920/10001] End of Epoch | Avg_Loss_D: -9669.6345 | Avg_Loss_G: 4812.8275 | Total_Iter: 11763
[3921/10001] End of Epoch | Avg_Loss_D: -9710.5901 | Avg_Loss_G: 4818.1178 | Total_Iter: 11766
[3922/10001] End of Epoch | Avg_Loss_D: -9736.7671 | Avg_Loss_G: 4823.4240 | Total_Iter: 11769
[3923/10001] End of Epoch | Avg_Loss_D: -9702.7465 | Avg_Loss_G: 4827.7823 | Total_Iter: 11772
[3924/10001] End of Epoch | Avg_Loss_D: -9749.9978 | Avg_Loss_G: 4833.5680 | Total_Iter: 11775
[3925/10001] End of Epoch | Avg_Loss_D: -9765.7122 | Avg_Loss_G: 4839.0348 | Total_Iter: 11778
[3926/10001] End of Epoch | Avg_Loss_D: -9782.8978 | Avg_Loss_G: 4844.3227 | Total_Iter: 11781
[3927/10001] End of Epoch | Avg_Loss_D: -9793.8375 | Avg_Loss_G: 4849.5342 | Total_Iter: 11784
[3928/10001] End of Epoch | Avg_Loss_D: -9786.3058 | Avg_Loss_G: 4853.6132 | Total_Iter: 11787
[3929/10001] End of Epoch | Avg_Loss_D: -9813.0369 | Avg_Loss_G: 4858.3433 | Total_Iter: 11790
[3930/10001] End of Epoch | Avg_Loss_D: -9801.7914 | Avg_Loss_G: 4862.8928 | Total_Iter: 11793
[3931/10001] End of Epoch | Avg_Loss_D: -9820.8320 | Avg_Loss_G: 4866.8510 | Total_Iter: 11796
[3932/10001] End of Epoch | Avg_Loss_D: -9844.1619 | Avg_Loss_G: 4872.5399 | Total_Iter: 11799
[3933/10001] End of Epoch | Avg_Loss_D: -9811.4918 | Avg_Loss_G: 4877.2231 | Total_Iter: 11802
[3934/10001] End of Epoch | Avg_Loss_D: -9851.5779 | Avg_Loss_G: 4882.2203 | Total_Iter: 11805
[3935/10001] End of Epoch | Avg_Loss_D: -9857.5321 | Avg_Loss_G: 4886.2384 | Total_Iter: 11808
[3936/10001] End of Epoch | Avg_Loss_D: -9873.5189 | Avg_Loss_G: 4890.0232 | Total_Iter: 11811
[3937/10001] End of Epoch | Avg_Loss_D: -9881.3008 | Avg_Loss_G: 4895.8433 | Total_Iter: 11814
[3938/10001] End of Epoch | Avg_Loss_D: -9894.4759 | Avg_Loss_G: 4899.9217 | Total_Iter: 11817
[3939/10001] End of Epoch | Avg_Loss_D: -9891.9720 | Avg_Loss_G: 4904.6896 | Total_Iter: 11820
[3940/10001] End of Epoch | Avg_Loss_D: -9882.5171 | Avg_Loss_G: 4907.9581 | Total_Iter: 11823
[3941/10001] End of Epoch | Avg_Loss_D: -9886.3372 | Avg_Loss_G: 4911.7412 | Total_Iter: 11826
[3942/10001] End of Epoch | Avg_Loss_D: -9926.4321 | Avg_Loss_G: 4917.2248 | Total_Iter: 11829
[3943/10001] End of Epoch | Avg_Loss_D: -9943.9362 | Avg_Loss_G: 4923.2865 | Total_Iter: 11832
[3944/10001] End of Epoch | Avg_Loss_D: -9934.1905 | Avg_Loss_G: 4927.6374 | Total_Iter: 11835
[3945/10001] End of Epoch | Avg_Loss_D: -9943.3058 | Avg_Loss_G: 4932.1401 | Total_Iter: 11838
[3946/10001] End of Epoch | Avg_Loss_D: -9969.1925 | Avg_Loss_G: 4937.1898 | Total_Iter: 11841
[3947/10001] End of Epoch | Avg_Loss_D: -9969.9672 | Avg_Loss_G: 4942.0693 | Total_Iter: 11844
[3948/10001] End of Epoch | Avg_Loss_D: -10002.9093 | Avg_Loss_G: 4946.7319 | Total_Iter: 11847
[3949/10001] End of Epoch | Avg_Loss_D: -9995.3468 | Avg_Loss_G: 4951.1049 | Total_Iter: 11850
[3950/10001] End of Epoch | Avg_Loss_D: -10001.9436 | Avg_Loss_G: 4955.5124 | Total_Iter: 11853
[3951/10001] End of Epoch | Avg_Loss_D: -10009.5597 | Avg_Loss_G: 4960.2815 | Total_Iter: 11856
[3952/10001] End of Epoch | Avg_Loss_D: -10037.6398 | Avg_Loss_G: 4964.7579 | Total_Iter: 11859
[3953/10001] End of Epoch | Avg_Loss_D: -10025.5265 | Avg_Loss_G: 4969.2514 | Total_Iter: 11862
[3954/10001] End of Epoch | Avg_Loss_D: -10039.6359 | Avg_Loss_G: 4974.1956 | Total_Iter: 11865
[3955/10001] End of Epoch | Avg_Loss_D: -10069.7491 | Avg_Loss_G: 4978.6102 | Total_Iter: 11868
[3956/10001] End of Epoch | Avg_Loss_D: -10072.1109 | Avg_Loss_G: 4983.4328 | Total_Iter: 11871
[3957/10001] End of Epoch | Avg_Loss_D: -10075.9080 | Avg_Loss_G: 4988.2050 | Total_Iter: 11874
[3958/10001] End of Epoch | Avg_Loss_D: -10090.7381 | Avg_Loss_G: 4991.6926 | Total_Iter: 11877
[3959/10001] End of Epoch | Avg_Loss_D: -10096.5417 | Avg_Loss_G: 4996.7732 | Total_Iter: 11880
[3960/10001] End of Epoch | Avg_Loss_D: -10115.7988 | Avg_Loss_G: 5001.6494 | Total_Iter: 11883
[3961/10001] End of Epoch | Avg_Loss_D: -10116.1007 | Avg_Loss_G: 5006.2467 | Total_Iter: 11886
[3962/10001] End of Epoch | Avg_Loss_D: -10120.1252 | Avg_Loss_G: 5010.5495 | Total_Iter: 11889
[3963/10001] End of Epoch | Avg_Loss_D: -10126.5035 | Avg_Loss_G: 5013.5423 | Total_Iter: 11892
[3964/10001] End of Epoch | Avg_Loss_D: -10122.8937 | Avg_Loss_G: 5018.5935 | Total_Iter: 11895
[3965/10001] End of Epoch | Avg_Loss_D: -10157.1356 | Avg_Loss_G: 5023.8485 | Total_Iter: 11898
[3966/10001] End of Epoch | Avg_Loss_D: -9888.1207 | Avg_Loss_G: 5025.1451 | Total_Iter: 11901
[3967/10001] End of Epoch | Avg_Loss_D: -10161.9128 | Avg_Loss_G: 5031.0966 | Total_Iter: 11904
[3968/10001] End of Epoch | Avg_Loss_D: -10156.8963 | Avg_Loss_G: 5036.0736 | Total_Iter: 11907
[3969/10001] End of Epoch | Avg_Loss_D: -10195.6343 | Avg_Loss_G: 5040.9122 | Total_Iter: 11910
[3970/10001] End of Epoch | Avg_Loss_D: -10180.1678 | Avg_Loss_G: 5044.8559 | Total_Iter: 11913
[3971/10001] End of Epoch | Avg_Loss_D: -10205.3190 | Avg_Loss_G: 5048.4511 | Total_Iter: 11916
[3972/10001] End of Epoch | Avg_Loss_D: -10211.5412 | Avg_Loss_G: 5053.8216 | Total_Iter: 11919
[3973/10001] End of Epoch | Avg_Loss_D: -10232.3511 | Avg_Loss_G: 5059.0693 | Total_Iter: 11922
[3974/10001] End of Epoch | Avg_Loss_D: -10235.6875 | Avg_Loss_G: 5062.9395 | Total_Iter: 11925
[3975/10001] End of Epoch | Avg_Loss_D: -10239.9685 | Avg_Loss_G: 5068.2335 | Total_Iter: 11928
[3976/10001] End of Epoch | Avg_Loss_D: -10262.3016 | Avg_Loss_G: 5072.0926 | Total_Iter: 11931
[3977/10001] End of Epoch | Avg_Loss_D: -10245.0577 | Avg_Loss_G: 5076.2819 | Total_Iter: 11934
[3978/10001] End of Epoch | Avg_Loss_D: -10276.2780 | Avg_Loss_G: 5080.9900 | Total_Iter: 11937
[3979/10001] End of Epoch | Avg_Loss_D: -10274.1990 | Avg_Loss_G: 5084.9878 | Total_Iter: 11940
[3980/10001] End of Epoch | Avg_Loss_D: -10287.7001 | Avg_Loss_G: 5089.7792 | Total_Iter: 11943
[3981/10001] End of Epoch | Avg_Loss_D: -10283.1128 | Avg_Loss_G: 5094.4015 | Total_Iter: 11946
[3982/10001] End of Epoch | Avg_Loss_D: -10315.8160 | Avg_Loss_G: 5098.7552 | Total_Iter: 11949
[3983/10001] End of Epoch | Avg_Loss_D: -10327.2591 | Avg_Loss_G: 5103.8173 | Total_Iter: 11952
[3984/10001] End of Epoch | Avg_Loss_D: -10334.1664 | Avg_Loss_G: 5108.1807 | Total_Iter: 11955
[3985/10001] End of Epoch | Avg_Loss_D: -10323.2335 | Avg_Loss_G: 5112.1325 | Total_Iter: 11958
[3986/10001] End of Epoch | Avg_Loss_D: -10346.3318 | Avg_Loss_G: 5116.6900 | Total_Iter: 11961
[3987/10001] End of Epoch | Avg_Loss_D: -10361.3874 | Avg_Loss_G: 5121.1574 | Total_Iter: 11964
[3988/10001] End of Epoch | Avg_Loss_D: -10353.3956 | Avg_Loss_G: 5125.4579 | Total_Iter: 11967
[3989/10001] End of Epoch | Avg_Loss_D: -10369.7046 | Avg_Loss_G: 5128.5578 | Total_Iter: 11970
[3990/10001] End of Epoch | Avg_Loss_D: -10381.7836 | Avg_Loss_G: 5133.0890 | Total_Iter: 11973
[3991/10001] End of Epoch | Avg_Loss_D: -10385.1000 | Avg_Loss_G: 5138.5727 | Total_Iter: 11976
[3992/10001] End of Epoch | Avg_Loss_D: -10349.3589 | Avg_Loss_G: 5142.6597 | Total_Iter: 11979
[3993/10001] End of Epoch | Avg_Loss_D: -10406.0918 | Avg_Loss_G: 5146.1500 | Total_Iter: 11982
[3994/10001] End of Epoch | Avg_Loss_D: -10420.0072 | Avg_Loss_G: 5151.6080 | Total_Iter: 11985
[3995/10001] End of Epoch | Avg_Loss_D: -10429.8472 | Avg_Loss_G: 5155.6430 | Total_Iter: 11988
[3996/10001] End of Epoch | Avg_Loss_D: -10434.8273 | Avg_Loss_G: 5160.2488 | Total_Iter: 11991
[3997/10001] End of Epoch | Avg_Loss_D: -10429.3984 | Avg_Loss_G: 5165.0684 | Total_Iter: 11994
[3998/10001] End of Epoch | Avg_Loss_D: -10444.3963 | Avg_Loss_G: 5168.8092 | Total_Iter: 11997
[3999/10001] End of Epoch | Avg_Loss_D: -9759.1152 | Avg_Loss_G: 5162.7432 | Total_Iter: 12000
[4000/10001] End of Epoch | Avg_Loss_D: -10290.1636 | Avg_Loss_G: 5171.2830 | Total_Iter: 12003
[4001/10001] End of Epoch | Avg_Loss_D: -10400.7949 | Avg_Loss_G: 5176.5634 | Total_Iter: 12006
[4002/10001] End of Epoch | Avg_Loss_D: -10415.0625 | Avg_Loss_G: 5182.4655 | Total_Iter: 12009
[4003/10001] End of Epoch | Avg_Loss_D: -10421.0877 | Avg_Loss_G: 5186.4776 | Total_Iter: 12012
[4004/10001] End of Epoch | Avg_Loss_D: -10455.7715 | Avg_Loss_G: 5191.3143 | Total_Iter: 12015
[4005/10001] End of Epoch | Avg_Loss_D: -10479.1406 | Avg_Loss_G: 5195.6744 | Total_Iter: 12018
[4006/10001] End of Epoch | Avg_Loss_D: -10504.6411 | Avg_Loss_G: 5200.2180 | Total_Iter: 12021
[4007/10001] End of Epoch | Avg_Loss_D: -10488.3344 | Avg_Loss_G: 5205.0135 | Total_Iter: 12024
[4008/10001] End of Epoch | Avg_Loss_D: -10512.6547 | Avg_Loss_G: 5209.3030 | Total_Iter: 12027
[4009/10001] End of Epoch | Avg_Loss_D: -10535.1309 | Avg_Loss_G: 5214.5690 | Total_Iter: 12030
[4010/10001] End of Epoch | Avg_Loss_D: -10546.7919 | Avg_Loss_G: 5218.6936 | Total_Iter: 12033
[4011/10001] End of Epoch | Avg_Loss_D: -10543.2771 | Avg_Loss_G: 5222.3825 | Total_Iter: 12036
[4012/10001] End of Epoch | Avg_Loss_D: -10564.0996 | Avg_Loss_G: 5228.1126 | Total_Iter: 12039
[4013/10001] End of Epoch | Avg_Loss_D: -10577.3140 | Avg_Loss_G: 5232.9536 | Total_Iter: 12042
[4014/10001] End of Epoch | Avg_Loss_D: -10580.2875 | Avg_Loss_G: 5236.5204 | Total_Iter: 12045
[4015/10001] End of Epoch | Avg_Loss_D: -10589.4878 | Avg_Loss_G: 5241.1181 | Total_Iter: 12048
[4016/10001] End of Epoch | Avg_Loss_D: -10600.6543 | Avg_Loss_G: 5245.1146 | Total_Iter: 12051
[4017/10001] End of Epoch | Avg_Loss_D: -10606.3420 | Avg_Loss_G: 5249.3597 | Total_Iter: 12054
[4018/10001] End of Epoch | Avg_Loss_D: -10626.1552 | Avg_Loss_G: 5254.3418 | Total_Iter: 12057
[4019/10001] End of Epoch | Avg_Loss_D: -10603.4410 | Avg_Loss_G: 5257.5763 | Total_Iter: 12060
[4020/10001] End of Epoch | Avg_Loss_D: -10613.6513 | Avg_Loss_G: 5261.7696 | Total_Iter: 12063
[4021/10001] End of Epoch | Avg_Loss_D: -10649.7999 | Avg_Loss_G: 5266.8294 | Total_Iter: 12066
[4022/10001] End of Epoch | Avg_Loss_D: -10662.2912 | Avg_Loss_G: 5271.9833 | Total_Iter: 12069
[4023/10001] End of Epoch | Avg_Loss_D: -10648.9974 | Avg_Loss_G: 5276.2122 | Total_Iter: 12072
[4024/10001] End of Epoch | Avg_Loss_D: -10678.2719 | Avg_Loss_G: 5280.6504 | Total_Iter: 12075
[4025/10001] End of Epoch | Avg_Loss_D: -10600.7229 | Avg_Loss_G: 5280.4137 | Total_Iter: 12078
[4026/10001] End of Epoch | Avg_Loss_D: -10671.8309 | Avg_Loss_G: 5286.3242 | Total_Iter: 12081
[4027/10001] End of Epoch | Avg_Loss_D: -10693.5252 | Avg_Loss_G: 5291.9702 | Total_Iter: 12084
[4028/10001] End of Epoch | Avg_Loss_D: -10702.9091 | Avg_Loss_G: 5297.0840 | Total_Iter: 12087
[4029/10001] End of Epoch | Avg_Loss_D: -10720.6274 | Avg_Loss_G: 5301.1449 | Total_Iter: 12090
[4030/10001] End of Epoch | Avg_Loss_D: -10714.9010 | Avg_Loss_G: 5305.6717 | Total_Iter: 12093
[4031/10001] End of Epoch | Avg_Loss_D: -10737.7507 | Avg_Loss_G: 5310.7865 | Total_Iter: 12096
[4032/10001] End of Epoch | Avg_Loss_D: -10743.8049 | Avg_Loss_G: 5315.1197 | Total_Iter: 12099
[4033/10001] End of Epoch | Avg_Loss_D: -10754.2819 | Avg_Loss_G: 5319.6510 | Total_Iter: 12102
[4034/10001] End of Epoch | Avg_Loss_D: -10753.2962 | Avg_Loss_G: 5322.4575 | Total_Iter: 12105
[4035/10001] End of Epoch | Avg_Loss_D: -10749.6671 | Avg_Loss_G: 5326.3850 | Total_Iter: 12108
[4036/10001] End of Epoch | Avg_Loss_D: -10770.3305 | Avg_Loss_G: 5331.4619 | Total_Iter: 12111
[4037/10001] End of Epoch | Avg_Loss_D: -10779.6944 | Avg_Loss_G: 5336.4052 | Total_Iter: 12114
[4038/10001] End of Epoch | Avg_Loss_D: -10803.2198 | Avg_Loss_G: 5340.7901 | Total_Iter: 12117
[4039/10001] End of Epoch | Avg_Loss_D: -10810.3368 | Avg_Loss_G: 5345.8635 | Total_Iter: 12120
[4040/10001] End of Epoch | Avg_Loss_D: -10816.6957 | Avg_Loss_G: 5349.9784 | Total_Iter: 12123
[4041/10001] End of Epoch | Avg_Loss_D: -10829.5228 | Avg_Loss_G: 5354.6257 | Total_Iter: 12126
[4042/10001] End of Epoch | Avg_Loss_D: -10825.6280 | Avg_Loss_G: 5358.8020 | Total_Iter: 12129
[4043/10001] End of Epoch | Avg_Loss_D: -10797.2504 | Avg_Loss_G: 5362.7317 | Total_Iter: 12132
[4044/10001] End of Epoch | Avg_Loss_D: -10852.9054 | Avg_Loss_G: 5367.7713 | Total_Iter: 12135
[4045/10001] End of Epoch | Avg_Loss_D: -10856.2513 | Avg_Loss_G: 5372.3736 | Total_Iter: 12138
[4046/10001] End of Epoch | Avg_Loss_D: -10869.2057 | Avg_Loss_G: 5376.3778 | Total_Iter: 12141
[4047/10001] End of Epoch | Avg_Loss_D: -10885.0992 | Avg_Loss_G: 5380.4612 | Total_Iter: 12144
[4048/10001] End of Epoch | Avg_Loss_D: -10883.1454 | Avg_Loss_G: 5385.2140 | Total_Iter: 12147
[4049/10001] End of Epoch | Avg_Loss_D: -10835.8802 | Avg_Loss_G: 5388.8737 | Total_Iter: 12150
[4050/10001] End of Epoch | Avg_Loss_D: -10854.6717 | Avg_Loss_G: 5394.1515 | Total_Iter: 12153
[4051/10001] End of Epoch | Avg_Loss_D: -10904.0211 | Avg_Loss_G: 5398.1481 | Total_Iter: 12156
[4052/10001] End of Epoch | Avg_Loss_D: -10932.7522 | Avg_Loss_G: 5402.4086 | Total_Iter: 12159
[4053/10001] End of Epoch | Avg_Loss_D: -10935.6128 | Avg_Loss_G: 5407.2153 | Total_Iter: 12162
[4054/10001] End of Epoch | Avg_Loss_D: -10934.9371 | Avg_Loss_G: 5411.7474 | Total_Iter: 12165
[4055/10001] End of Epoch | Avg_Loss_D: -10948.6328 | Avg_Loss_G: 5416.6661 | Total_Iter: 12168
[4056/10001] End of Epoch | Avg_Loss_D: -10953.0521 | Avg_Loss_G: 5420.7148 | Total_Iter: 12171
[4057/10001] End of Epoch | Avg_Loss_D: -10964.6645 | Avg_Loss_G: 5425.3423 | Total_Iter: 12174
[4058/10001] End of Epoch | Avg_Loss_D: -10982.7396 | Avg_Loss_G: 5429.6798 | Total_Iter: 12177
[4059/10001] End of Epoch | Avg_Loss_D: -10989.0252 | Avg_Loss_G: 5433.9718 | Total_Iter: 12180
[4060/10001] End of Epoch | Avg_Loss_D: -10992.1115 | Avg_Loss_G: 5437.5479 | Total_Iter: 12183
[4061/10001] End of Epoch | Avg_Loss_D: -11005.0764 | Avg_Loss_G: 5442.9402 | Total_Iter: 12186
[4062/10001] End of Epoch | Avg_Loss_D: -11009.5673 | Avg_Loss_G: 5447.0974 | Total_Iter: 12189
[4063/10001] End of Epoch | Avg_Loss_D: -11018.6992 | Avg_Loss_G: 5451.3886 | Total_Iter: 12192
[4064/10001] End of Epoch | Avg_Loss_D: -11027.2131 | Avg_Loss_G: 5455.4137 | Total_Iter: 12195
[4065/10001] End of Epoch | Avg_Loss_D: -11027.9887 | Avg_Loss_G: 5459.9013 | Total_Iter: 12198
[4066/10001] End of Epoch | Avg_Loss_D: -11041.6415 | Avg_Loss_G: 5464.0584 | Total_Iter: 12201
[4067/10001] End of Epoch | Avg_Loss_D: -11047.9349 | Avg_Loss_G: 5468.2591 | Total_Iter: 12204
[4068/10001] End of Epoch | Avg_Loss_D: -11052.6875 | Avg_Loss_G: 5472.5102 | Total_Iter: 12207
[4069/10001] End of Epoch | Avg_Loss_D: -11071.9605 | Avg_Loss_G: 5477.2363 | Total_Iter: 12210
[4070/10001] End of Epoch | Avg_Loss_D: -11075.4748 | Avg_Loss_G: 5480.8260 | Total_Iter: 12213
[4071/10001] End of Epoch | Avg_Loss_D: -11094.6237 | Avg_Loss_G: 5486.1259 | Total_Iter: 12216
[4072/10001] End of Epoch | Avg_Loss_D: -11081.1302 | Avg_Loss_G: 5490.5445 | Total_Iter: 12219
[4073/10001] End of Epoch | Avg_Loss_D: -11111.3989 | Avg_Loss_G: 5494.8116 | Total_Iter: 12222
[4074/10001] End of Epoch | Avg_Loss_D: -11123.1949 | Avg_Loss_G: 5499.6858 | Total_Iter: 12225
[4075/10001] End of Epoch | Avg_Loss_D: -11130.4679 | Avg_Loss_G: 5504.2726 | Total_Iter: 12228
[4076/10001] End of Epoch | Avg_Loss_D: -11124.8624 | Avg_Loss_G: 5508.6556 | Total_Iter: 12231
[4077/10001] End of Epoch | Avg_Loss_D: -11148.1962 | Avg_Loss_G: 5512.6148 | Total_Iter: 12234
[4078/10001] End of Epoch | Avg_Loss_D: -11158.6810 | Avg_Loss_G: 5517.3934 | Total_Iter: 12237
[4079/10001] End of Epoch | Avg_Loss_D: -11158.1810 | Avg_Loss_G: 5521.2530 | Total_Iter: 12240
[4080/10001] End of Epoch | Avg_Loss_D: -11167.5595 | Avg_Loss_G: 5525.8073 | Total_Iter: 12243
[4081/10001] End of Epoch | Avg_Loss_D: -11160.5621 | Avg_Loss_G: 5529.4490 | Total_Iter: 12246
[4082/10001] End of Epoch | Avg_Loss_D: -11191.5148 | Avg_Loss_G: 5534.3891 | Total_Iter: 12249
[4083/10001] End of Epoch | Avg_Loss_D: -11193.7548 | Avg_Loss_G: 5539.0208 | Total_Iter: 12252
[4084/10001] End of Epoch | Avg_Loss_D: -11200.8520 | Avg_Loss_G: 5543.1925 | Total_Iter: 12255
[4085/10001] End of Epoch | Avg_Loss_D: -11215.1298 | Avg_Loss_G: 5547.7329 | Total_Iter: 12258
[4086/10001] End of Epoch | Avg_Loss_D: -11214.4084 | Avg_Loss_G: 5552.0914 | Total_Iter: 12261
[4087/10001] End of Epoch | Avg_Loss_D: -11208.2118 | Avg_Loss_G: 5556.1680 | Total_Iter: 12264
[4088/10001] End of Epoch | Avg_Loss_D: -11239.2240 | Avg_Loss_G: 5560.5927 | Total_Iter: 12267
[4089/10001] End of Epoch | Avg_Loss_D: -11231.4922 | Avg_Loss_G: 5564.7459 | Total_Iter: 12270
[4090/10001] End of Epoch | Avg_Loss_D: -11260.6606 | Avg_Loss_G: 5569.9829 | Total_Iter: 12273
[4091/10001] End of Epoch | Avg_Loss_D: -11273.2157 | Avg_Loss_G: 5574.4763 | Total_Iter: 12276
[4092/10001] End of Epoch | Avg_Loss_D: -11285.0547 | Avg_Loss_G: 5579.0312 | Total_Iter: 12279
[4093/10001] End of Epoch | Avg_Loss_D: -11288.7648 | Avg_Loss_G: 5583.1113 | Total_Iter: 12282
[4094/10001] End of Epoch | Avg_Loss_D: -11290.4735 | Avg_Loss_G: 5587.8008 | Total_Iter: 12285
[4095/10001] End of Epoch | Avg_Loss_D: -11308.2088 | Avg_Loss_G: 5592.0165 | Total_Iter: 12288
[4096/10001] End of Epoch | Avg_Loss_D: -11309.6745 | Avg_Loss_G: 5595.5239 | Total_Iter: 12291
[4097/10001] End of Epoch | Avg_Loss_D: -11323.1680 | Avg_Loss_G: 5600.7919 | Total_Iter: 12294
[4098/10001] End of Epoch | Avg_Loss_D: -11328.9197 | Avg_Loss_G: 5604.8700 | Total_Iter: 12297
[4099/10001] End of Epoch | Avg_Loss_D: -11333.5265 | Avg_Loss_G: 5609.6437 | Total_Iter: 12300
[4100/10001] End of Epoch | Avg_Loss_D: -11343.0582 | Avg_Loss_G: 5614.0282 | Total_Iter: 12303
[4101/10001] End of Epoch | Avg_Loss_D: -11362.0100 | Avg_Loss_G: 5618.2734 | Total_Iter: 12306
[4102/10001] End of Epoch | Avg_Loss_D: -11368.4119 | Avg_Loss_G: 5622.8505 | Total_Iter: 12309
[4103/10001] End of Epoch | Avg_Loss_D: -11375.8047 | Avg_Loss_G: 5627.4718 | Total_Iter: 12312
[4104/10001] End of Epoch | Avg_Loss_D: -11390.3824 | Avg_Loss_G: 5631.9696 | Total_Iter: 12315
[4105/10001] End of Epoch | Avg_Loss_D: -11392.2990 | Avg_Loss_G: 5636.3793 | Total_Iter: 12318
[4106/10001] End of Epoch | Avg_Loss_D: -11392.8016 | Avg_Loss_G: 5640.2261 | Total_Iter: 12321
[4107/10001] End of Epoch | Avg_Loss_D: -11374.2973 | Avg_Loss_G: 5644.5614 | Total_Iter: 12324
[4108/10001] End of Epoch | Avg_Loss_D: -11419.0660 | Avg_Loss_G: 5648.9028 | Total_Iter: 12327
[4109/10001] End of Epoch | Avg_Loss_D: -11431.1306 | Avg_Loss_G: 5653.7355 | Total_Iter: 12330
[4110/10001] End of Epoch | Avg_Loss_D: -11430.6263 | Avg_Loss_G: 5657.6923 | Total_Iter: 12333
[4111/10001] End of Epoch | Avg_Loss_D: -11445.0334 | Avg_Loss_G: 5662.5154 | Total_Iter: 12336
[4112/10001] End of Epoch | Avg_Loss_D: -11449.8872 | Avg_Loss_G: 5666.3941 | Total_Iter: 12339
[4113/10001] End of Epoch | Avg_Loss_D: -11464.5043 | Avg_Loss_G: 5671.1395 | Total_Iter: 12342
[4114/10001] End of Epoch | Avg_Loss_D: -11474.7044 | Avg_Loss_G: 5675.8390 | Total_Iter: 12345
[4115/10001] End of Epoch | Avg_Loss_D: -11486.7561 | Avg_Loss_G: 5680.1560 | Total_Iter: 12348
[4116/10001] End of Epoch | Avg_Loss_D: -11488.9388 | Avg_Loss_G: 5684.5842 | Total_Iter: 12351
[4117/10001] End of Epoch | Avg_Loss_D: -11503.3785 | Avg_Loss_G: 5689.0794 | Total_Iter: 12354
[4118/10001] End of Epoch | Avg_Loss_D: -11512.2530 | Avg_Loss_G: 5692.9792 | Total_Iter: 12357
[4119/10001] End of Epoch | Avg_Loss_D: -11495.4497 | Avg_Loss_G: 5697.2179 | Total_Iter: 12360
[4120/10001] End of Epoch | Avg_Loss_D: -11501.9410 | Avg_Loss_G: 5701.6194 | Total_Iter: 12363
[4121/10001] End of Epoch | Avg_Loss_D: -11520.5712 | Avg_Loss_G: 5706.3602 | Total_Iter: 12366
[4122/10001] End of Epoch | Avg_Loss_D: -11537.7869 | Avg_Loss_G: 5710.6680 | Total_Iter: 12369
[4123/10001] End of Epoch | Avg_Loss_D: -11550.4878 | Avg_Loss_G: 5715.1508 | Total_Iter: 12372
[4124/10001] End of Epoch | Avg_Loss_D: -11559.7253 | Avg_Loss_G: 5719.9974 | Total_Iter: 12375
[4125/10001] End of Epoch | Avg_Loss_D: -11569.0521 | Avg_Loss_G: 5723.5770 | Total_Iter: 12378
[4126/10001] End of Epoch | Avg_Loss_D: -11584.7517 | Avg_Loss_G: 5729.0454 | Total_Iter: 12381
[4127/10001] End of Epoch | Avg_Loss_D: -11569.9588 | Avg_Loss_G: 5733.0443 | Total_Iter: 12384
[4128/10001] End of Epoch | Avg_Loss_D: -11593.0417 | Avg_Loss_G: 5737.0362 | Total_Iter: 12387
[4129/10001] End of Epoch | Avg_Loss_D: -11602.0690 | Avg_Loss_G: 5741.5740 | Total_Iter: 12390
[4130/10001] End of Epoch | Avg_Loss_D: -11607.0985 | Avg_Loss_G: 5746.3377 | Total_Iter: 12393
[4131/10001] End of Epoch | Avg_Loss_D: -11622.6046 | Avg_Loss_G: 5750.6037 | Total_Iter: 12396
[4132/10001] End of Epoch | Avg_Loss_D: -11622.1628 | Avg_Loss_G: 5755.0278 | Total_Iter: 12399
[4133/10001] End of Epoch | Avg_Loss_D: -11634.1137 | Avg_Loss_G: 5759.5660 | Total_Iter: 12402
[4134/10001] End of Epoch | Avg_Loss_D: -11646.6806 | Avg_Loss_G: 5764.0289 | Total_Iter: 12405
[4135/10001] End of Epoch | Avg_Loss_D: -11649.9297 | Avg_Loss_G: 5768.1832 | Total_Iter: 12408
[4136/10001] End of Epoch | Avg_Loss_D: -11661.3720 | Avg_Loss_G: 5772.6476 | Total_Iter: 12411
[4137/10001] End of Epoch | Avg_Loss_D: -11678.6758 | Avg_Loss_G: 5776.9926 | Total_Iter: 12414
[4138/10001] End of Epoch | Avg_Loss_D: -11685.7179 | Avg_Loss_G: 5781.3950 | Total_Iter: 12417
[4139/10001] End of Epoch | Avg_Loss_D: -11693.7747 | Avg_Loss_G: 5785.4115 | Total_Iter: 12420
[4140/10001] End of Epoch | Avg_Loss_D: -11704.7122 | Avg_Loss_G: 5790.4683 | Total_Iter: 12423
[4141/10001] End of Epoch | Avg_Loss_D: -11702.8420 | Avg_Loss_G: 5795.3181 | Total_Iter: 12426
[4142/10001] End of Epoch | Avg_Loss_D: -11672.5582 | Avg_Loss_G: 5798.5618 | Total_Iter: 12429
[4143/10001] End of Epoch | Avg_Loss_D: -11732.6428 | Avg_Loss_G: 5803.7285 | Total_Iter: 12432
[4144/10001] End of Epoch | Avg_Loss_D: -11728.6393 | Avg_Loss_G: 5808.3136 | Total_Iter: 12435
[4145/10001] End of Epoch | Avg_Loss_D: -11744.7157 | Avg_Loss_G: 5812.6886 | Total_Iter: 12438
[4146/10001] End of Epoch | Avg_Loss_D: -11749.0330 | Avg_Loss_G: 5816.8416 | Total_Iter: 12441
[4147/10001] End of Epoch | Avg_Loss_D: -11740.9340 | Avg_Loss_G: 5821.2125 | Total_Iter: 12444
[4148/10001] End of Epoch | Avg_Loss_D: -11733.4401 | Avg_Loss_G: 5825.1445 | Total_Iter: 12447
[4149/10001] End of Epoch | Avg_Loss_D: -11669.1727 | Avg_Loss_G: 5827.1395 | Total_Iter: 12450
[4150/10001] End of Epoch | Avg_Loss_D: -11755.4900 | Avg_Loss_G: 5832.8362 | Total_Iter: 12453
[4151/10001] End of Epoch | Avg_Loss_D: -11787.9206 | Avg_Loss_G: 5838.7550 | Total_Iter: 12456
[4152/10001] End of Epoch | Avg_Loss_D: -11751.1619 | Avg_Loss_G: 5842.5467 | Total_Iter: 12459
[4153/10001] End of Epoch | Avg_Loss_D: -11809.4839 | Avg_Loss_G: 5847.3837 | Total_Iter: 12462
[4154/10001] End of Epoch | Avg_Loss_D: -11827.9709 | Avg_Loss_G: 5851.4661 | Total_Iter: 12465
[4155/10001] End of Epoch | Avg_Loss_D: -11833.4774 | Avg_Loss_G: 5856.6634 | Total_Iter: 12468
[4156/10001] End of Epoch | Avg_Loss_D: -11841.5460 | Avg_Loss_G: 5861.3147 | Total_Iter: 12471
[4157/10001] End of Epoch | Avg_Loss_D: -11857.9405 | Avg_Loss_G: 5865.0046 | Total_Iter: 12474
[4158/10001] End of Epoch | Avg_Loss_D: -11860.5777 | Avg_Loss_G: 5870.2016 | Total_Iter: 12477
[4159/10001] End of Epoch | Avg_Loss_D: -11835.4983 | Avg_Loss_G: 5874.1901 | Total_Iter: 12480
[4160/10001] End of Epoch | Avg_Loss_D: -11872.6810 | Avg_Loss_G: 5878.8316 | Total_Iter: 12483
[4161/10001] End of Epoch | Avg_Loss_D: -2067.8445 | Avg_Loss_G: 5731.6730 | Total_Iter: 12486
[4162/10001] End of Epoch | Avg_Loss_D: -6592.4827 | Avg_Loss_G: 5800.4692 | Total_Iter: 12489
[4163/10001] End of Epoch | Avg_Loss_D: -7749.0677 | Avg_Loss_G: 5825.4681 | Total_Iter: 12492
[4164/10001] End of Epoch | Avg_Loss_D: -10171.6621 | Avg_Loss_G: 5844.7053 | Total_Iter: 12495
[4165/10001] End of Epoch | Avg_Loss_D: -11237.6860 | Avg_Loss_G: 5855.0254 | Total_Iter: 12498
[4166/10001] End of Epoch | Avg_Loss_D: -11268.3780 | Avg_Loss_G: 5862.1265 | Total_Iter: 12501
[4167/10001] End of Epoch | Avg_Loss_D: -11592.1289 | Avg_Loss_G: 5865.3557 | Total_Iter: 12504
[4168/10001] End of Epoch | Avg_Loss_D: -11549.4874 | Avg_Loss_G: 5871.8394 | Total_Iter: 12507
[4169/10001] End of Epoch | Avg_Loss_D: -11650.9622 | Avg_Loss_G: 5876.3941 | Total_Iter: 12510
[4170/10001] End of Epoch | Avg_Loss_D: -10150.0260 | Avg_Loss_G: 5869.8477 | Total_Iter: 12513
[4171/10001] End of Epoch | Avg_Loss_D: -11347.3424 | Avg_Loss_G: 5881.1901 | Total_Iter: 12516
[4172/10001] End of Epoch | Avg_Loss_D: -11087.3637 | Avg_Loss_G: 5881.0189 | Total_Iter: 12519
[4173/10001] End of Epoch | Avg_Loss_D: -11627.2261 | Avg_Loss_G: 5888.8260 | Total_Iter: 12522
[4174/10001] End of Epoch | Avg_Loss_D: -11555.8524 | Avg_Loss_G: 5891.7628 | Total_Iter: 12525
[4175/10001] End of Epoch | Avg_Loss_D: -11519.5547 | Avg_Loss_G: 5890.5254 | Total_Iter: 12528
[4176/10001] End of Epoch | Avg_Loss_D: -11540.1836 | Avg_Loss_G: 5898.8661 | Total_Iter: 12531
[4177/10001] End of Epoch | Avg_Loss_D: -11670.2023 | Avg_Loss_G: 5901.6476 | Total_Iter: 12534
[4178/10001] End of Epoch | Avg_Loss_D: -11668.6701 | Avg_Loss_G: 5901.9388 | Total_Iter: 12537
[4179/10001] End of Epoch | Avg_Loss_D: -11600.2834 | Avg_Loss_G: 5905.8338 | Total_Iter: 12540
[4180/10001] End of Epoch | Avg_Loss_D: -10525.1656 | Avg_Loss_G: 5893.1732 | Total_Iter: 12543
[4181/10001] End of Epoch | Avg_Loss_D: -10376.4321 | Avg_Loss_G: 5877.1170 | Total_Iter: 12546
[4182/10001] End of Epoch | Avg_Loss_D: -11251.7930 | Avg_Loss_G: 5908.1031 | Total_Iter: 12549
[4183/10001] End of Epoch | Avg_Loss_D: -11331.1428 | Avg_Loss_G: 5905.1801 | Total_Iter: 12552
[4184/10001] End of Epoch | Avg_Loss_D: -10932.0994 | Avg_Loss_G: 5911.1354 | Total_Iter: 12555
[4185/10001] End of Epoch | Avg_Loss_D: -4979.6545 | Avg_Loss_G: 5911.2174 | Total_Iter: 12558
[4186/10001] End of Epoch | Avg_Loss_D: -2474.9861 | Avg_Loss_G: 5813.1873 | Total_Iter: 12561
[4187/10001] End of Epoch | Avg_Loss_D: 1074.1275 | Avg_Loss_G: 5806.8872 | Total_Iter: 12564
[4188/10001] End of Epoch | Avg_Loss_D: 460.1504 | Avg_Loss_G: 5823.5775 | Total_Iter: 12567
[4189/10001] End of Epoch | Avg_Loss_D: 650.2215 | Avg_Loss_G: 5832.6953 | Total_Iter: 12570
[4190/10001] End of Epoch | Avg_Loss_D: 165.3335 | Avg_Loss_G: 5840.2107 | Total_Iter: 12573
[4191/10001] End of Epoch | Avg_Loss_D: 189.6203 | Avg_Loss_G: 5842.9204 | Total_Iter: 12576
[4192/10001] End of Epoch | Avg_Loss_D: 167.1550 | Avg_Loss_G: 5845.5317 | Total_Iter: 12579
[4193/10001] End of Epoch | Avg_Loss_D: 108.8111 | Avg_Loss_G: 5849.3984 | Total_Iter: 12582
[4194/10001] End of Epoch | Avg_Loss_D: 106.0824 | Avg_Loss_G: 5855.3724 | Total_Iter: 12585
[4195/10001] End of Epoch | Avg_Loss_D: 79.2585 | Avg_Loss_G: 5854.6146 | Total_Iter: 12588
[4196/10001] End of Epoch | Avg_Loss_D: 132.2387 | Avg_Loss_G: 5857.6393 | Total_Iter: 12591
[4197/10001] End of Epoch | Avg_Loss_D: 66.7262 | Avg_Loss_G: 5857.0807 | Total_Iter: 12594
[4198/10001] End of Epoch | Avg_Loss_D: 58.1913 | Avg_Loss_G: 5859.6775 | Total_Iter: 12597
[4199/10001] End of Epoch | Avg_Loss_D: 57.8421 | Avg_Loss_G: 5863.8273 | Total_Iter: 12600
[4200/10001] End of Epoch | Avg_Loss_D: 50.4999 | Avg_Loss_G: 5864.7072 | Total_Iter: 12603
[4201/10001] End of Epoch | Avg_Loss_D: 147.2549 | Avg_Loss_G: 5864.2591 | Total_Iter: 12606
[4202/10001] End of Epoch | Avg_Loss_D: 97.7244 | Avg_Loss_G: 5867.1341 | Total_Iter: 12609
[4203/10001] End of Epoch | Avg_Loss_D: 54.5925 | Avg_Loss_G: 5867.5712 | Total_Iter: 12612
[4204/10001] End of Epoch | Avg_Loss_D: 89.6661 | Avg_Loss_G: 5869.7745 | Total_Iter: 12615
[4205/10001] End of Epoch | Avg_Loss_D: 43.9797 | Avg_Loss_G: 5870.1215 | Total_Iter: 12618
[4206/10001] End of Epoch | Avg_Loss_D: 44.7302 | Avg_Loss_G: 5870.9425 | Total_Iter: 12621
[4207/10001] End of Epoch | Avg_Loss_D: 39.9559 | Avg_Loss_G: 5872.0523 | Total_Iter: 12624
[4208/10001] End of Epoch | Avg_Loss_D: 39.1996 | Avg_Loss_G: 5872.2945 | Total_Iter: 12627
[4209/10001] End of Epoch | Avg_Loss_D: 34.5921 | Avg_Loss_G: 5870.3396 | Total_Iter: 12630
[4210/10001] End of Epoch | Avg_Loss_D: 33.3225 | Avg_Loss_G: 5873.0490 | Total_Iter: 12633
[4211/10001] End of Epoch | Avg_Loss_D: 31.7449 | Avg_Loss_G: 5873.9846 | Total_Iter: 12636
[4212/10001] End of Epoch | Avg_Loss_D: 38.5779 | Avg_Loss_G: 5873.1445 | Total_Iter: 12639
[4213/10001] End of Epoch | Avg_Loss_D: 37.8754 | Avg_Loss_G: 5875.1385 | Total_Iter: 12642
[4214/10001] End of Epoch | Avg_Loss_D: 26.6137 | Avg_Loss_G: 5876.3709 | Total_Iter: 12645
[4215/10001] End of Epoch | Avg_Loss_D: 36.5790 | Avg_Loss_G: 5873.5293 | Total_Iter: 12648
[4216/10001] End of Epoch | Avg_Loss_D: 44.7920 | Avg_Loss_G: 5878.7604 | Total_Iter: 12651
[4217/10001] End of Epoch | Avg_Loss_D: 42.2404 | Avg_Loss_G: 5876.1174 | Total_Iter: 12654
[4218/10001] End of Epoch | Avg_Loss_D: 40.6860 | Avg_Loss_G: 5878.2478 | Total_Iter: 12657
[4219/10001] End of Epoch | Avg_Loss_D: 40.6935 | Avg_Loss_G: 5879.6178 | Total_Iter: 12660
[4220/10001] End of Epoch | Avg_Loss_D: 28.0010 | Avg_Loss_G: 5879.9364 | Total_Iter: 12663
[4221/10001] End of Epoch | Avg_Loss_D: 36.6110 | Avg_Loss_G: 5880.5829 | Total_Iter: 12666
[4222/10001] End of Epoch | Avg_Loss_D: 32.0233 | Avg_Loss_G: 5880.6315 | Total_Iter: 12669
[4223/10001] End of Epoch | Avg_Loss_D: 36.2667 | Avg_Loss_G: 5879.1003 | Total_Iter: 12672
[4224/10001] End of Epoch | Avg_Loss_D: 35.2700 | Avg_Loss_G: 5882.8724 | Total_Iter: 12675
[4225/10001] End of Epoch | Avg_Loss_D: 32.5754 | Avg_Loss_G: 5880.1916 | Total_Iter: 12678
[4226/10001] End of Epoch | Avg_Loss_D: 37.7726 | Avg_Loss_G: 5882.3518 | Total_Iter: 12681
[4227/10001] End of Epoch | Avg_Loss_D: 18.5086 | Avg_Loss_G: 5882.9451 | Total_Iter: 12684
[4228/10001] End of Epoch | Avg_Loss_D: 39.6831 | Avg_Loss_G: 5883.4299 | Total_Iter: 12687
[4229/10001] End of Epoch | Avg_Loss_D: 42.1422 | Avg_Loss_G: 5882.1931 | Total_Iter: 12690
[4230/10001] End of Epoch | Avg_Loss_D: 39.7321 | Avg_Loss_G: 5884.3149 | Total_Iter: 12693
[4231/10001] End of Epoch | Avg_Loss_D: 32.5965 | Avg_Loss_G: 5883.4577 | Total_Iter: 12696
[4232/10001] End of Epoch | Avg_Loss_D: 32.8257 | Avg_Loss_G: 5885.2211 | Total_Iter: 12699
[4233/10001] End of Epoch | Avg_Loss_D: 40.0364 | Avg_Loss_G: 5883.9683 | Total_Iter: 12702
[4234/10001] End of Epoch | Avg_Loss_D: 43.9461 | Avg_Loss_G: 5883.4536 | Total_Iter: 12705
[4235/10001] End of Epoch | Avg_Loss_D: 15.4289 | Avg_Loss_G: 5883.3049 | Total_Iter: 12708
[4236/10001] End of Epoch | Avg_Loss_D: 22.1878 | Avg_Loss_G: 5885.7784 | Total_Iter: 12711
[4237/10001] End of Epoch | Avg_Loss_D: 26.6463 | Avg_Loss_G: 5883.5809 | Total_Iter: 12714
[4238/10001] End of Epoch | Avg_Loss_D: 12.7814 | Avg_Loss_G: 5885.3602 | Total_Iter: 12717
[4239/10001] End of Epoch | Avg_Loss_D: 43.0491 | Avg_Loss_G: 5885.2565 | Total_Iter: 12720
[4240/10001] End of Epoch | Avg_Loss_D: 25.3554 | Avg_Loss_G: 5883.3075 | Total_Iter: 12723
[4241/10001] End of Epoch | Avg_Loss_D: 15.4340 | Avg_Loss_G: 5883.5799 | Total_Iter: 12726
[4242/10001] End of Epoch | Avg_Loss_D: 17.1057 | Avg_Loss_G: 5886.2606 | Total_Iter: 12729
[4243/10001] End of Epoch | Avg_Loss_D: 16.5367 | Avg_Loss_G: 5887.4846 | Total_Iter: 12732
[4244/10001] End of Epoch | Avg_Loss_D: 31.2299 | Avg_Loss_G: 5884.2333 | Total_Iter: 12735
[4245/10001] End of Epoch | Avg_Loss_D: 51.4475 | Avg_Loss_G: 5886.7945 | Total_Iter: 12738
[4246/10001] End of Epoch | Avg_Loss_D: 16.5614 | Avg_Loss_G: 5887.1150 | Total_Iter: 12741
[4247/10001] End of Epoch | Avg_Loss_D: 25.5536 | Avg_Loss_G: 5886.0499 | Total_Iter: 12744
[4248/10001] End of Epoch | Avg_Loss_D: 16.3309 | Avg_Loss_G: 5885.1515 | Total_Iter: 12747
[4249/10001] End of Epoch | Avg_Loss_D: 18.1261 | Avg_Loss_G: 5885.0532 | Total_Iter: 12750
[4250/10001] End of Epoch | Avg_Loss_D: 23.1778 | Avg_Loss_G: 5884.4855 | Total_Iter: 12753
[4251/10001] End of Epoch | Avg_Loss_D: 10.1133 | Avg_Loss_G: 5885.4533 | Total_Iter: 12756
[4252/10001] End of Epoch | Avg_Loss_D: 10.7770 | Avg_Loss_G: 5886.9709 | Total_Iter: 12759
[4253/10001] End of Epoch | Avg_Loss_D: 23.4139 | Avg_Loss_G: 5885.6450 | Total_Iter: 12762
[4254/10001] End of Epoch | Avg_Loss_D: 23.0985 | Avg_Loss_G: 5886.9301 | Total_Iter: 12765
[4255/10001] End of Epoch | Avg_Loss_D: 18.4985 | Avg_Loss_G: 5888.8296 | Total_Iter: 12768
[4256/10001] End of Epoch | Avg_Loss_D: 20.2386 | Avg_Loss_G: 5887.4889 | Total_Iter: 12771
[4257/10001] End of Epoch | Avg_Loss_D: 16.7580 | Avg_Loss_G: 5887.6484 | Total_Iter: 12774
[4258/10001] End of Epoch | Avg_Loss_D: 23.8771 | Avg_Loss_G: 5888.0375 | Total_Iter: 12777
[4259/10001] End of Epoch | Avg_Loss_D: 15.3541 | Avg_Loss_G: 5887.4093 | Total_Iter: 12780
[4260/10001] End of Epoch | Avg_Loss_D: 14.8461 | Avg_Loss_G: 5887.2919 | Total_Iter: 12783
[4261/10001] End of Epoch | Avg_Loss_D: 10.3596 | Avg_Loss_G: 5885.2305 | Total_Iter: 12786
[4262/10001] End of Epoch | Avg_Loss_D: 9.9719 | Avg_Loss_G: 5889.1126 | Total_Iter: 12789
[4263/10001] End of Epoch | Avg_Loss_D: 15.9539 | Avg_Loss_G: 5883.9640 | Total_Iter: 12792
[4264/10001] End of Epoch | Avg_Loss_D: 17.4912 | Avg_Loss_G: 5887.5543 | Total_Iter: 12795
[4265/10001] End of Epoch | Avg_Loss_D: 41.8717 | Avg_Loss_G: 5885.4138 | Total_Iter: 12798
[4266/10001] End of Epoch | Avg_Loss_D: 20.9182 | Avg_Loss_G: 5885.9217 | Total_Iter: 12801
[4267/10001] End of Epoch | Avg_Loss_D: 17.1603 | Avg_Loss_G: 5886.4744 | Total_Iter: 12804
[4268/10001] End of Epoch | Avg_Loss_D: 29.5129 | Avg_Loss_G: 5887.8741 | Total_Iter: 12807
[4269/10001] End of Epoch | Avg_Loss_D: 29.1468 | Avg_Loss_G: 5885.0200 | Total_Iter: 12810
[4270/10001] End of Epoch | Avg_Loss_D: 9.5776 | Avg_Loss_G: 5886.9301 | Total_Iter: 12813
[4271/10001] End of Epoch | Avg_Loss_D: 19.1804 | Avg_Loss_G: 5883.4909 | Total_Iter: 12816
[4272/10001] End of Epoch | Avg_Loss_D: 15.4469 | Avg_Loss_G: 5883.2342 | Total_Iter: 12819
[4273/10001] End of Epoch | Avg_Loss_D: 24.5493 | Avg_Loss_G: 5885.6063 | Total_Iter: 12822
[4274/10001] End of Epoch | Avg_Loss_D: 22.1306 | Avg_Loss_G: 5884.9325 | Total_Iter: 12825
[4275/10001] End of Epoch | Avg_Loss_D: 20.3524 | Avg_Loss_G: 5883.4907 | Total_Iter: 12828
[4276/10001] End of Epoch | Avg_Loss_D: 16.0781 | Avg_Loss_G: 5884.3240 | Total_Iter: 12831
[4277/10001] End of Epoch | Avg_Loss_D: 17.1045 | Avg_Loss_G: 5884.4260 | Total_Iter: 12834
[4278/10001] End of Epoch | Avg_Loss_D: 7.3143 | Avg_Loss_G: 5886.4885 | Total_Iter: 12837
[4279/10001] End of Epoch | Avg_Loss_D: 7.9468 | Avg_Loss_G: 5883.5161 | Total_Iter: 12840
[4280/10001] End of Epoch | Avg_Loss_D: 15.0213 | Avg_Loss_G: 5885.1968 | Total_Iter: 12843
[4281/10001] End of Epoch | Avg_Loss_D: 13.9867 | Avg_Loss_G: 5885.6521 | Total_Iter: 12846
[4282/10001] End of Epoch | Avg_Loss_D: 1.8265 | Avg_Loss_G: 5879.8989 | Total_Iter: 12849
[4283/10001] End of Epoch | Avg_Loss_D: 9.3412 | Avg_Loss_G: 5879.5827 | Total_Iter: 12852
[4284/10001] End of Epoch | Avg_Loss_D: 13.9996 | Avg_Loss_G: 5882.7845 | Total_Iter: 12855
[4285/10001] End of Epoch | Avg_Loss_D: 11.0717 | Avg_Loss_G: 5886.9881 | Total_Iter: 12858
[4286/10001] End of Epoch | Avg_Loss_D: 2.0762 | Avg_Loss_G: 5886.0256 | Total_Iter: 12861
[4287/10001] End of Epoch | Avg_Loss_D: 3.8017 | Avg_Loss_G: 5886.4781 | Total_Iter: 12864
[4288/10001] End of Epoch | Avg_Loss_D: 20.7736 | Avg_Loss_G: 5883.7595 | Total_Iter: 12867
[4289/10001] End of Epoch | Avg_Loss_D: 1.2514 | Avg_Loss_G: 5887.8051 | Total_Iter: 12870
[4290/10001] End of Epoch | Avg_Loss_D: 7.0834 | Avg_Loss_G: 5885.2209 | Total_Iter: 12873
[4291/10001] End of Epoch | Avg_Loss_D: 23.8162 | Avg_Loss_G: 5885.6944 | Total_Iter: 12876
[4292/10001] End of Epoch | Avg_Loss_D: 4.4418 | Avg_Loss_G: 5887.4683 | Total_Iter: 12879
[4293/10001] End of Epoch | Avg_Loss_D: 1.5136 | Avg_Loss_G: 5886.8650 | Total_Iter: 12882
[4294/10001] End of Epoch | Avg_Loss_D: 15.9108 | Avg_Loss_G: 5888.5788 | Total_Iter: 12885
[4295/10001] End of Epoch | Avg_Loss_D: 2.7314 | Avg_Loss_G: 5885.2348 | Total_Iter: 12888
[4296/10001] End of Epoch | Avg_Loss_D: 13.5309 | Avg_Loss_G: 5886.8963 | Total_Iter: 12891
[4297/10001] End of Epoch | Avg_Loss_D: 10.3418 | Avg_Loss_G: 5888.5039 | Total_Iter: 12894
[4298/10001] End of Epoch | Avg_Loss_D: 12.6811 | Avg_Loss_G: 5887.9642 | Total_Iter: 12897
[4299/10001] End of Epoch | Avg_Loss_D: 10.5177 | Avg_Loss_G: 5885.8294 | Total_Iter: 12900
[4300/10001] End of Epoch | Avg_Loss_D: 15.0757 | Avg_Loss_G: 5888.0781 | Total_Iter: 12903
[4301/10001] End of Epoch | Avg_Loss_D: 3.9519 | Avg_Loss_G: 5889.0050 | Total_Iter: 12906
[4302/10001] End of Epoch | Avg_Loss_D: 10.7082 | Avg_Loss_G: 5887.4464 | Total_Iter: 12909
[4303/10001] End of Epoch | Avg_Loss_D: 5.1558 | Avg_Loss_G: 5887.4720 | Total_Iter: 12912
[4304/10001] End of Epoch | Avg_Loss_D: 10.3992 | Avg_Loss_G: 5887.6599 | Total_Iter: 12915
[4305/10001] End of Epoch | Avg_Loss_D: 5.5888 | Avg_Loss_G: 5887.4698 | Total_Iter: 12918
[4306/10001] End of Epoch | Avg_Loss_D: 9.3563 | Avg_Loss_G: 5888.1890 | Total_Iter: 12921
[4307/10001] End of Epoch | Avg_Loss_D: 1.1891 | Avg_Loss_G: 5889.8770 | Total_Iter: 12924
[4308/10001] End of Epoch | Avg_Loss_D: 8.2886 | Avg_Loss_G: 5889.3010 | Total_Iter: 12927
[4309/10001] End of Epoch | Avg_Loss_D: 9.2904 | Avg_Loss_G: 5889.0089 | Total_Iter: 12930
[4310/10001] End of Epoch | Avg_Loss_D: 9.9290 | Avg_Loss_G: 5890.4772 | Total_Iter: 12933
[4311/10001] End of Epoch | Avg_Loss_D: 4.8810 | Avg_Loss_G: 5886.9766 | Total_Iter: 12936
[4312/10001] End of Epoch | Avg_Loss_D: 7.2537 | Avg_Loss_G: 5888.2040 | Total_Iter: 12939
[4313/10001] End of Epoch | Avg_Loss_D: 14.4136 | Avg_Loss_G: 5888.2077 | Total_Iter: 12942
[4314/10001] End of Epoch | Avg_Loss_D: 3.0198 | Avg_Loss_G: 5889.9475 | Total_Iter: 12945
[4315/10001] End of Epoch | Avg_Loss_D: 2.2485 | Avg_Loss_G: 5887.6500 | Total_Iter: 12948
[4316/10001] End of Epoch | Avg_Loss_D: 1.4297 | Avg_Loss_G: 5889.8344 | Total_Iter: 12951
[4317/10001] End of Epoch | Avg_Loss_D: -0.6586 | Avg_Loss_G: 5888.9740 | Total_Iter: 12954
[4318/10001] End of Epoch | Avg_Loss_D: 9.6606 | Avg_Loss_G: 5889.5072 | Total_Iter: 12957
[4319/10001] End of Epoch | Avg_Loss_D: 3.2711 | Avg_Loss_G: 5888.1619 | Total_Iter: 12960
[4320/10001] End of Epoch | Avg_Loss_D: 5.0490 | Avg_Loss_G: 5890.0812 | Total_Iter: 12963
[4321/10001] End of Epoch | Avg_Loss_D: 7.9479 | Avg_Loss_G: 5889.0508 | Total_Iter: 12966
[4322/10001] End of Epoch | Avg_Loss_D: 0.4295 | Avg_Loss_G: 5890.1688 | Total_Iter: 12969
[4323/10001] End of Epoch | Avg_Loss_D: -1.3109 | Avg_Loss_G: 5889.5814 | Total_Iter: 12972
[4324/10001] End of Epoch | Avg_Loss_D: 3.7187 | Avg_Loss_G: 5890.9164 | Total_Iter: 12975
[4325/10001] End of Epoch | Avg_Loss_D: 4.6497 | Avg_Loss_G: 5890.2092 | Total_Iter: 12978
[4326/10001] End of Epoch | Avg_Loss_D: 4.6817 | Avg_Loss_G: 5887.2313 | Total_Iter: 12981
[4327/10001] End of Epoch | Avg_Loss_D: 10.8641 | Avg_Loss_G: 5885.4073 | Total_Iter: 12984
[4328/10001] End of Epoch | Avg_Loss_D: 13.4496 | Avg_Loss_G: 5888.2810 | Total_Iter: 12987
[4329/10001] End of Epoch | Avg_Loss_D: 4.8708 | Avg_Loss_G: 5889.2198 | Total_Iter: 12990
[4330/10001] End of Epoch | Avg_Loss_D: 7.8546 | Avg_Loss_G: 5890.1181 | Total_Iter: 12993
[4331/10001] End of Epoch | Avg_Loss_D: 10.3895 | Avg_Loss_G: 5889.7834 | Total_Iter: 12996
[4332/10001] End of Epoch | Avg_Loss_D: -0.0119 | Avg_Loss_G: 5889.6671 | Total_Iter: 12999
[4333/10001] End of Epoch | Avg_Loss_D: 6.9916 | Avg_Loss_G: 5888.2402 | Total_Iter: 13002
[4334/10001] End of Epoch | Avg_Loss_D: 2.2601 | Avg_Loss_G: 5889.2083 | Total_Iter: 13005
[4335/10001] End of Epoch | Avg_Loss_D: 7.2752 | Avg_Loss_G: 5887.9449 | Total_Iter: 13008
[4336/10001] End of Epoch | Avg_Loss_D: 1.8293 | Avg_Loss_G: 5889.1799 | Total_Iter: 13011
[4337/10001] End of Epoch | Avg_Loss_D: 21.0927 | Avg_Loss_G: 5890.5573 | Total_Iter: 13014
[4338/10001] End of Epoch | Avg_Loss_D: 4.0741 | Avg_Loss_G: 5892.3785 | Total_Iter: 13017
[4339/10001] End of Epoch | Avg_Loss_D: 6.0529 | Avg_Loss_G: 5888.2956 | Total_Iter: 13020
[4340/10001] End of Epoch | Avg_Loss_D: 3.8576 | Avg_Loss_G: 5890.5599 | Total_Iter: 13023
[4341/10001] End of Epoch | Avg_Loss_D: 7.8960 | Avg_Loss_G: 5889.5460 | Total_Iter: 13026
[4342/10001] End of Epoch | Avg_Loss_D: 4.8740 | Avg_Loss_G: 5887.6115 | Total_Iter: 13029
[4343/10001] End of Epoch | Avg_Loss_D: 1.6846 | Avg_Loss_G: 5886.6000 | Total_Iter: 13032
[4344/10001] End of Epoch | Avg_Loss_D: 2.4938 | Avg_Loss_G: 5888.2480 | Total_Iter: 13035
[4345/10001] End of Epoch | Avg_Loss_D: 1.2907 | Avg_Loss_G: 5885.9269 | Total_Iter: 13038
[4346/10001] End of Epoch | Avg_Loss_D: -1.3693 | Avg_Loss_G: 5887.4293 | Total_Iter: 13041
[4347/10001] End of Epoch | Avg_Loss_D: 4.4208 | Avg_Loss_G: 5889.1999 | Total_Iter: 13044
[4348/10001] End of Epoch | Avg_Loss_D: 8.1232 | Avg_Loss_G: 5887.9128 | Total_Iter: 13047
[4349/10001] End of Epoch | Avg_Loss_D: -1.5007 | Avg_Loss_G: 5887.7335 | Total_Iter: 13050
[4350/10001] End of Epoch | Avg_Loss_D: 1.3236 | Avg_Loss_G: 5888.1237 | Total_Iter: 13053
[4351/10001] End of Epoch | Avg_Loss_D: 4.2390 | Avg_Loss_G: 5890.4236 | Total_Iter: 13056
[4352/10001] End of Epoch | Avg_Loss_D: 1.4767 | Avg_Loss_G: 5890.1510 | Total_Iter: 13059
[4353/10001] End of Epoch | Avg_Loss_D: 5.5392 | Avg_Loss_G: 5890.1990 | Total_Iter: 13062
[4354/10001] End of Epoch | Avg_Loss_D: -2.3435 | Avg_Loss_G: 5888.4980 | Total_Iter: 13065
[4355/10001] End of Epoch | Avg_Loss_D: 5.2310 | Avg_Loss_G: 5889.7411 | Total_Iter: 13068
[4356/10001] End of Epoch | Avg_Loss_D: 4.2454 | Avg_Loss_G: 5888.6181 | Total_Iter: 13071
[4357/10001] End of Epoch | Avg_Loss_D: -1.6902 | Avg_Loss_G: 5889.9970 | Total_Iter: 13074
[4358/10001] End of Epoch | Avg_Loss_D: -1.5424 | Avg_Loss_G: 5889.3307 | Total_Iter: 13077
[4359/10001] End of Epoch | Avg_Loss_D: 2.2131 | Avg_Loss_G: 5888.2116 | Total_Iter: 13080
[4360/10001] End of Epoch | Avg_Loss_D: -3.2917 | Avg_Loss_G: 5887.8336 | Total_Iter: 13083
[4361/10001] End of Epoch | Avg_Loss_D: 1.0111 | Avg_Loss_G: 5888.9377 | Total_Iter: 13086
[4362/10001] End of Epoch | Avg_Loss_D: -1.8404 | Avg_Loss_G: 5888.1645 | Total_Iter: 13089
[4363/10001] End of Epoch | Avg_Loss_D: 12.6977 | Avg_Loss_G: 5888.8722 | Total_Iter: 13092
[4364/10001] End of Epoch | Avg_Loss_D: -2.4567 | Avg_Loss_G: 5889.0365 | Total_Iter: 13095
[4365/10001] End of Epoch | Avg_Loss_D: -0.8708 | Avg_Loss_G: 5887.7118 | Total_Iter: 13098
[4366/10001] End of Epoch | Avg_Loss_D: 0.5750 | Avg_Loss_G: 5886.7808 | Total_Iter: 13101
[4367/10001] End of Epoch | Avg_Loss_D: -4.3683 | Avg_Loss_G: 5886.9633 | Total_Iter: 13104
[4368/10001] End of Epoch | Avg_Loss_D: 3.5669 | Avg_Loss_G: 5887.9136 | Total_Iter: 13107
[4369/10001] End of Epoch | Avg_Loss_D: -0.4759 | Avg_Loss_G: 5886.7465 | Total_Iter: 13110
[4370/10001] End of Epoch | Avg_Loss_D: -0.8989 | Avg_Loss_G: 5889.0004 | Total_Iter: 13113
[4371/10001] End of Epoch | Avg_Loss_D: -2.6570 | Avg_Loss_G: 5887.4694 | Total_Iter: 13116
[4372/10001] End of Epoch | Avg_Loss_D: -0.3109 | Avg_Loss_G: 5887.9112 | Total_Iter: 13119
[4373/10001] End of Epoch | Avg_Loss_D: -3.3745 | Avg_Loss_G: 5889.4071 | Total_Iter: 13122
[4374/10001] End of Epoch | Avg_Loss_D: -3.6697 | Avg_Loss_G: 5888.2563 | Total_Iter: 13125
[4375/10001] End of Epoch | Avg_Loss_D: -1.8013 | Avg_Loss_G: 5886.1024 | Total_Iter: 13128
[4376/10001] End of Epoch | Avg_Loss_D: -2.7403 | Avg_Loss_G: 5886.9625 | Total_Iter: 13131
[4377/10001] End of Epoch | Avg_Loss_D: -0.3709 | Avg_Loss_G: 5890.2181 | Total_Iter: 13134
[4378/10001] End of Epoch | Avg_Loss_D: 2.9454 | Avg_Loss_G: 5891.1832 | Total_Iter: 13137
[4379/10001] End of Epoch | Avg_Loss_D: 0.8472 | Avg_Loss_G: 5890.6773 | Total_Iter: 13140
[4380/10001] End of Epoch | Avg_Loss_D: -1.1726 | Avg_Loss_G: 5890.1374 | Total_Iter: 13143
[4381/10001] End of Epoch | Avg_Loss_D: 3.9275 | Avg_Loss_G: 5891.2711 | Total_Iter: 13146
[4382/10001] End of Epoch | Avg_Loss_D: -2.4610 | Avg_Loss_G: 5890.8694 | Total_Iter: 13149
[4383/10001] End of Epoch | Avg_Loss_D: -1.1044 | Avg_Loss_G: 5886.3296 | Total_Iter: 13152
[4384/10001] End of Epoch | Avg_Loss_D: -2.9392 | Avg_Loss_G: 5888.5139 | Total_Iter: 13155
[4385/10001] End of Epoch | Avg_Loss_D: -2.1071 | Avg_Loss_G: 5887.8585 | Total_Iter: 13158
[4386/10001] End of Epoch | Avg_Loss_D: -2.8320 | Avg_Loss_G: 5889.9286 | Total_Iter: 13161
[4387/10001] End of Epoch | Avg_Loss_D: 2.1383 | Avg_Loss_G: 5888.6556 | Total_Iter: 13164
[4388/10001] End of Epoch | Avg_Loss_D: -4.6510 | Avg_Loss_G: 5887.9668 | Total_Iter: 13167
[4389/10001] End of Epoch | Avg_Loss_D: 1.8888 | Avg_Loss_G: 5887.9711 | Total_Iter: 13170
[4390/10001] End of Epoch | Avg_Loss_D: -1.4546 | Avg_Loss_G: 5887.8733 | Total_Iter: 13173
[4391/10001] End of Epoch | Avg_Loss_D: -0.9875 | Avg_Loss_G: 5888.2224 | Total_Iter: 13176
[4392/10001] End of Epoch | Avg_Loss_D: -0.4659 | Avg_Loss_G: 5885.8559 | Total_Iter: 13179
[4393/10001] End of Epoch | Avg_Loss_D: 0.6810 | Avg_Loss_G: 5888.4410 | Total_Iter: 13182
[4394/10001] End of Epoch | Avg_Loss_D: -2.5440 | Avg_Loss_G: 5885.7088 | Total_Iter: 13185
[4395/10001] End of Epoch | Avg_Loss_D: 3.1465 | Avg_Loss_G: 5885.3429 | Total_Iter: 13188
[4396/10001] End of Epoch | Avg_Loss_D: -7.8820 | Avg_Loss_G: 5884.6230 | Total_Iter: 13191
[4397/10001] End of Epoch | Avg_Loss_D: 6.2384 | Avg_Loss_G: 5886.1061 | Total_Iter: 13194
[4398/10001] End of Epoch | Avg_Loss_D: -1.7022 | Avg_Loss_G: 5886.7914 | Total_Iter: 13197
[4399/10001] End of Epoch | Avg_Loss_D: -2.9588 | Avg_Loss_G: 5886.8440 | Total_Iter: 13200
[4400/10001] End of Epoch | Avg_Loss_D: -1.4630 | Avg_Loss_G: 5887.7849 | Total_Iter: 13203
[4401/10001] End of Epoch | Avg_Loss_D: -5.7810 | Avg_Loss_G: 5888.0312 | Total_Iter: 13206
[4402/10001] End of Epoch | Avg_Loss_D: -0.9947 | Avg_Loss_G: 5886.6693 | Total_Iter: 13209
[4403/10001] End of Epoch | Avg_Loss_D: -1.4692 | Avg_Loss_G: 5883.8932 | Total_Iter: 13212
[4404/10001] End of Epoch | Avg_Loss_D: -4.2807 | Avg_Loss_G: 5883.3767 | Total_Iter: 13215
[4405/10001] End of Epoch | Avg_Loss_D: -1.1495 | Avg_Loss_G: 5885.2472 | Total_Iter: 13218
[4406/10001] End of Epoch | Avg_Loss_D: 1.2156 | Avg_Loss_G: 5883.2472 | Total_Iter: 13221
[4407/10001] End of Epoch | Avg_Loss_D: -2.4814 | Avg_Loss_G: 5883.3058 | Total_Iter: 13224
[4408/10001] End of Epoch | Avg_Loss_D: -0.2307 | Avg_Loss_G: 5884.2203 | Total_Iter: 13227
[4409/10001] End of Epoch | Avg_Loss_D: 0.0379 | Avg_Loss_G: 5885.9227 | Total_Iter: 13230
[4410/10001] End of Epoch | Avg_Loss_D: -2.2137 | Avg_Loss_G: 5884.5482 | Total_Iter: 13233
[4411/10001] End of Epoch | Avg_Loss_D: -7.5549 | Avg_Loss_G: 5883.7172 | Total_Iter: 13236
[4412/10001] End of Epoch | Avg_Loss_D: -0.8517 | Avg_Loss_G: 5885.2543 | Total_Iter: 13239
[4413/10001] End of Epoch | Avg_Loss_D: 2.9566 | Avg_Loss_G: 5884.6165 | Total_Iter: 13242
[4414/10001] End of Epoch | Avg_Loss_D: 1.2357 | Avg_Loss_G: 5883.8110 | Total_Iter: 13245
[4415/10001] End of Epoch | Avg_Loss_D: -5.7277 | Avg_Loss_G: 5885.4280 | Total_Iter: 13248
[4416/10001] End of Epoch | Avg_Loss_D: -5.5905 | Avg_Loss_G: 5885.0082 | Total_Iter: 13251
[4417/10001] End of Epoch | Avg_Loss_D: 3.8460 | Avg_Loss_G: 5886.6580 | Total_Iter: 13254
[4418/10001] End of Epoch | Avg_Loss_D: -6.3385 | Avg_Loss_G: 5885.3455 | Total_Iter: 13257
[4419/10001] End of Epoch | Avg_Loss_D: -6.6128 | Avg_Loss_G: 5883.9017 | Total_Iter: 13260
[4420/10001] End of Epoch | Avg_Loss_D: -1.1411 | Avg_Loss_G: 5885.5423 | Total_Iter: 13263
[4421/10001] End of Epoch | Avg_Loss_D: -4.8105 | Avg_Loss_G: 5882.5141 | Total_Iter: 13266
[4422/10001] End of Epoch | Avg_Loss_D: -0.7257 | Avg_Loss_G: 5885.4891 | Total_Iter: 13269
[4423/10001] End of Epoch | Avg_Loss_D: -2.2890 | Avg_Loss_G: 5885.7676 | Total_Iter: 13272
[4424/10001] End of Epoch | Avg_Loss_D: -5.4876 | Avg_Loss_G: 5884.1704 | Total_Iter: 13275
[4425/10001] End of Epoch | Avg_Loss_D: -7.4750 | Avg_Loss_G: 5885.8142 | Total_Iter: 13278
[4426/10001] End of Epoch | Avg_Loss_D: 3.5995 | Avg_Loss_G: 5884.0200 | Total_Iter: 13281
[4427/10001] End of Epoch | Avg_Loss_D: -2.8437 | Avg_Loss_G: 5881.2836 | Total_Iter: 13284
[4428/10001] End of Epoch | Avg_Loss_D: -2.9768 | Avg_Loss_G: 5882.3702 | Total_Iter: 13287
[4429/10001] End of Epoch | Avg_Loss_D: -1.5361 | Avg_Loss_G: 5881.4540 | Total_Iter: 13290
[4430/10001] End of Epoch | Avg_Loss_D: -4.2631 | Avg_Loss_G: 5884.4887 | Total_Iter: 13293
[4431/10001] End of Epoch | Avg_Loss_D: -2.5508 | Avg_Loss_G: 5883.1085 | Total_Iter: 13296
[4432/10001] End of Epoch | Avg_Loss_D: -4.9243 | Avg_Loss_G: 5882.7967 | Total_Iter: 13299
[4433/10001] End of Epoch | Avg_Loss_D: 3.9776 | Avg_Loss_G: 5879.8316 | Total_Iter: 13302
[4434/10001] End of Epoch | Avg_Loss_D: -3.3184 | Avg_Loss_G: 5882.1265 | Total_Iter: 13305
[4435/10001] End of Epoch | Avg_Loss_D: -8.5245 | Avg_Loss_G: 5881.3227 | Total_Iter: 13308
[4436/10001] End of Epoch | Avg_Loss_D: 0.3636 | Avg_Loss_G: 5882.6313 | Total_Iter: 13311
[4437/10001] End of Epoch | Avg_Loss_D: -3.3241 | Avg_Loss_G: 5885.0464 | Total_Iter: 13314
[4438/10001] End of Epoch | Avg_Loss_D: -1.0062 | Avg_Loss_G: 5882.6296 | Total_Iter: 13317
[4439/10001] End of Epoch | Avg_Loss_D: -4.4001 | Avg_Loss_G: 5881.6161 | Total_Iter: 13320
[4440/10001] End of Epoch | Avg_Loss_D: -6.8131 | Avg_Loss_G: 5879.6161 | Total_Iter: 13323
[4441/10001] End of Epoch | Avg_Loss_D: -0.1990 | Avg_Loss_G: 5883.7643 | Total_Iter: 13326
[4442/10001] End of Epoch | Avg_Loss_D: -5.2365 | Avg_Loss_G: 5883.3216 | Total_Iter: 13329
[4443/10001] End of Epoch | Avg_Loss_D: -3.9548 | Avg_Loss_G: 5884.2198 | Total_Iter: 13332
[4444/10001] End of Epoch | Avg_Loss_D: -2.9867 | Avg_Loss_G: 5880.8648 | Total_Iter: 13335
[4445/10001] End of Epoch | Avg_Loss_D: -3.8818 | Avg_Loss_G: 5882.5777 | Total_Iter: 13338
[4446/10001] End of Epoch | Avg_Loss_D: -4.3309 | Avg_Loss_G: 5880.9473 | Total_Iter: 13341
[4447/10001] End of Epoch | Avg_Loss_D: -2.7994 | Avg_Loss_G: 5878.6717 | Total_Iter: 13344
[4448/10001] End of Epoch | Avg_Loss_D: -1.9381 | Avg_Loss_G: 5877.8635 | Total_Iter: 13347
[4449/10001] End of Epoch | Avg_Loss_D: -2.3255 | Avg_Loss_G: 5880.8171 | Total_Iter: 13350
[4450/10001] End of Epoch | Avg_Loss_D: -7.5744 | Avg_Loss_G: 5877.5801 | Total_Iter: 13353
[4451/10001] End of Epoch | Avg_Loss_D: 8.7534 | Avg_Loss_G: 5880.0614 | Total_Iter: 13356
[4452/10001] End of Epoch | Avg_Loss_D: -6.7858 | Avg_Loss_G: 5882.8016 | Total_Iter: 13359
[4453/10001] End of Epoch | Avg_Loss_D: -8.2280 | Avg_Loss_G: 5880.1708 | Total_Iter: 13362
[4454/10001] End of Epoch | Avg_Loss_D: -8.6897 | Avg_Loss_G: 5881.3513 | Total_Iter: 13365
[4455/10001] End of Epoch | Avg_Loss_D: -7.2213 | Avg_Loss_G: 5877.5323 | Total_Iter: 13368
[4456/10001] End of Epoch | Avg_Loss_D: -3.6319 | Avg_Loss_G: 5876.9659 | Total_Iter: 13371
[4457/10001] End of Epoch | Avg_Loss_D: -4.0415 | Avg_Loss_G: 5873.9397 | Total_Iter: 13374
[4458/10001] End of Epoch | Avg_Loss_D: -2.8910 | Avg_Loss_G: 5875.7930 | Total_Iter: 13377
[4459/10001] End of Epoch | Avg_Loss_D: -3.1705 | Avg_Loss_G: 5879.6497 | Total_Iter: 13380
[4460/10001] End of Epoch | Avg_Loss_D: 1.6599 | Avg_Loss_G: 5879.1977 | Total_Iter: 13383
[4461/10001] End of Epoch | Avg_Loss_D: -3.8288 | Avg_Loss_G: 5878.1215 | Total_Iter: 13386
[4462/10001] End of Epoch | Avg_Loss_D: -7.1691 | Avg_Loss_G: 5876.1239 | Total_Iter: 13389
[4463/10001] End of Epoch | Avg_Loss_D: -3.3860 | Avg_Loss_G: 5877.3776 | Total_Iter: 13392
[4464/10001] End of Epoch | Avg_Loss_D: 3.7740 | Avg_Loss_G: 5879.3218 | Total_Iter: 13395
[4465/10001] End of Epoch | Avg_Loss_D: -3.2075 | Avg_Loss_G: 5882.2500 | Total_Iter: 13398
[4466/10001] End of Epoch | Avg_Loss_D: -4.1270 | Avg_Loss_G: 5879.7613 | Total_Iter: 13401
[4467/10001] End of Epoch | Avg_Loss_D: -11.9607 | Avg_Loss_G: 5878.4859 | Total_Iter: 13404
[4468/10001] End of Epoch | Avg_Loss_D: -6.7268 | Avg_Loss_G: 5880.3056 | Total_Iter: 13407
[4469/10001] End of Epoch | Avg_Loss_D: -10.7544 | Avg_Loss_G: 5878.7129 | Total_Iter: 13410
[4470/10001] End of Epoch | Avg_Loss_D: -9.5610 | Avg_Loss_G: 5878.3887 | Total_Iter: 13413
[4471/10001] End of Epoch | Avg_Loss_D: -9.9879 | Avg_Loss_G: 5876.6417 | Total_Iter: 13416
[4472/10001] End of Epoch | Avg_Loss_D: -2.6868 | Avg_Loss_G: 5877.3902 | Total_Iter: 13419
[4473/10001] End of Epoch | Avg_Loss_D: -6.9274 | Avg_Loss_G: 5877.5480 | Total_Iter: 13422
[4474/10001] End of Epoch | Avg_Loss_D: -2.8760 | Avg_Loss_G: 5879.5690 | Total_Iter: 13425
[4475/10001] End of Epoch | Avg_Loss_D: -5.3193 | Avg_Loss_G: 5877.9470 | Total_Iter: 13428
[4476/10001] End of Epoch | Avg_Loss_D: -17.8089 | Avg_Loss_G: 5875.6951 | Total_Iter: 13431
[4477/10001] End of Epoch | Avg_Loss_D: -9.4937 | Avg_Loss_G: 5876.8058 | Total_Iter: 13434
[4478/10001] End of Epoch | Avg_Loss_D: 2.2847 | Avg_Loss_G: 5876.9492 | Total_Iter: 13437
[4479/10001] End of Epoch | Avg_Loss_D: -4.0338 | Avg_Loss_G: 5878.9019 | Total_Iter: 13440
[4480/10001] End of Epoch | Avg_Loss_D: -6.0912 | Avg_Loss_G: 5876.7509 | Total_Iter: 13443
[4481/10001] End of Epoch | Avg_Loss_D: -4.7480 | Avg_Loss_G: 5874.0942 | Total_Iter: 13446
[4482/10001] End of Epoch | Avg_Loss_D: -8.5054 | Avg_Loss_G: 5876.7049 | Total_Iter: 13449
[4483/10001] End of Epoch | Avg_Loss_D: -5.4989 | Avg_Loss_G: 5877.3179 | Total_Iter: 13452
[4484/10001] End of Epoch | Avg_Loss_D: -8.9144 | Avg_Loss_G: 5875.7847 | Total_Iter: 13455
[4485/10001] End of Epoch | Avg_Loss_D: 7.2229 | Avg_Loss_G: 5876.4071 | Total_Iter: 13458
[4486/10001] End of Epoch | Avg_Loss_D: -10.6996 | Avg_Loss_G: 5876.1181 | Total_Iter: 13461
[4487/10001] End of Epoch | Avg_Loss_D: -7.7255 | Avg_Loss_G: 5879.1302 | Total_Iter: 13464
[4488/10001] End of Epoch | Avg_Loss_D: -10.5491 | Avg_Loss_G: 5877.3650 | Total_Iter: 13467
[4489/10001] End of Epoch | Avg_Loss_D: -7.0245 | Avg_Loss_G: 5879.0037 | Total_Iter: 13470
[4490/10001] End of Epoch | Avg_Loss_D: 2.7821 | Avg_Loss_G: 5877.0796 | Total_Iter: 13473
[4491/10001] End of Epoch | Avg_Loss_D: -6.5250 | Avg_Loss_G: 5878.0252 | Total_Iter: 13476
[4492/10001] End of Epoch | Avg_Loss_D: -7.9045 | Avg_Loss_G: 5876.9991 | Total_Iter: 13479
[4493/10001] End of Epoch | Avg_Loss_D: -7.0638 | Avg_Loss_G: 5873.2567 | Total_Iter: 13482
[4494/10001] End of Epoch | Avg_Loss_D: -7.8136 | Avg_Loss_G: 5873.8247 | Total_Iter: 13485
[4495/10001] End of Epoch | Avg_Loss_D: -0.8293 | Avg_Loss_G: 5874.3422 | Total_Iter: 13488
[4496/10001] End of Epoch | Avg_Loss_D: 3.4427 | Avg_Loss_G: 5875.9082 | Total_Iter: 13491
[4497/10001] End of Epoch | Avg_Loss_D: -7.2558 | Avg_Loss_G: 5874.0343 | Total_Iter: 13494
[4498/10001] End of Epoch | Avg_Loss_D: 8.3861 | Avg_Loss_G: 5875.2834 | Total_Iter: 13497
[4499/10001] End of Epoch | Avg_Loss_D: 0.6010 | Avg_Loss_G: 5873.7565 | Total_Iter: 13500
[4500/10001] End of Epoch | Avg_Loss_D: -11.0272 | Avg_Loss_G: 5870.2161 | Total_Iter: 13503
[4501/10001] End of Epoch | Avg_Loss_D: -5.2344 | Avg_Loss_G: 5870.0339 | Total_Iter: 13506
[4502/10001] End of Epoch | Avg_Loss_D: -8.3389 | Avg_Loss_G: 5872.2474 | Total_Iter: 13509
[4503/10001] End of Epoch | Avg_Loss_D: -0.8320 | Avg_Loss_G: 5863.6061 | Total_Iter: 13512
[4504/10001] End of Epoch | Avg_Loss_D: 2.5670 | Avg_Loss_G: 5871.2635 | Total_Iter: 13515
[4505/10001] End of Epoch | Avg_Loss_D: -5.0197 | Avg_Loss_G: 5868.7359 | Total_Iter: 13518
[4506/10001] End of Epoch | Avg_Loss_D: -11.8469 | Avg_Loss_G: 5871.3166 | Total_Iter: 13521
[4507/10001] End of Epoch | Avg_Loss_D: -13.9434 | Avg_Loss_G: 5870.5367 | Total_Iter: 13524
[4508/10001] End of Epoch | Avg_Loss_D: -6.2296 | Avg_Loss_G: 5872.2587 | Total_Iter: 13527
[4509/10001] End of Epoch | Avg_Loss_D: -0.9686 | Avg_Loss_G: 5872.1100 | Total_Iter: 13530
[4510/10001] End of Epoch | Avg_Loss_D: -12.7374 | Avg_Loss_G: 5871.6055 | Total_Iter: 13533
[4511/10001] End of Epoch | Avg_Loss_D: -7.4006 | Avg_Loss_G: 5872.7153 | Total_Iter: 13536
[4512/10001] End of Epoch | Avg_Loss_D: -8.5573 | Avg_Loss_G: 5868.8913 | Total_Iter: 13539
[4513/10001] End of Epoch | Avg_Loss_D: -10.1382 | Avg_Loss_G: 5871.5647 | Total_Iter: 13542
[4514/10001] End of Epoch | Avg_Loss_D: -6.3117 | Avg_Loss_G: 5871.7196 | Total_Iter: 13545
[4515/10001] End of Epoch | Avg_Loss_D: -10.3592 | Avg_Loss_G: 5868.7448 | Total_Iter: 13548
[4516/10001] End of Epoch | Avg_Loss_D: -10.3287 | Avg_Loss_G: 5868.9631 | Total_Iter: 13551
[4517/10001] End of Epoch | Avg_Loss_D: -9.0362 | Avg_Loss_G: 5869.8142 | Total_Iter: 13554
[4518/10001] End of Epoch | Avg_Loss_D: 5.7292 | Avg_Loss_G: 5867.7684 | Total_Iter: 13557
[4519/10001] End of Epoch | Avg_Loss_D: -0.4109 | Avg_Loss_G: 5867.7711 | Total_Iter: 13560
[4520/10001] End of Epoch | Avg_Loss_D: -11.9210 | Avg_Loss_G: 5867.7103 | Total_Iter: 13563
[4521/10001] End of Epoch | Avg_Loss_D: -7.5141 | Avg_Loss_G: 5868.3978 | Total_Iter: 13566
[4522/10001] End of Epoch | Avg_Loss_D: -6.4867 | Avg_Loss_G: 5865.7335 | Total_Iter: 13569
[4523/10001] End of Epoch | Avg_Loss_D: -12.7382 | Avg_Loss_G: 5866.3828 | Total_Iter: 13572
[4524/10001] End of Epoch | Avg_Loss_D: -10.2168 | Avg_Loss_G: 5863.6845 | Total_Iter: 13575
[4525/10001] End of Epoch | Avg_Loss_D: -8.7158 | Avg_Loss_G: 5866.5087 | Total_Iter: 13578
[4526/10001] End of Epoch | Avg_Loss_D: -8.3412 | Avg_Loss_G: 5866.1413 | Total_Iter: 13581
[4527/10001] End of Epoch | Avg_Loss_D: -5.7366 | Avg_Loss_G: 5860.5625 | Total_Iter: 13584
[4528/10001] End of Epoch | Avg_Loss_D: -10.2479 | Avg_Loss_G: 5863.7622 | Total_Iter: 13587
[4529/10001] End of Epoch | Avg_Loss_D: -9.5955 | Avg_Loss_G: 5861.8027 | Total_Iter: 13590
[4530/10001] End of Epoch | Avg_Loss_D: -8.7390 | Avg_Loss_G: 5861.1738 | Total_Iter: 13593
[4531/10001] End of Epoch | Avg_Loss_D: -10.2385 | Avg_Loss_G: 5862.3911 | Total_Iter: 13596
[4532/10001] End of Epoch | Avg_Loss_D: -15.9574 | Avg_Loss_G: 5859.3544 | Total_Iter: 13599
[4533/10001] End of Epoch | Avg_Loss_D: -9.2520 | Avg_Loss_G: 5862.0408 | Total_Iter: 13602
[4534/10001] End of Epoch | Avg_Loss_D: -10.1547 | Avg_Loss_G: 5865.1517 | Total_Iter: 13605
[4535/10001] End of Epoch | Avg_Loss_D: 2.2411 | Avg_Loss_G: 5862.9733 | Total_Iter: 13608
[4536/10001] End of Epoch | Avg_Loss_D: -1.7018 | Avg_Loss_G: 5859.7287 | Total_Iter: 13611
[4537/10001] End of Epoch | Avg_Loss_D: -9.8780 | Avg_Loss_G: 5861.7433 | Total_Iter: 13614
[4538/10001] End of Epoch | Avg_Loss_D: -15.1690 | Avg_Loss_G: 5860.0892 | Total_Iter: 13617
[4539/10001] End of Epoch | Avg_Loss_D: -4.5792 | Avg_Loss_G: 5865.6278 | Total_Iter: 13620
[4540/10001] End of Epoch | Avg_Loss_D: 0.3494 | Avg_Loss_G: 5860.2036 | Total_Iter: 13623
[4541/10001] End of Epoch | Avg_Loss_D: -11.5663 | Avg_Loss_G: 5859.0836 | Total_Iter: 13626
[4542/10001] End of Epoch | Avg_Loss_D: -9.6200 | Avg_Loss_G: 5862.4436 | Total_Iter: 13629
[4543/10001] End of Epoch | Avg_Loss_D: -9.7428 | Avg_Loss_G: 5862.2598 | Total_Iter: 13632
[4544/10001] End of Epoch | Avg_Loss_D: -4.3308 | Avg_Loss_G: 5857.8941 | Total_Iter: 13635
[4545/10001] End of Epoch | Avg_Loss_D: -11.9284 | Avg_Loss_G: 5860.0204 | Total_Iter: 13638
[4546/10001] End of Epoch | Avg_Loss_D: -11.3842 | Avg_Loss_G: 5852.1734 | Total_Iter: 13641
[4547/10001] End of Epoch | Avg_Loss_D: -14.2059 | Avg_Loss_G: 5852.5924 | Total_Iter: 13644
[4548/10001] End of Epoch | Avg_Loss_D: -11.5524 | Avg_Loss_G: 5857.0610 | Total_Iter: 13647
[4549/10001] End of Epoch | Avg_Loss_D: -8.8979 | Avg_Loss_G: 5857.4993 | Total_Iter: 13650
[4550/10001] End of Epoch | Avg_Loss_D: -9.9469 | Avg_Loss_G: 5852.7203 | Total_Iter: 13653
[4551/10001] End of Epoch | Avg_Loss_D: -2.5963 | Avg_Loss_G: 5849.2020 | Total_Iter: 13656
[4552/10001] End of Epoch | Avg_Loss_D: -7.0127 | Avg_Loss_G: 5850.3294 | Total_Iter: 13659
[4553/10001] End of Epoch | Avg_Loss_D: -32.4161 | Avg_Loss_G: 5855.8772 | Total_Iter: 13662
[4554/10001] End of Epoch | Avg_Loss_D: -11.2857 | Avg_Loss_G: 5850.9262 | Total_Iter: 13665
[4555/10001] End of Epoch | Avg_Loss_D: -10.9933 | Avg_Loss_G: 5849.3040 | Total_Iter: 13668
[4556/10001] End of Epoch | Avg_Loss_D: -3.2265 | Avg_Loss_G: 5849.8051 | Total_Iter: 13671
[4557/10001] End of Epoch | Avg_Loss_D: -6.0780 | Avg_Loss_G: 5850.1066 | Total_Iter: 13674
[4558/10001] End of Epoch | Avg_Loss_D: -12.7098 | Avg_Loss_G: 5845.1649 | Total_Iter: 13677
[4559/10001] End of Epoch | Avg_Loss_D: -5.5163 | Avg_Loss_G: 5842.6621 | Total_Iter: 13680
[4560/10001] End of Epoch | Avg_Loss_D: 2.5721 | Avg_Loss_G: 5848.2062 | Total_Iter: 13683
[4561/10001] End of Epoch | Avg_Loss_D: -7.1457 | Avg_Loss_G: 5846.3479 | Total_Iter: 13686
[4562/10001] End of Epoch | Avg_Loss_D: -4.4892 | Avg_Loss_G: 5843.5438 | Total_Iter: 13689
[4563/10001] End of Epoch | Avg_Loss_D: -8.6210 | Avg_Loss_G: 5848.2070 | Total_Iter: 13692
[4564/10001] End of Epoch | Avg_Loss_D: -14.7933 | Avg_Loss_G: 5841.3828 | Total_Iter: 13695
[4565/10001] End of Epoch | Avg_Loss_D: -12.9296 | Avg_Loss_G: 5841.1411 | Total_Iter: 13698
[4566/10001] End of Epoch | Avg_Loss_D: -11.2663 | Avg_Loss_G: 5844.2962 | Total_Iter: 13701
[4567/10001] End of Epoch | Avg_Loss_D: -16.5777 | Avg_Loss_G: 5844.3793 | Total_Iter: 13704
[4568/10001] End of Epoch | Avg_Loss_D: -19.7483 | Avg_Loss_G: 5843.5480 | Total_Iter: 13707
[4569/10001] End of Epoch | Avg_Loss_D: -9.4625 | Avg_Loss_G: 5845.8290 | Total_Iter: 13710
[4570/10001] End of Epoch | Avg_Loss_D: -8.7524 | Avg_Loss_G: 5845.4156 | Total_Iter: 13713
[4571/10001] End of Epoch | Avg_Loss_D: -16.7506 | Avg_Loss_G: 5845.1513 | Total_Iter: 13716
[4572/10001] End of Epoch | Avg_Loss_D: -17.5026 | Avg_Loss_G: 5847.2227 | Total_Iter: 13719
[4573/10001] End of Epoch | Avg_Loss_D: -17.8211 | Avg_Loss_G: 5845.6832 | Total_Iter: 13722
[4574/10001] End of Epoch | Avg_Loss_D: -9.7149 | Avg_Loss_G: 5845.1389 | Total_Iter: 13725
[4575/10001] End of Epoch | Avg_Loss_D: -36.5461 | Avg_Loss_G: 5839.5026 | Total_Iter: 13728
[4576/10001] End of Epoch | Avg_Loss_D: -11.2284 | Avg_Loss_G: 5835.9479 | Total_Iter: 13731
[4577/10001] End of Epoch | Avg_Loss_D: -32.1657 | Avg_Loss_G: 5840.8503 | Total_Iter: 13734
[4578/10001] End of Epoch | Avg_Loss_D: -18.8311 | Avg_Loss_G: 5843.1000 | Total_Iter: 13737
[4579/10001] End of Epoch | Avg_Loss_D: -8.4070 | Avg_Loss_G: 5844.0844 | Total_Iter: 13740
[4580/10001] End of Epoch | Avg_Loss_D: -20.2146 | Avg_Loss_G: 5841.6751 | Total_Iter: 13743
[4581/10001] End of Epoch | Avg_Loss_D: -12.9441 | Avg_Loss_G: 5839.8728 | Total_Iter: 13746
[4582/10001] End of Epoch | Avg_Loss_D: -12.9788 | Avg_Loss_G: 5839.9434 | Total_Iter: 13749
[4583/10001] End of Epoch | Avg_Loss_D: -15.4996 | Avg_Loss_G: 5835.6819 | Total_Iter: 13752
[4584/10001] End of Epoch | Avg_Loss_D: -6.5195 | Avg_Loss_G: 5837.0475 | Total_Iter: 13755
[4585/10001] End of Epoch | Avg_Loss_D: -14.3387 | Avg_Loss_G: 5839.7318 | Total_Iter: 13758
[4586/10001] End of Epoch | Avg_Loss_D: -20.7560 | Avg_Loss_G: 5839.9065 | Total_Iter: 13761
[4587/10001] End of Epoch | Avg_Loss_D: -15.4634 | Avg_Loss_G: 5832.7572 | Total_Iter: 13764
[4588/10001] End of Epoch | Avg_Loss_D: -4.7461 | Avg_Loss_G: 5835.6706 | Total_Iter: 13767
[4589/10001] End of Epoch | Avg_Loss_D: -3.9612 | Avg_Loss_G: 5836.4935 | Total_Iter: 13770
[4590/10001] End of Epoch | Avg_Loss_D: -18.3809 | Avg_Loss_G: 5829.7674 | Total_Iter: 13773
[4591/10001] End of Epoch | Avg_Loss_D: -4.7858 | Avg_Loss_G: 5829.5684 | Total_Iter: 13776
[4592/10001] End of Epoch | Avg_Loss_D: -8.6530 | Avg_Loss_G: 5831.4225 | Total_Iter: 13779
[4593/10001] End of Epoch | Avg_Loss_D: -19.0780 | Avg_Loss_G: 5824.1126 | Total_Iter: 13782
[4594/10001] End of Epoch | Avg_Loss_D: -18.8614 | Avg_Loss_G: 5824.5399 | Total_Iter: 13785
[4595/10001] End of Epoch | Avg_Loss_D: 13.9365 | Avg_Loss_G: 5829.2821 | Total_Iter: 13788
[4596/10001] End of Epoch | Avg_Loss_D: 1.3400 | Avg_Loss_G: 5833.4661 | Total_Iter: 13791
[4597/10001] End of Epoch | Avg_Loss_D: -14.0009 | Avg_Loss_G: 5827.0221 | Total_Iter: 13794
[4598/10001] End of Epoch | Avg_Loss_D: -14.0639 | Avg_Loss_G: 5825.4477 | Total_Iter: 13797
[4599/10001] End of Epoch | Avg_Loss_D: -8.7505 | Avg_Loss_G: 5822.2745 | Total_Iter: 13800
[4600/10001] End of Epoch | Avg_Loss_D: -11.2487 | Avg_Loss_G: 5825.9347 | Total_Iter: 13803
[4601/10001] End of Epoch | Avg_Loss_D: -10.1437 | Avg_Loss_G: 5820.5658 | Total_Iter: 13806
[4602/10001] End of Epoch | Avg_Loss_D: -6.8453 | Avg_Loss_G: 5820.2155 | Total_Iter: 13809
[4603/10001] End of Epoch | Avg_Loss_D: -1.4258 | Avg_Loss_G: 5820.3420 | Total_Iter: 13812
[4604/10001] End of Epoch | Avg_Loss_D: -15.6510 | Avg_Loss_G: 5822.1131 | Total_Iter: 13815
[4605/10001] End of Epoch | Avg_Loss_D: -7.3750 | Avg_Loss_G: 5825.3911 | Total_Iter: 13818
[4606/10001] End of Epoch | Avg_Loss_D: -18.8409 | Avg_Loss_G: 5817.7556 | Total_Iter: 13821
[4607/10001] End of Epoch | Avg_Loss_D: -6.5276 | Avg_Loss_G: 5813.0358 | Total_Iter: 13824
[4608/10001] End of Epoch | Avg_Loss_D: -20.9583 | Avg_Loss_G: 5823.6404 | Total_Iter: 13827
[4609/10001] End of Epoch | Avg_Loss_D: -17.8486 | Avg_Loss_G: 5812.8694 | Total_Iter: 13830
[4610/10001] End of Epoch | Avg_Loss_D: -10.1382 | Avg_Loss_G: 5814.2587 | Total_Iter: 13833
[4611/10001] End of Epoch | Avg_Loss_D: 13.1133 | Avg_Loss_G: 5823.0152 | Total_Iter: 13836
[4612/10001] End of Epoch | Avg_Loss_D: -13.0954 | Avg_Loss_G: 5817.1816 | Total_Iter: 13839
[4613/10001] End of Epoch | Avg_Loss_D: -20.5582 | Avg_Loss_G: 5807.0150 | Total_Iter: 13842
[4614/10001] End of Epoch | Avg_Loss_D: -18.2516 | Avg_Loss_G: 5812.3828 | Total_Iter: 13845
[4615/10001] End of Epoch | Avg_Loss_D: 20.9949 | Avg_Loss_G: 5809.9794 | Total_Iter: 13848
[4616/10001] End of Epoch | Avg_Loss_D: 7.6510 | Avg_Loss_G: 5823.4388 | Total_Iter: 13851
[4617/10001] End of Epoch | Avg_Loss_D: -10.0435 | Avg_Loss_G: 5810.6701 | Total_Iter: 13854
[4618/10001] End of Epoch | Avg_Loss_D: -14.4530 | Avg_Loss_G: 5813.2079 | Total_Iter: 13857
[4619/10001] End of Epoch | Avg_Loss_D: -9.4917 | Avg_Loss_G: 5808.5690 | Total_Iter: 13860
[4620/10001] End of Epoch | Avg_Loss_D: -19.4289 | Avg_Loss_G: 5810.7498 | Total_Iter: 13863
[4621/10001] End of Epoch | Avg_Loss_D: -14.7322 | Avg_Loss_G: 5806.5924 | Total_Iter: 13866
[4622/10001] End of Epoch | Avg_Loss_D: -19.2166 | Avg_Loss_G: 5812.0085 | Total_Iter: 13869
[4623/10001] End of Epoch | Avg_Loss_D: -9.4667 | Avg_Loss_G: 5807.0382 | Total_Iter: 13872
[4624/10001] End of Epoch | Avg_Loss_D: -17.7399 | Avg_Loss_G: 5815.6313 | Total_Iter: 13875
[4625/10001] End of Epoch | Avg_Loss_D: -17.2518 | Avg_Loss_G: 5804.5872 | Total_Iter: 13878
[4626/10001] End of Epoch | Avg_Loss_D: -12.4143 | Avg_Loss_G: 5815.0375 | Total_Iter: 13881
[4627/10001] End of Epoch | Avg_Loss_D: -15.1157 | Avg_Loss_G: 5811.6081 | Total_Iter: 13884
[4628/10001] End of Epoch | Avg_Loss_D: -15.0762 | Avg_Loss_G: 5815.8086 | Total_Iter: 13887
[4629/10001] End of Epoch | Avg_Loss_D: -13.6273 | Avg_Loss_G: 5809.9097 | Total_Iter: 13890
[4630/10001] End of Epoch | Avg_Loss_D: -10.6168 | Avg_Loss_G: 5811.7773 | Total_Iter: 13893
[4631/10001] End of Epoch | Avg_Loss_D: -11.0788 | Avg_Loss_G: 5807.6678 | Total_Iter: 13896
[4632/10001] End of Epoch | Avg_Loss_D: 0.0938 | Avg_Loss_G: 5806.5712 | Total_Iter: 13899
[4633/10001] End of Epoch | Avg_Loss_D: 9.4529 | Avg_Loss_G: 5812.0406 | Total_Iter: 13902
[4634/10001] End of Epoch | Avg_Loss_D: -24.9898 | Avg_Loss_G: 5796.4494 | Total_Iter: 13905
[4635/10001] End of Epoch | Avg_Loss_D: -16.6134 | Avg_Loss_G: 5802.6649 | Total_Iter: 13908
[4636/10001] End of Epoch | Avg_Loss_D: -23.5438 | Avg_Loss_G: 5799.7908 | Total_Iter: 13911
[4637/10001] End of Epoch | Avg_Loss_D: -10.4716 | Avg_Loss_G: 5806.8058 | Total_Iter: 13914
[4638/10001] End of Epoch | Avg_Loss_D: -3.3183 | Avg_Loss_G: 5801.8164 | Total_Iter: 13917
[4639/10001] End of Epoch | Avg_Loss_D: -21.5759 | Avg_Loss_G: 5803.5881 | Total_Iter: 13920
[4640/10001] End of Epoch | Avg_Loss_D: -12.1377 | Avg_Loss_G: 5797.3316 | Total_Iter: 13923
[4641/10001] End of Epoch | Avg_Loss_D: 7.0457 | Avg_Loss_G: 5798.6495 | Total_Iter: 13926
[4642/10001] End of Epoch | Avg_Loss_D: -10.9445 | Avg_Loss_G: 5783.9831 | Total_Iter: 13929
[4643/10001] End of Epoch | Avg_Loss_D: -15.5858 | Avg_Loss_G: 5791.9609 | Total_Iter: 13932
[4644/10001] End of Epoch | Avg_Loss_D: -11.4223 | Avg_Loss_G: 5798.8563 | Total_Iter: 13935
[4645/10001] End of Epoch | Avg_Loss_D: -27.7338 | Avg_Loss_G: 5791.3498 | Total_Iter: 13938
[4646/10001] End of Epoch | Avg_Loss_D: -4.9202 | Avg_Loss_G: 5801.3357 | Total_Iter: 13941
[4647/10001] End of Epoch | Avg_Loss_D: -16.1154 | Avg_Loss_G: 5792.9536 | Total_Iter: 13944
[4648/10001] End of Epoch | Avg_Loss_D: -11.3893 | Avg_Loss_G: 5803.4572 | Total_Iter: 13947
[4649/10001] End of Epoch | Avg_Loss_D: -8.4010 | Avg_Loss_G: 5796.3661 | Total_Iter: 13950
[4650/10001] End of Epoch | Avg_Loss_D: -39.5939 | Avg_Loss_G: 5795.6762 | Total_Iter: 13953
[4651/10001] End of Epoch | Avg_Loss_D: -10.6504 | Avg_Loss_G: 5790.0632 | Total_Iter: 13956
[4652/10001] End of Epoch | Avg_Loss_D: -36.1823 | Avg_Loss_G: 5792.4099 | Total_Iter: 13959
[4653/10001] End of Epoch | Avg_Loss_D: -14.7327 | Avg_Loss_G: 5800.3253 | Total_Iter: 13962
[4654/10001] End of Epoch | Avg_Loss_D: -35.5374 | Avg_Loss_G: 5793.2474 | Total_Iter: 13965
[4655/10001] End of Epoch | Avg_Loss_D: -21.6478 | Avg_Loss_G: 5797.2036 | Total_Iter: 13968
[4656/10001] End of Epoch | Avg_Loss_D: -16.7614 | Avg_Loss_G: 5788.1756 | Total_Iter: 13971
[4657/10001] End of Epoch | Avg_Loss_D: -15.8867 | Avg_Loss_G: 5783.6593 | Total_Iter: 13974
[4658/10001] End of Epoch | Avg_Loss_D: -30.9642 | Avg_Loss_G: 5788.2912 | Total_Iter: 13977
[4659/10001] End of Epoch | Avg_Loss_D: -22.8521 | Avg_Loss_G: 5783.6057 | Total_Iter: 13980
[4660/10001] End of Epoch | Avg_Loss_D: -27.1323 | Avg_Loss_G: 5783.3878 | Total_Iter: 13983
[4661/10001] End of Epoch | Avg_Loss_D: -2.2003 | Avg_Loss_G: 5790.9503 | Total_Iter: 13986
[4662/10001] End of Epoch | Avg_Loss_D: -28.3085 | Avg_Loss_G: 5757.1786 | Total_Iter: 13989
[4663/10001] End of Epoch | Avg_Loss_D: 76.5612 | Avg_Loss_G: 5766.1584 | Total_Iter: 13992
[4664/10001] End of Epoch | Avg_Loss_D: 14.2320 | Avg_Loss_G: 5764.6931 | Total_Iter: 13995
[4665/10001] End of Epoch | Avg_Loss_D: -14.1370 | Avg_Loss_G: 5774.8288 | Total_Iter: 13998
[4666/10001] End of Epoch | Avg_Loss_D: 47.4258 | Avg_Loss_G: 5784.2921 | Total_Iter: 14001
[4667/10001] End of Epoch | Avg_Loss_D: -26.6899 | Avg_Loss_G: 5791.6230 | Total_Iter: 14004
[4668/10001] End of Epoch | Avg_Loss_D: 2.3118 | Avg_Loss_G: 5794.4820 | Total_Iter: 14007
[4669/10001] End of Epoch | Avg_Loss_D: -10.5054 | Avg_Loss_G: 5787.7220 | Total_Iter: 14010
[4670/10001] End of Epoch | Avg_Loss_D: -19.0268 | Avg_Loss_G: 5795.4492 | Total_Iter: 14013
[4671/10001] End of Epoch | Avg_Loss_D: -16.7341 | Avg_Loss_G: 5786.7459 | Total_Iter: 14016
[4672/10001] End of Epoch | Avg_Loss_D: -13.6708 | Avg_Loss_G: 5781.9336 | Total_Iter: 14019
[4673/10001] End of Epoch | Avg_Loss_D: -10.8939 | Avg_Loss_G: 5783.6434 | Total_Iter: 14022
[4674/10001] End of Epoch | Avg_Loss_D: -20.9455 | Avg_Loss_G: 5790.1988 | Total_Iter: 14025
[4675/10001] End of Epoch | Avg_Loss_D: -14.7467 | Avg_Loss_G: 5785.1463 | Total_Iter: 14028
[4676/10001] End of Epoch | Avg_Loss_D: 22.7931 | Avg_Loss_G: 5780.9332 | Total_Iter: 14031
[4677/10001] End of Epoch | Avg_Loss_D: -4.2280 | Avg_Loss_G: 5780.1673 | Total_Iter: 14034
[4678/10001] End of Epoch | Avg_Loss_D: -17.1629 | Avg_Loss_G: 5781.2329 | Total_Iter: 14037
[4679/10001] End of Epoch | Avg_Loss_D: -16.2704 | Avg_Loss_G: 5777.6191 | Total_Iter: 14040
[4680/10001] End of Epoch | Avg_Loss_D: -16.3685 | Avg_Loss_G: 5785.0054 | Total_Iter: 14043
[4681/10001] End of Epoch | Avg_Loss_D: -9.5612 | Avg_Loss_G: 5780.3746 | Total_Iter: 14046
[4682/10001] End of Epoch | Avg_Loss_D: -18.2094 | Avg_Loss_G: 5791.5078 | Total_Iter: 14049
[4683/10001] End of Epoch | Avg_Loss_D: -29.5082 | Avg_Loss_G: 5770.0382 | Total_Iter: 14052
[4684/10001] End of Epoch | Avg_Loss_D: -12.2147 | Avg_Loss_G: 5781.7216 | Total_Iter: 14055
[4685/10001] End of Epoch | Avg_Loss_D: -23.6035 | Avg_Loss_G: 5777.2461 | Total_Iter: 14058
[4686/10001] End of Epoch | Avg_Loss_D: -8.0494 | Avg_Loss_G: 5777.2528 | Total_Iter: 14061
[4687/10001] End of Epoch | Avg_Loss_D: -31.7276 | Avg_Loss_G: 5767.6096 | Total_Iter: 14064
[4688/10001] End of Epoch | Avg_Loss_D: -14.6412 | Avg_Loss_G: 5758.1504 | Total_Iter: 14067
[4689/10001] End of Epoch | Avg_Loss_D: -17.6712 | Avg_Loss_G: 5768.8092 | Total_Iter: 14070
[4690/10001] End of Epoch | Avg_Loss_D: -30.2610 | Avg_Loss_G: 5770.1840 | Total_Iter: 14073
[4691/10001] End of Epoch | Avg_Loss_D: -16.4152 | Avg_Loss_G: 5759.1053 | Total_Iter: 14076
[4692/10001] End of Epoch | Avg_Loss_D: -68.4659 | Avg_Loss_G: 5772.5590 | Total_Iter: 14079
[4693/10001] End of Epoch | Avg_Loss_D: -27.1268 | Avg_Loss_G: 5784.8394 | Total_Iter: 14082
[4694/10001] End of Epoch | Avg_Loss_D: -11.9112 | Avg_Loss_G: 5780.5686 | Total_Iter: 14085
[4695/10001] End of Epoch | Avg_Loss_D: -27.7664 | Avg_Loss_G: 5772.8136 | Total_Iter: 14088
[4696/10001] End of Epoch | Avg_Loss_D: -15.4134 | Avg_Loss_G: 5746.3448 | Total_Iter: 14091
[4697/10001] End of Epoch | Avg_Loss_D: -32.0578 | Avg_Loss_G: 5753.6146 | Total_Iter: 14094
[4698/10001] End of Epoch | Avg_Loss_D: 41.8030 | Avg_Loss_G: 5768.6658 | Total_Iter: 14097
[4699/10001] End of Epoch | Avg_Loss_D: -44.7234 | Avg_Loss_G: 5760.6630 | Total_Iter: 14100
[4700/10001] End of Epoch | Avg_Loss_D: -24.1269 | Avg_Loss_G: 5757.8487 | Total_Iter: 14103
[4701/10001] End of Epoch | Avg_Loss_D: -30.4606 | Avg_Loss_G: 5757.0286 | Total_Iter: 14106
[4702/10001] End of Epoch | Avg_Loss_D: -16.6381 | Avg_Loss_G: 5757.2678 | Total_Iter: 14109
[4703/10001] End of Epoch | Avg_Loss_D: -39.7747 | Avg_Loss_G: 5746.0302 | Total_Iter: 14112
[4704/10001] End of Epoch | Avg_Loss_D: -26.7230 | Avg_Loss_G: 5763.8748 | Total_Iter: 14115
[4705/10001] End of Epoch | Avg_Loss_D: -27.2744 | Avg_Loss_G: 5733.0347 | Total_Iter: 14118
[4706/10001] End of Epoch | Avg_Loss_D: -2.5196 | Avg_Loss_G: 5732.1686 | Total_Iter: 14121
[4707/10001] End of Epoch | Avg_Loss_D: -10.5283 | Avg_Loss_G: 5754.8882 | Total_Iter: 14124
[4708/10001] End of Epoch | Avg_Loss_D: 0.4902 | Avg_Loss_G: 5754.9894 | Total_Iter: 14127
[4709/10001] End of Epoch | Avg_Loss_D: -6.3355 | Avg_Loss_G: 5747.7016 | Total_Iter: 14130
[4710/10001] End of Epoch | Avg_Loss_D: -7.5609 | Avg_Loss_G: 5750.5145 | Total_Iter: 14133
[4711/10001] End of Epoch | Avg_Loss_D: -52.0021 | Avg_Loss_G: 5759.2652 | Total_Iter: 14136
[4712/10001] End of Epoch | Avg_Loss_D: -45.9758 | Avg_Loss_G: 5774.4770 | Total_Iter: 14139
[4713/10001] End of Epoch | Avg_Loss_D: -25.4428 | Avg_Loss_G: 5747.2305 | Total_Iter: 14142
[4714/10001] End of Epoch | Avg_Loss_D: -23.1832 | Avg_Loss_G: 5753.8016 | Total_Iter: 14145
[4715/10001] End of Epoch | Avg_Loss_D: -20.8299 | Avg_Loss_G: 5750.4685 | Total_Iter: 14148
[4716/10001] End of Epoch | Avg_Loss_D: -34.9147 | Avg_Loss_G: 5727.0406 | Total_Iter: 14151
[4717/10001] End of Epoch | Avg_Loss_D: -23.9835 | Avg_Loss_G: 5744.2105 | Total_Iter: 14154
[4718/10001] End of Epoch | Avg_Loss_D: 4.9326 | Avg_Loss_G: 5753.6048 | Total_Iter: 14157
[4719/10001] End of Epoch | Avg_Loss_D: -24.2824 | Avg_Loss_G: 5731.3861 | Total_Iter: 14160
[4720/10001] End of Epoch | Avg_Loss_D: -28.8484 | Avg_Loss_G: 5743.9444 | Total_Iter: 14163
[4721/10001] End of Epoch | Avg_Loss_D: -39.6866 | Avg_Loss_G: 5755.8184 | Total_Iter: 14166
[4722/10001] End of Epoch | Avg_Loss_D: -60.4698 | Avg_Loss_G: 5730.1695 | Total_Iter: 14169
[4723/10001] End of Epoch | Avg_Loss_D: -40.6152 | Avg_Loss_G: 5747.0323 | Total_Iter: 14172
[4724/10001] End of Epoch | Avg_Loss_D: -59.4754 | Avg_Loss_G: 5729.3110 | Total_Iter: 14175
[4725/10001] End of Epoch | Avg_Loss_D: 202.6840 | Avg_Loss_G: 5727.0961 | Total_Iter: 14178
[4726/10001] End of Epoch | Avg_Loss_D: -5.2526 | Avg_Loss_G: 5725.7674 | Total_Iter: 14181
[4727/10001] End of Epoch | Avg_Loss_D: 3.1387 | Avg_Loss_G: 5743.7530 | Total_Iter: 14184
[4728/10001] End of Epoch | Avg_Loss_D: -27.6727 | Avg_Loss_G: 5726.5603 | Total_Iter: 14187
[4729/10001] End of Epoch | Avg_Loss_D: -20.8980 | Avg_Loss_G: 5730.5977 | Total_Iter: 14190
[4730/10001] End of Epoch | Avg_Loss_D: -22.4954 | Avg_Loss_G: 5742.2007 | Total_Iter: 14193
[4731/10001] End of Epoch | Avg_Loss_D: -34.6591 | Avg_Loss_G: 5740.9987 | Total_Iter: 14196
[4732/10001] End of Epoch | Avg_Loss_D: -15.3730 | Avg_Loss_G: 5744.8659 | Total_Iter: 14199
[4733/10001] End of Epoch | Avg_Loss_D: -0.7602 | Avg_Loss_G: 5720.8741 | Total_Iter: 14202
[4734/10001] End of Epoch | Avg_Loss_D: -1.1729 | Avg_Loss_G: 5727.2350 | Total_Iter: 14205
[4735/10001] End of Epoch | Avg_Loss_D: -15.3170 | Avg_Loss_G: 5728.9280 | Total_Iter: 14208
[4736/10001] End of Epoch | Avg_Loss_D: -7.3762 | Avg_Loss_G: 5734.8902 | Total_Iter: 14211
[4737/10001] End of Epoch | Avg_Loss_D: -14.2099 | Avg_Loss_G: 5731.4373 | Total_Iter: 14214
[4738/10001] End of Epoch | Avg_Loss_D: -18.4818 | Avg_Loss_G: 5730.2713 | Total_Iter: 14217
[4739/10001] End of Epoch | Avg_Loss_D: -19.5202 | Avg_Loss_G: 5738.4188 | Total_Iter: 14220
[4740/10001] End of Epoch | Avg_Loss_D: -8.2893 | Avg_Loss_G: 5729.8262 | Total_Iter: 14223
[4741/10001] End of Epoch | Avg_Loss_D: -7.1897 | Avg_Loss_G: 5731.8019 | Total_Iter: 14226
[4742/10001] End of Epoch | Avg_Loss_D: -1.9732 | Avg_Loss_G: 5735.2127 | Total_Iter: 14229
[4743/10001] End of Epoch | Avg_Loss_D: -104.4137 | Avg_Loss_G: 5746.6497 | Total_Iter: 14232
[4744/10001] End of Epoch | Avg_Loss_D: -22.8144 | Avg_Loss_G: 5752.1285 | Total_Iter: 14235
[4745/10001] End of Epoch | Avg_Loss_D: -43.2212 | Avg_Loss_G: 5730.4803 | Total_Iter: 14238
[4746/10001] End of Epoch | Avg_Loss_D: -23.2188 | Avg_Loss_G: 5735.0078 | Total_Iter: 14241
[4747/10001] End of Epoch | Avg_Loss_D: -16.7460 | Avg_Loss_G: 5722.6836 | Total_Iter: 14244
[4748/10001] End of Epoch | Avg_Loss_D: -14.6074 | Avg_Loss_G: 5698.0903 | Total_Iter: 14247
[4749/10001] End of Epoch | Avg_Loss_D: -8.6762 | Avg_Loss_G: 5738.1912 | Total_Iter: 14250
[4750/10001] End of Epoch | Avg_Loss_D: -25.7125 | Avg_Loss_G: 5739.1089 | Total_Iter: 14253
[4751/10001] End of Epoch | Avg_Loss_D: -26.0042 | Avg_Loss_G: 5728.3268 | Total_Iter: 14256
[4752/10001] End of Epoch | Avg_Loss_D: -30.4306 | Avg_Loss_G: 5739.8945 | Total_Iter: 14259
[4753/10001] End of Epoch | Avg_Loss_D: -18.8978 | Avg_Loss_G: 5736.7088 | Total_Iter: 14262
[4754/10001] End of Epoch | Avg_Loss_D: -38.9182 | Avg_Loss_G: 5690.4423 | Total_Iter: 14265
[4755/10001] End of Epoch | Avg_Loss_D: -11.0645 | Avg_Loss_G: 5743.7658 | Total_Iter: 14268
[4756/10001] End of Epoch | Avg_Loss_D: -7.7119 | Avg_Loss_G: 5727.5317 | Total_Iter: 14271
[4757/10001] End of Epoch | Avg_Loss_D: -46.5498 | Avg_Loss_G: 5692.6092 | Total_Iter: 14274
[4758/10001] End of Epoch | Avg_Loss_D: -25.6996 | Avg_Loss_G: 5708.0762 | Total_Iter: 14277
[4759/10001] End of Epoch | Avg_Loss_D: -4.2185 | Avg_Loss_G: 5744.2400 | Total_Iter: 14280
[4760/10001] End of Epoch | Avg_Loss_D: -9.0570 | Avg_Loss_G: 5706.3997 | Total_Iter: 14283
[4761/10001] End of Epoch | Avg_Loss_D: -48.2885 | Avg_Loss_G: 5707.7311 | Total_Iter: 14286
[4762/10001] End of Epoch | Avg_Loss_D: -40.5617 | Avg_Loss_G: 5684.6530 | Total_Iter: 14289
[4763/10001] End of Epoch | Avg_Loss_D: -46.2044 | Avg_Loss_G: 5692.7405 | Total_Iter: 14292
[4764/10001] End of Epoch | Avg_Loss_D: 10.0643 | Avg_Loss_G: 5706.8260 | Total_Iter: 14295
[4765/10001] End of Epoch | Avg_Loss_D: -1.4142 | Avg_Loss_G: 5697.4423 | Total_Iter: 14298
[4766/10001] End of Epoch | Avg_Loss_D: 11.2703 | Avg_Loss_G: 5699.2615 | Total_Iter: 14301
[4767/10001] End of Epoch | Avg_Loss_D: -15.1718 | Avg_Loss_G: 5690.6168 | Total_Iter: 14304
[4768/10001] End of Epoch | Avg_Loss_D: -16.6489 | Avg_Loss_G: 5699.7003 | Total_Iter: 14307
[4769/10001] End of Epoch | Avg_Loss_D: -8.5673 | Avg_Loss_G: 5697.5369 | Total_Iter: 14310
[4770/10001] End of Epoch | Avg_Loss_D: -7.8658 | Avg_Loss_G: 5703.4881 | Total_Iter: 14313
[4771/10001] End of Epoch | Avg_Loss_D: -4.8338 | Avg_Loss_G: 5713.4579 | Total_Iter: 14316
[4772/10001] End of Epoch | Avg_Loss_D: -26.0033 | Avg_Loss_G: 5706.5174 | Total_Iter: 14319
[4773/10001] End of Epoch | Avg_Loss_D: -38.1436 | Avg_Loss_G: 5701.2051 | Total_Iter: 14322
[4774/10001] End of Epoch | Avg_Loss_D: -22.6017 | Avg_Loss_G: 5707.8290 | Total_Iter: 14325
[4775/10001] End of Epoch | Avg_Loss_D: -13.5792 | Avg_Loss_G: 5698.9922 | Total_Iter: 14328
[4776/10001] End of Epoch | Avg_Loss_D: -21.6136 | Avg_Loss_G: 5703.8060 | Total_Iter: 14331
[4777/10001] End of Epoch | Avg_Loss_D: -46.0001 | Avg_Loss_G: 5712.7528 | Total_Iter: 14334
[4778/10001] End of Epoch | Avg_Loss_D: 16.1216 | Avg_Loss_G: 5721.7079 | Total_Iter: 14337
[4779/10001] End of Epoch | Avg_Loss_D: -16.8742 | Avg_Loss_G: 5689.9384 | Total_Iter: 14340
[4780/10001] End of Epoch | Avg_Loss_D: -26.7336 | Avg_Loss_G: 5679.1150 | Total_Iter: 14343
[4781/10001] End of Epoch | Avg_Loss_D: -56.6310 | Avg_Loss_G: 5671.6432 | Total_Iter: 14346
[4782/10001] End of Epoch | Avg_Loss_D: -46.5002 | Avg_Loss_G: 5685.1432 | Total_Iter: 14349
[4783/10001] End of Epoch | Avg_Loss_D: -127.0697 | Avg_Loss_G: 5676.8952 | Total_Iter: 14352
[4784/10001] End of Epoch | Avg_Loss_D: -34.1415 | Avg_Loss_G: 5703.7491 | Total_Iter: 14355
[4785/10001] End of Epoch | Avg_Loss_D: -26.0943 | Avg_Loss_G: 5693.8531 | Total_Iter: 14358
[4786/10001] End of Epoch | Avg_Loss_D: 23.4907 | Avg_Loss_G: 5656.6070 | Total_Iter: 14361
[4787/10001] End of Epoch | Avg_Loss_D: -90.9976 | Avg_Loss_G: 5673.4878 | Total_Iter: 14364
[4788/10001] End of Epoch | Avg_Loss_D: -42.5353 | Avg_Loss_G: 5701.1966 | Total_Iter: 14367
[4789/10001] End of Epoch | Avg_Loss_D: -106.9233 | Avg_Loss_G: 5622.2276 | Total_Iter: 14370
[4790/10001] End of Epoch | Avg_Loss_D: -2.9950 | Avg_Loss_G: 5652.9976 | Total_Iter: 14373
[4791/10001] End of Epoch | Avg_Loss_D: -37.8447 | Avg_Loss_G: 5654.6328 | Total_Iter: 14376
[4792/10001] End of Epoch | Avg_Loss_D: -34.8404 | Avg_Loss_G: 5678.9293 | Total_Iter: 14379
[4793/10001] End of Epoch | Avg_Loss_D: -61.7368 | Avg_Loss_G: 5668.6055 | Total_Iter: 14382
[4794/10001] End of Epoch | Avg_Loss_D: 43.4901 | Avg_Loss_G: 5677.0760 | Total_Iter: 14385
[4795/10001] End of Epoch | Avg_Loss_D: -59.4881 | Avg_Loss_G: 5667.6105 | Total_Iter: 14388
[4796/10001] End of Epoch | Avg_Loss_D: -126.8165 | Avg_Loss_G: 5675.2671 | Total_Iter: 14391
[4797/10001] End of Epoch | Avg_Loss_D: -28.4602 | Avg_Loss_G: 5701.4462 | Total_Iter: 14394
[4798/10001] End of Epoch | Avg_Loss_D: -40.4600 | Avg_Loss_G: 5680.0447 | Total_Iter: 14397
[4799/10001] End of Epoch | Avg_Loss_D: -33.9140 | Avg_Loss_G: 5661.4355 | Total_Iter: 14400
[4800/10001] End of Epoch | Avg_Loss_D: -9.9607 | Avg_Loss_G: 5695.0202 | Total_Iter: 14403
[4801/10001] End of Epoch | Avg_Loss_D: -33.6239 | Avg_Loss_G: 5669.6617 | Total_Iter: 14406
[4802/10001] End of Epoch | Avg_Loss_D: -301.4691 | Avg_Loss_G: 5648.3819 | Total_Iter: 14409
[4803/10001] End of Epoch | Avg_Loss_D: 0.6717 | Avg_Loss_G: 5705.7574 | Total_Iter: 14412
[4804/10001] End of Epoch | Avg_Loss_D: -4.4952 | Avg_Loss_G: 5685.1708 | Total_Iter: 14415
[4805/10001] End of Epoch | Avg_Loss_D: 54.0730 | Avg_Loss_G: 5566.2270 | Total_Iter: 14418
[4806/10001] End of Epoch | Avg_Loss_D: 169.2078 | Avg_Loss_G: 5600.0315 | Total_Iter: 14421
[4807/10001] End of Epoch | Avg_Loss_D: 53.4766 | Avg_Loss_G: 5605.8188 | Total_Iter: 14424
[4808/10001] End of Epoch | Avg_Loss_D: -7.2965 | Avg_Loss_G: 5595.2112 | Total_Iter: 14427
[4809/10001] End of Epoch | Avg_Loss_D: -15.1242 | Avg_Loss_G: 5622.3490 | Total_Iter: 14430
[4810/10001] End of Epoch | Avg_Loss_D: -15.3443 | Avg_Loss_G: 5616.3904 | Total_Iter: 14433
[4811/10001] End of Epoch | Avg_Loss_D: 5.0997 | Avg_Loss_G: 5629.0829 | Total_Iter: 14436
[4812/10001] End of Epoch | Avg_Loss_D: 11.6734 | Avg_Loss_G: 5629.7196 | Total_Iter: 14439
[4813/10001] End of Epoch | Avg_Loss_D: -12.7955 | Avg_Loss_G: 5621.9460 | Total_Iter: 14442
[4814/10001] End of Epoch | Avg_Loss_D: -9.8862 | Avg_Loss_G: 5630.3780 | Total_Iter: 14445
[4815/10001] End of Epoch | Avg_Loss_D: 0.2735 | Avg_Loss_G: 5622.0141 | Total_Iter: 14448
[4816/10001] End of Epoch | Avg_Loss_D: -4.2578 | Avg_Loss_G: 5636.7984 | Total_Iter: 14451
[4817/10001] End of Epoch | Avg_Loss_D: 0.5542 | Avg_Loss_G: 5637.5464 | Total_Iter: 14454
[4818/10001] End of Epoch | Avg_Loss_D: -2.8224 | Avg_Loss_G: 5639.3123 | Total_Iter: 14457
[4819/10001] End of Epoch | Avg_Loss_D: -8.2008 | Avg_Loss_G: 5637.8895 | Total_Iter: 14460
[4820/10001] End of Epoch | Avg_Loss_D: -3.4781 | Avg_Loss_G: 5635.8932 | Total_Iter: 14463
[4821/10001] End of Epoch | Avg_Loss_D: -11.8348 | Avg_Loss_G: 5640.6962 | Total_Iter: 14466
[4822/10001] End of Epoch | Avg_Loss_D: -4.6725 | Avg_Loss_G: 5640.1013 | Total_Iter: 14469
[4823/10001] End of Epoch | Avg_Loss_D: -9.7672 | Avg_Loss_G: 5636.5836 | Total_Iter: 14472
[4824/10001] End of Epoch | Avg_Loss_D: -26.3464 | Avg_Loss_G: 5635.7563 | Total_Iter: 14475
[4825/10001] End of Epoch | Avg_Loss_D: -7.3841 | Avg_Loss_G: 5633.0764 | Total_Iter: 14478
[4826/10001] End of Epoch | Avg_Loss_D: -16.3647 | Avg_Loss_G: 5640.6115 | Total_Iter: 14481
[4827/10001] End of Epoch | Avg_Loss_D: -2.8748 | Avg_Loss_G: 5631.9308 | Total_Iter: 14484
[4828/10001] End of Epoch | Avg_Loss_D: -21.1530 | Avg_Loss_G: 5631.7010 | Total_Iter: 14487
[4829/10001] End of Epoch | Avg_Loss_D: -12.8869 | Avg_Loss_G: 5633.1892 | Total_Iter: 14490
[4830/10001] End of Epoch | Avg_Loss_D: -16.5400 | Avg_Loss_G: 5623.8223 | Total_Iter: 14493
[4831/10001] End of Epoch | Avg_Loss_D: -19.1100 | Avg_Loss_G: 5621.8294 | Total_Iter: 14496
[4832/10001] End of Epoch | Avg_Loss_D: -20.3653 | Avg_Loss_G: 5622.8036 | Total_Iter: 14499
[4833/10001] End of Epoch | Avg_Loss_D: -10.7765 | Avg_Loss_G: 5631.6582 | Total_Iter: 14502
[4834/10001] End of Epoch | Avg_Loss_D: -37.7661 | Avg_Loss_G: 5629.1736 | Total_Iter: 14505
[4835/10001] End of Epoch | Avg_Loss_D: 0.5034 | Avg_Loss_G: 5616.9256 | Total_Iter: 14508
[4836/10001] End of Epoch | Avg_Loss_D: -13.0362 | Avg_Loss_G: 5618.6523 | Total_Iter: 14511
[4837/10001] End of Epoch | Avg_Loss_D: 10.0353 | Avg_Loss_G: 5619.7339 | Total_Iter: 14514
[4838/10001] End of Epoch | Avg_Loss_D: -3.6456 | Avg_Loss_G: 5624.9000 | Total_Iter: 14517
[4839/10001] End of Epoch | Avg_Loss_D: -18.7212 | Avg_Loss_G: 5610.1395 | Total_Iter: 14520
[4840/10001] End of Epoch | Avg_Loss_D: -10.2005 | Avg_Loss_G: 5623.7947 | Total_Iter: 14523
[4841/10001] End of Epoch | Avg_Loss_D: -39.4689 | Avg_Loss_G: 5624.7094 | Total_Iter: 14526
[4842/10001] End of Epoch | Avg_Loss_D: -4.9836 | Avg_Loss_G: 5612.6879 | Total_Iter: 14529
[4843/10001] End of Epoch | Avg_Loss_D: -42.4166 | Avg_Loss_G: 5618.6994 | Total_Iter: 14532
[4844/10001] End of Epoch | Avg_Loss_D: -4.0886 | Avg_Loss_G: 5609.7151 | Total_Iter: 14535
[4845/10001] End of Epoch | Avg_Loss_D: -18.1006 | Avg_Loss_G: 5616.8529 | Total_Iter: 14538
[4846/10001] End of Epoch | Avg_Loss_D: -13.6119 | Avg_Loss_G: 5613.2409 | Total_Iter: 14541
[4847/10001] End of Epoch | Avg_Loss_D: -23.5177 | Avg_Loss_G: 5619.4288 | Total_Iter: 14544
[4848/10001] End of Epoch | Avg_Loss_D: -26.8380 | Avg_Loss_G: 5618.9816 | Total_Iter: 14547
[4849/10001] End of Epoch | Avg_Loss_D: -22.6971 | Avg_Loss_G: 5597.2600 | Total_Iter: 14550
[4850/10001] End of Epoch | Avg_Loss_D: -31.3423 | Avg_Loss_G: 5598.8813 | Total_Iter: 14553
[4851/10001] End of Epoch | Avg_Loss_D: -33.8326 | Avg_Loss_G: 5601.3069 | Total_Iter: 14556
[4852/10001] End of Epoch | Avg_Loss_D: -25.8936 | Avg_Loss_G: 5605.9792 | Total_Iter: 14559
[4853/10001] End of Epoch | Avg_Loss_D: -31.9410 | Avg_Loss_G: 5608.3477 | Total_Iter: 14562
[4854/10001] End of Epoch | Avg_Loss_D: -8.1703 | Avg_Loss_G: 5605.3158 | Total_Iter: 14565
[4855/10001] End of Epoch | Avg_Loss_D: -38.2686 | Avg_Loss_G: 5591.8019 | Total_Iter: 14568
[4856/10001] End of Epoch | Avg_Loss_D: -37.3566 | Avg_Loss_G: 5597.6120 | Total_Iter: 14571
[4857/10001] End of Epoch | Avg_Loss_D: -26.5015 | Avg_Loss_G: 5613.3678 | Total_Iter: 14574
[4858/10001] End of Epoch | Avg_Loss_D: -30.9249 | Avg_Loss_G: 5620.6461 | Total_Iter: 14577
[4859/10001] End of Epoch | Avg_Loss_D: -32.7312 | Avg_Loss_G: 5594.1615 | Total_Iter: 14580
[4860/10001] End of Epoch | Avg_Loss_D: -39.5252 | Avg_Loss_G: 5606.6704 | Total_Iter: 14583
[4861/10001] End of Epoch | Avg_Loss_D: -70.3433 | Avg_Loss_G: 5595.0881 | Total_Iter: 14586
[4862/10001] End of Epoch | Avg_Loss_D: -32.2668 | Avg_Loss_G: 5602.1174 | Total_Iter: 14589
[4863/10001] End of Epoch | Avg_Loss_D: -20.0314 | Avg_Loss_G: 5597.8264 | Total_Iter: 14592
[4864/10001] End of Epoch | Avg_Loss_D: -9.6264 | Avg_Loss_G: 5606.9115 | Total_Iter: 14595
[4865/10001] End of Epoch | Avg_Loss_D: -34.6874 | Avg_Loss_G: 5612.5948 | Total_Iter: 14598
[4866/10001] End of Epoch | Avg_Loss_D: -31.7460 | Avg_Loss_G: 5589.6521 | Total_Iter: 14601
[4867/10001] End of Epoch | Avg_Loss_D: -39.7547 | Avg_Loss_G: 5584.4084 | Total_Iter: 14604
[4868/10001] End of Epoch | Avg_Loss_D: -24.3163 | Avg_Loss_G: 5571.5760 | Total_Iter: 14607
[4869/10001] End of Epoch | Avg_Loss_D: -31.3282 | Avg_Loss_G: 5600.9273 | Total_Iter: 14610
[4870/10001] End of Epoch | Avg_Loss_D: -34.5368 | Avg_Loss_G: 5590.7849 | Total_Iter: 14613
[4871/10001] End of Epoch | Avg_Loss_D: -68.9179 | Avg_Loss_G: 5564.9182 | Total_Iter: 14616
[4872/10001] End of Epoch | Avg_Loss_D: 13.7259 | Avg_Loss_G: 5567.4319 | Total_Iter: 14619
[4873/10001] End of Epoch | Avg_Loss_D: -28.6724 | Avg_Loss_G: 5579.1029 | Total_Iter: 14622
[4874/10001] End of Epoch | Avg_Loss_D: -37.0252 | Avg_Loss_G: 5585.4164 | Total_Iter: 14625
[4875/10001] End of Epoch | Avg_Loss_D: -43.0405 | Avg_Loss_G: 5587.5404 | Total_Iter: 14628
[4876/10001] End of Epoch | Avg_Loss_D: -43.6669 | Avg_Loss_G: 5599.8461 | Total_Iter: 14631
[4877/10001] End of Epoch | Avg_Loss_D: -5.8631 | Avg_Loss_G: 5618.9206 | Total_Iter: 14634
[4878/10001] End of Epoch | Avg_Loss_D: -6.6217 | Avg_Loss_G: 5594.8160 | Total_Iter: 14637
[4879/10001] End of Epoch | Avg_Loss_D: -25.6081 | Avg_Loss_G: 5590.6565 | Total_Iter: 14640
[4880/10001] End of Epoch | Avg_Loss_D: -31.8288 | Avg_Loss_G: 5598.0471 | Total_Iter: 14643
[4881/10001] End of Epoch | Avg_Loss_D: -9.8692 | Avg_Loss_G: 5606.0671 | Total_Iter: 14646
[4882/10001] End of Epoch | Avg_Loss_D: -23.8488 | Avg_Loss_G: 5609.5571 | Total_Iter: 14649
[4883/10001] End of Epoch | Avg_Loss_D: -31.7531 | Avg_Loss_G: 5596.1083 | Total_Iter: 14652
[4884/10001] End of Epoch | Avg_Loss_D: -23.7690 | Avg_Loss_G: 5594.3919 | Total_Iter: 14655
[4885/10001] End of Epoch | Avg_Loss_D: -17.9390 | Avg_Loss_G: 5602.6816 | Total_Iter: 14658
[4886/10001] End of Epoch | Avg_Loss_D: -36.1088 | Avg_Loss_G: 5599.3459 | Total_Iter: 14661
[4887/10001] End of Epoch | Avg_Loss_D: -30.8225 | Avg_Loss_G: 5606.0996 | Total_Iter: 14664
[4888/10001] End of Epoch | Avg_Loss_D: -0.6763 | Avg_Loss_G: 5603.4366 | Total_Iter: 14667
[4889/10001] End of Epoch | Avg_Loss_D: -23.4955 | Avg_Loss_G: 5604.8672 | Total_Iter: 14670
[4890/10001] End of Epoch | Avg_Loss_D: -21.7368 | Avg_Loss_G: 5588.1471 | Total_Iter: 14673
[4891/10001] End of Epoch | Avg_Loss_D: -18.5456 | Avg_Loss_G: 5583.4705 | Total_Iter: 14676
[4892/10001] End of Epoch | Avg_Loss_D: -38.5295 | Avg_Loss_G: 5594.5438 | Total_Iter: 14679
[4893/10001] End of Epoch | Avg_Loss_D: -40.0376 | Avg_Loss_G: 5583.8698 | Total_Iter: 14682
[4894/10001] End of Epoch | Avg_Loss_D: 12.2958 | Avg_Loss_G: 5601.9464 | Total_Iter: 14685
[4895/10001] End of Epoch | Avg_Loss_D: -33.5001 | Avg_Loss_G: 5613.2064 | Total_Iter: 14688
[4896/10001] End of Epoch | Avg_Loss_D: -52.8147 | Avg_Loss_G: 5590.4108 | Total_Iter: 14691
[4897/10001] End of Epoch | Avg_Loss_D: -2.6814 | Avg_Loss_G: 5603.3598 | Total_Iter: 14694
[4898/10001] End of Epoch | Avg_Loss_D: -23.7090 | Avg_Loss_G: 5570.3088 | Total_Iter: 14697
[4899/10001] End of Epoch | Avg_Loss_D: -21.3686 | Avg_Loss_G: 5594.4878 | Total_Iter: 14700
[4900/10001] End of Epoch | Avg_Loss_D: -47.3349 | Avg_Loss_G: 5566.9206 | Total_Iter: 14703
[4901/10001] End of Epoch | Avg_Loss_D: -30.0644 | Avg_Loss_G: 5579.8260 | Total_Iter: 14706
[4902/10001] End of Epoch | Avg_Loss_D: -37.2072 | Avg_Loss_G: 5598.9138 | Total_Iter: 14709
[4903/10001] End of Epoch | Avg_Loss_D: -55.2672 | Avg_Loss_G: 5562.1480 | Total_Iter: 14712
[4904/10001] End of Epoch | Avg_Loss_D: -42.8481 | Avg_Loss_G: 5582.9143 | Total_Iter: 14715
[4905/10001] End of Epoch | Avg_Loss_D: -26.5025 | Avg_Loss_G: 5582.9332 | Total_Iter: 14718
[4906/10001] End of Epoch | Avg_Loss_D: -32.0660 | Avg_Loss_G: 5568.5846 | Total_Iter: 14721
[4907/10001] End of Epoch | Avg_Loss_D: -24.4404 | Avg_Loss_G: 5597.6447 | Total_Iter: 14724
[4908/10001] End of Epoch | Avg_Loss_D: -24.5580 | Avg_Loss_G: 5578.0302 | Total_Iter: 14727
[4909/10001] End of Epoch | Avg_Loss_D: -57.8845 | Avg_Loss_G: 5575.9010 | Total_Iter: 14730
[4910/10001] End of Epoch | Avg_Loss_D: -16.9217 | Avg_Loss_G: 5606.4492 | Total_Iter: 14733
[4911/10001] End of Epoch | Avg_Loss_D: -34.9305 | Avg_Loss_G: 5552.6426 | Total_Iter: 14736
[4912/10001] End of Epoch | Avg_Loss_D: 15.0527 | Avg_Loss_G: 5557.9178 | Total_Iter: 14739
[4913/10001] End of Epoch | Avg_Loss_D: 5.6810 | Avg_Loss_G: 5532.9036 | Total_Iter: 14742
[4914/10001] End of Epoch | Avg_Loss_D: -11.1922 | Avg_Loss_G: 5547.5480 | Total_Iter: 14745
[4915/10001] End of Epoch | Avg_Loss_D: -24.9874 | Avg_Loss_G: 5551.4414 | Total_Iter: 14748
[4916/10001] End of Epoch | Avg_Loss_D: -22.7623 | Avg_Loss_G: 5556.1135 | Total_Iter: 14751
[4917/10001] End of Epoch | Avg_Loss_D: -32.5558 | Avg_Loss_G: 5554.9219 | Total_Iter: 14754
[4918/10001] End of Epoch | Avg_Loss_D: -50.9922 | Avg_Loss_G: 5548.8492 | Total_Iter: 14757
[4919/10001] End of Epoch | Avg_Loss_D: -31.1878 | Avg_Loss_G: 5549.2036 | Total_Iter: 14760
[4920/10001] End of Epoch | Avg_Loss_D: -33.3473 | Avg_Loss_G: 5560.8878 | Total_Iter: 14763
[4921/10001] End of Epoch | Avg_Loss_D: -35.4633 | Avg_Loss_G: 5573.2635 | Total_Iter: 14766
[4922/10001] End of Epoch | Avg_Loss_D: -95.7391 | Avg_Loss_G: 5553.5831 | Total_Iter: 14769
[4923/10001] End of Epoch | Avg_Loss_D: -53.2974 | Avg_Loss_G: 5577.1115 | Total_Iter: 14772
[4924/10001] End of Epoch | Avg_Loss_D: -73.2626 | Avg_Loss_G: 5564.0851 | Total_Iter: 14775
[4925/10001] End of Epoch | Avg_Loss_D: -55.5132 | Avg_Loss_G: 5557.2962 | Total_Iter: 14778
[4926/10001] End of Epoch | Avg_Loss_D: -31.9541 | Avg_Loss_G: 5549.8743 | Total_Iter: 14781
[4927/10001] End of Epoch | Avg_Loss_D: -44.4470 | Avg_Loss_G: 5574.0302 | Total_Iter: 14784
[4928/10001] End of Epoch | Avg_Loss_D: 6.4679 | Avg_Loss_G: 5586.5612 | Total_Iter: 14787
[4929/10001] End of Epoch | Avg_Loss_D: 21.8064 | Avg_Loss_G: 5555.7298 | Total_Iter: 14790
[4930/10001] End of Epoch | Avg_Loss_D: -8.1525 | Avg_Loss_G: 5561.0256 | Total_Iter: 14793
[4931/10001] End of Epoch | Avg_Loss_D: -38.9344 | Avg_Loss_G: 5574.2185 | Total_Iter: 14796
[4932/10001] End of Epoch | Avg_Loss_D: -97.6547 | Avg_Loss_G: 5580.4067 | Total_Iter: 14799
[4933/10001] End of Epoch | Avg_Loss_D: -48.5074 | Avg_Loss_G: 5585.0786 | Total_Iter: 14802
[4934/10001] End of Epoch | Avg_Loss_D: -82.8270 | Avg_Loss_G: 5566.6432 | Total_Iter: 14805
[4935/10001] End of Epoch | Avg_Loss_D: -53.1763 | Avg_Loss_G: 5533.1287 | Total_Iter: 14808
[4936/10001] End of Epoch | Avg_Loss_D: -28.5706 | Avg_Loss_G: 5552.1487 | Total_Iter: 14811
[4937/10001] End of Epoch | Avg_Loss_D: -152.5755 | Avg_Loss_G: 5588.6044 | Total_Iter: 14814
[4938/10001] End of Epoch | Avg_Loss_D: 17.6648 | Avg_Loss_G: 5547.7040 | Total_Iter: 14817
[4939/10001] End of Epoch | Avg_Loss_D: -38.2435 | Avg_Loss_G: 5561.9837 | Total_Iter: 14820
[4940/10001] End of Epoch | Avg_Loss_D: -136.4516 | Avg_Loss_G: 5512.7110 | Total_Iter: 14823
[4941/10001] End of Epoch | Avg_Loss_D: -168.7821 | Avg_Loss_G: 5552.7498 | Total_Iter: 14826
[4942/10001] End of Epoch | Avg_Loss_D: -29.7805 | Avg_Loss_G: 5579.3635 | Total_Iter: 14829
[4943/10001] End of Epoch | Avg_Loss_D: -153.0993 | Avg_Loss_G: 5502.9681 | Total_Iter: 14832
[4944/10001] End of Epoch | Avg_Loss_D: -0.5237 | Avg_Loss_G: 5522.5564 | Total_Iter: 14835
[4945/10001] End of Epoch | Avg_Loss_D: -31.1287 | Avg_Loss_G: 5547.8359 | Total_Iter: 14838
[4946/10001] End of Epoch | Avg_Loss_D: -9.5129 | Avg_Loss_G: 5543.0441 | Total_Iter: 14841
[4947/10001] End of Epoch | Avg_Loss_D: -56.5767 | Avg_Loss_G: 5513.8550 | Total_Iter: 14844
[4948/10001] End of Epoch | Avg_Loss_D: -33.6662 | Avg_Loss_G: 5564.2561 | Total_Iter: 14847
[4949/10001] End of Epoch | Avg_Loss_D: -120.7494 | Avg_Loss_G: 5490.9566 | Total_Iter: 14850
[4950/10001] End of Epoch | Avg_Loss_D: -29.3163 | Avg_Loss_G: 5517.7839 | Total_Iter: 14853
[4951/10001] End of Epoch | Avg_Loss_D: -208.8149 | Avg_Loss_G: 5438.3466 | Total_Iter: 14856
[4952/10001] End of Epoch | Avg_Loss_D: -208.0263 | Avg_Loss_G: 5533.7648 | Total_Iter: 14859
[4953/10001] End of Epoch | Avg_Loss_D: 24.9195 | Avg_Loss_G: 5513.9310 | Total_Iter: 14862
[4954/10001] End of Epoch | Avg_Loss_D: -99.8886 | Avg_Loss_G: 5591.8652 | Total_Iter: 14865
[4955/10001] End of Epoch | Avg_Loss_D: -152.4692 | Avg_Loss_G: 5575.6235 | Total_Iter: 14868
[4956/10001] End of Epoch | Avg_Loss_D: -217.2130 | Avg_Loss_G: 5591.6580 | Total_Iter: 14871
[4957/10001] End of Epoch | Avg_Loss_D: -59.7781 | Avg_Loss_G: 5559.6610 | Total_Iter: 14874
[4958/10001] End of Epoch | Avg_Loss_D: -33.6762 | Avg_Loss_G: 5558.0768 | Total_Iter: 14877
[4959/10001] End of Epoch | Avg_Loss_D: 69.2377 | Avg_Loss_G: 5542.6914 | Total_Iter: 14880
[4960/10001] End of Epoch | Avg_Loss_D: -142.0794 | Avg_Loss_G: 5573.0156 | Total_Iter: 14883
[4961/10001] End of Epoch | Avg_Loss_D: -122.6665 | Avg_Loss_G: 5513.0128 | Total_Iter: 14886
[4962/10001] End of Epoch | Avg_Loss_D: -464.4556 | Avg_Loss_G: 5459.7249 | Total_Iter: 14889
[4963/10001] End of Epoch | Avg_Loss_D: -189.7820 | Avg_Loss_G: 5605.1211 | Total_Iter: 14892
[4964/10001] End of Epoch | Avg_Loss_D: -239.7085 | Avg_Loss_G: 5642.9520 | Total_Iter: 14895
[4965/10001] End of Epoch | Avg_Loss_D: -476.5918 | Avg_Loss_G: 5522.2337 | Total_Iter: 14898
[4966/10001] End of Epoch | Avg_Loss_D: -161.3053 | Avg_Loss_G: 5581.2138 | Total_Iter: 14901
[4967/10001] End of Epoch | Avg_Loss_D: -442.2810 | Avg_Loss_G: 5471.8609 | Total_Iter: 14904
[4968/10001] End of Epoch | Avg_Loss_D: -137.2123 | Avg_Loss_G: 5538.3396 | Total_Iter: 14907
[4969/10001] End of Epoch | Avg_Loss_D: -106.6155 | Avg_Loss_G: 5542.3138 | Total_Iter: 14910
[4970/10001] End of Epoch | Avg_Loss_D: -569.4736 | Avg_Loss_G: 5511.3134 | Total_Iter: 14913
[4971/10001] End of Epoch | Avg_Loss_D: -57.4402 | Avg_Loss_G: 5505.3136 | Total_Iter: 14916
[4972/10001] End of Epoch | Avg_Loss_D: -545.0209 | Avg_Loss_G: 5479.2845 | Total_Iter: 14919
[4973/10001] End of Epoch | Avg_Loss_D: -147.5415 | Avg_Loss_G: 5376.8882 | Total_Iter: 14922
[4974/10001] End of Epoch | Avg_Loss_D: 49.4139 | Avg_Loss_G: 5479.5987 | Total_Iter: 14925
[4975/10001] End of Epoch | Avg_Loss_D: -13.8690 | Avg_Loss_G: 5493.2845 | Total_Iter: 14928
[4976/10001] End of Epoch | Avg_Loss_D: -1.3577 | Avg_Loss_G: 5506.9546 | Total_Iter: 14931
[4977/10001] End of Epoch | Avg_Loss_D: -40.1477 | Avg_Loss_G: 5524.9594 | Total_Iter: 14934
[4978/10001] End of Epoch | Avg_Loss_D: -148.6218 | Avg_Loss_G: 5553.3546 | Total_Iter: 14937
[4979/10001] End of Epoch | Avg_Loss_D: -32.0140 | Avg_Loss_G: 5545.1276 | Total_Iter: 14940
[4980/10001] End of Epoch | Avg_Loss_D: -41.2006 | Avg_Loss_G: 5574.1194 | Total_Iter: 14943
[4981/10001] End of Epoch | Avg_Loss_D: -120.3174 | Avg_Loss_G: 5594.4284 | Total_Iter: 14946
[4982/10001] End of Epoch | Avg_Loss_D: -60.7938 | Avg_Loss_G: 5619.6955 | Total_Iter: 14949
[4983/10001] End of Epoch | Avg_Loss_D: -58.1845 | Avg_Loss_G: 5530.8481 | Total_Iter: 14952
[4984/10001] End of Epoch | Avg_Loss_D: -96.7576 | Avg_Loss_G: 5544.6079 | Total_Iter: 14955
[4985/10001] End of Epoch | Avg_Loss_D: -95.2148 | Avg_Loss_G: 5559.2007 | Total_Iter: 14958
[4986/10001] End of Epoch | Avg_Loss_D: -90.6802 | Avg_Loss_G: 5528.0812 | Total_Iter: 14961
[4987/10001] End of Epoch | Avg_Loss_D: -55.7642 | Avg_Loss_G: 5569.7541 | Total_Iter: 14964
[4988/10001] End of Epoch | Avg_Loss_D: -80.8242 | Avg_Loss_G: 5561.1046 | Total_Iter: 14967
[4989/10001] End of Epoch | Avg_Loss_D: -75.0538 | Avg_Loss_G: 5578.4976 | Total_Iter: 14970
[4990/10001] End of Epoch | Avg_Loss_D: -29.9521 | Avg_Loss_G: 5591.1367 | Total_Iter: 14973
[4991/10001] End of Epoch | Avg_Loss_D: -118.6001 | Avg_Loss_G: 5536.3075 | Total_Iter: 14976
[4992/10001] End of Epoch | Avg_Loss_D: -152.1227 | Avg_Loss_G: 5514.9214 | Total_Iter: 14979
[4993/10001] End of Epoch | Avg_Loss_D: -353.7235 | Avg_Loss_G: 5494.3338 | Total_Iter: 14982
[4994/10001] End of Epoch | Avg_Loss_D: -143.9240 | Avg_Loss_G: 5480.9876 | Total_Iter: 14985
[4995/10001] End of Epoch | Avg_Loss_D: 52.3873 | Avg_Loss_G: 5552.6719 | Total_Iter: 14988
[4996/10001] End of Epoch | Avg_Loss_D: -51.9311 | Avg_Loss_G: 5488.8655 | Total_Iter: 14991
[4997/10001] End of Epoch | Avg_Loss_D: -285.2538 | Avg_Loss_G: 5505.0256 | Total_Iter: 14994
[4998/10001] End of Epoch | Avg_Loss_D: -323.9292 | Avg_Loss_G: 5473.3292 | Total_Iter: 14997
[4999/10001] End of Epoch | Avg_Loss_D: -283.7034 | Avg_Loss_G: 5505.9932 | Total_Iter: 15000
[5000/10001] End of Epoch | Avg_Loss_D: -352.7644 | Avg_Loss_G: 5497.6608 | Total_Iter: 15003
[5001/10001] End of Epoch | Avg_Loss_D: -545.5807 | Avg_Loss_G: 5517.1658 | Total_Iter: 15006
[5002/10001] End of Epoch | Avg_Loss_D: -314.6791 | Avg_Loss_G: 5566.3748 | Total_Iter: 15009
[5003/10001] End of Epoch | Avg_Loss_D: -516.0290 | Avg_Loss_G: 5545.7893 | Total_Iter: 15012
[5004/10001] End of Epoch | Avg_Loss_D: -464.2600 | Avg_Loss_G: 5560.2550 | Total_Iter: 15015
[5005/10001] End of Epoch | Avg_Loss_D: -820.0226 | Avg_Loss_G: 5487.5747 | Total_Iter: 15018
[5006/10001] End of Epoch | Avg_Loss_D: -465.5047 | Avg_Loss_G: 5483.6855 | Total_Iter: 15021
[5007/10001] End of Epoch | Avg_Loss_D: -157.3615 | Avg_Loss_G: 5491.0677 | Total_Iter: 15024
[5008/10001] End of Epoch | Avg_Loss_D: -68.2875 | Avg_Loss_G: 5493.7756 | Total_Iter: 15027
[5009/10001] End of Epoch | Avg_Loss_D: -201.9877 | Avg_Loss_G: 5494.3704 | Total_Iter: 15030
[5010/10001] End of Epoch | Avg_Loss_D: -447.1117 | Avg_Loss_G: 5502.5277 | Total_Iter: 15033
[5011/10001] End of Epoch | Avg_Loss_D: -611.9467 | Avg_Loss_G: 5306.2637 | Total_Iter: 15036
[5012/10001] End of Epoch | Avg_Loss_D: -546.4775 | Avg_Loss_G: 5428.8057 | Total_Iter: 15039
[5013/10001] End of Epoch | Avg_Loss_D: -788.3871 | Avg_Loss_G: 5454.3708 | Total_Iter: 15042
[5014/10001] End of Epoch | Avg_Loss_D: -906.2581 | Avg_Loss_G: 5512.5701 | Total_Iter: 15045
[5015/10001] End of Epoch | Avg_Loss_D: -879.0013 | Avg_Loss_G: 5480.8877 | Total_Iter: 15048
[5016/10001] End of Epoch | Avg_Loss_D: -289.4210 | Avg_Loss_G: 5443.8350 | Total_Iter: 15051
[5017/10001] End of Epoch | Avg_Loss_D: -858.6657 | Avg_Loss_G: 5438.5817 | Total_Iter: 15054
[5018/10001] End of Epoch | Avg_Loss_D: -860.2214 | Avg_Loss_G: 5401.9729 | Total_Iter: 15057
[5019/10001] End of Epoch | Avg_Loss_D: -1074.1777 | Avg_Loss_G: 5448.7435 | Total_Iter: 15060
[5020/10001] End of Epoch | Avg_Loss_D: -798.5227 | Avg_Loss_G: 5535.3759 | Total_Iter: 15063
[5021/10001] End of Epoch | Avg_Loss_D: -1002.6329 | Avg_Loss_G: 5438.4444 | Total_Iter: 15066
[5022/10001] End of Epoch | Avg_Loss_D: 126.1308 | Avg_Loss_G: 5489.4322 | Total_Iter: 15069
[5023/10001] End of Epoch | Avg_Loss_D: 60.0794 | Avg_Loss_G: 5523.6109 | Total_Iter: 15072
[5024/10001] End of Epoch | Avg_Loss_D: 31.4050 | Avg_Loss_G: 5526.2157 | Total_Iter: 15075
[5025/10001] End of Epoch | Avg_Loss_D: 9.2156 | Avg_Loss_G: 5523.9147 | Total_Iter: 15078
[5026/10001] End of Epoch | Avg_Loss_D: -12.6566 | Avg_Loss_G: 5528.0258 | Total_Iter: 15081
[5027/10001] End of Epoch | Avg_Loss_D: -5.8604 | Avg_Loss_G: 5536.0543 | Total_Iter: 15084
[5028/10001] End of Epoch | Avg_Loss_D: 15.2110 | Avg_Loss_G: 5553.3149 | Total_Iter: 15087
[5029/10001] End of Epoch | Avg_Loss_D: -9.1353 | Avg_Loss_G: 5549.0388 | Total_Iter: 15090
[5030/10001] End of Epoch | Avg_Loss_D: -25.8083 | Avg_Loss_G: 5539.1400 | Total_Iter: 15093
[5031/10001] End of Epoch | Avg_Loss_D: -20.1737 | Avg_Loss_G: 5532.8123 | Total_Iter: 15096
[5032/10001] End of Epoch | Avg_Loss_D: -27.8329 | Avg_Loss_G: 5524.3003 | Total_Iter: 15099
[5033/10001] End of Epoch | Avg_Loss_D: -17.5889 | Avg_Loss_G: 5519.0167 | Total_Iter: 15102
[5034/10001] End of Epoch | Avg_Loss_D: -59.3385 | Avg_Loss_G: 5480.4479 | Total_Iter: 15105
[5035/10001] End of Epoch | Avg_Loss_D: -104.4509 | Avg_Loss_G: 5522.1237 | Total_Iter: 15108
[5036/10001] End of Epoch | Avg_Loss_D: -111.8915 | Avg_Loss_G: 5462.9361 | Total_Iter: 15111
[5037/10001] End of Epoch | Avg_Loss_D: -190.8094 | Avg_Loss_G: 5501.2844 | Total_Iter: 15114
[5038/10001] End of Epoch | Avg_Loss_D: -335.8534 | Avg_Loss_G: 5443.2033 | Total_Iter: 15117
[5039/10001] End of Epoch | Avg_Loss_D: -82.9932 | Avg_Loss_G: 5555.0938 | Total_Iter: 15120
[5040/10001] End of Epoch | Avg_Loss_D: -563.7764 | Avg_Loss_G: 5245.8726 | Total_Iter: 15123
[5041/10001] End of Epoch | Avg_Loss_D: -583.7022 | Avg_Loss_G: 5420.5875 | Total_Iter: 15126
[5042/10001] End of Epoch | Avg_Loss_D: -701.5728 | Avg_Loss_G: 5348.1975 | Total_Iter: 15129
[5043/10001] End of Epoch | Avg_Loss_D: -713.9960 | Avg_Loss_G: 5394.1390 | Total_Iter: 15132
[5044/10001] End of Epoch | Avg_Loss_D: -900.0204 | Avg_Loss_G: 5274.9208 | Total_Iter: 15135
[5045/10001] End of Epoch | Avg_Loss_D: -1140.7303 | Avg_Loss_G: 5199.6831 | Total_Iter: 15138
[5046/10001] End of Epoch | Avg_Loss_D: -1429.6066 | Avg_Loss_G: 5353.7665 | Total_Iter: 15141
[5047/10001] End of Epoch | Avg_Loss_D: -70.3045 | Avg_Loss_G: 5452.7917 | Total_Iter: 15144
[5048/10001] End of Epoch | Avg_Loss_D: 15.1962 | Avg_Loss_G: 5501.3882 | Total_Iter: 15147
[5049/10001] End of Epoch | Avg_Loss_D: -144.8809 | Avg_Loss_G: 5421.2349 | Total_Iter: 15150
[5050/10001] End of Epoch | Avg_Loss_D: -267.1889 | Avg_Loss_G: 5514.6849 | Total_Iter: 15153
[5051/10001] End of Epoch | Avg_Loss_D: -110.1760 | Avg_Loss_G: 5440.4643 | Total_Iter: 15156
[5052/10001] End of Epoch | Avg_Loss_D: -83.7058 | Avg_Loss_G: 5490.1826 | Total_Iter: 15159
[5053/10001] End of Epoch | Avg_Loss_D: -66.8634 | Avg_Loss_G: 5453.7452 | Total_Iter: 15162
[5054/10001] End of Epoch | Avg_Loss_D: -628.1774 | Avg_Loss_G: 5174.7695 | Total_Iter: 15165
[5055/10001] End of Epoch | Avg_Loss_D: -1425.2092 | Avg_Loss_G: 5339.1002 | Total_Iter: 15168
[5056/10001] End of Epoch | Avg_Loss_D: -1331.1069 | Avg_Loss_G: 5340.3843 | Total_Iter: 15171
[5057/10001] End of Epoch | Avg_Loss_D: -1036.0335 | Avg_Loss_G: 5234.5000 | Total_Iter: 15174
[5058/10001] End of Epoch | Avg_Loss_D: -115.9469 | Avg_Loss_G: 5467.4796 | Total_Iter: 15177
[5059/10001] End of Epoch | Avg_Loss_D: 67.0306 | Avg_Loss_G: 5581.0707 | Total_Iter: 15180
[5060/10001] End of Epoch | Avg_Loss_D: -224.3917 | Avg_Loss_G: 5459.4047 | Total_Iter: 15183
[5061/10001] End of Epoch | Avg_Loss_D: -764.9870 | Avg_Loss_G: 5366.0749 | Total_Iter: 15186
[5062/10001] End of Epoch | Avg_Loss_D: -663.9836 | Avg_Loss_G: 5318.9914 | Total_Iter: 15189
[5063/10001] End of Epoch | Avg_Loss_D: -972.8970 | Avg_Loss_G: 5384.1126 | Total_Iter: 15192
[5064/10001] End of Epoch | Avg_Loss_D: -1118.6249 | Avg_Loss_G: 5424.0719 | Total_Iter: 15195
[5065/10001] End of Epoch | Avg_Loss_D: -932.4542 | Avg_Loss_G: 5376.7378 | Total_Iter: 15198
[5066/10001] End of Epoch | Avg_Loss_D: -1308.7249 | Avg_Loss_G: 5412.7962 | Total_Iter: 15201
[5067/10001] End of Epoch | Avg_Loss_D: -1289.8598 | Avg_Loss_G: 5416.3882 | Total_Iter: 15204
[5068/10001] End of Epoch | Avg_Loss_D: -1536.1921 | Avg_Loss_G: 5117.0677 | Total_Iter: 15207
[5069/10001] End of Epoch | Avg_Loss_D: -505.4225 | Avg_Loss_G: 5455.8204 | Total_Iter: 15210
[5070/10001] End of Epoch | Avg_Loss_D: 50.5955 | Avg_Loss_G: 5516.4967 | Total_Iter: 15213
[5071/10001] End of Epoch | Avg_Loss_D: 31.8256 | Avg_Loss_G: 5503.3644 | Total_Iter: 15216
[5072/10001] End of Epoch | Avg_Loss_D: -30.4544 | Avg_Loss_G: 5507.2669 | Total_Iter: 15219
[5073/10001] End of Epoch | Avg_Loss_D: 22.6508 | Avg_Loss_G: 5512.8776 | Total_Iter: 15222
[5074/10001] End of Epoch | Avg_Loss_D: -34.4573 | Avg_Loss_G: 5506.8149 | Total_Iter: 15225
[5075/10001] End of Epoch | Avg_Loss_D: -13.7733 | Avg_Loss_G: 5475.0328 | Total_Iter: 15228
[5076/10001] End of Epoch | Avg_Loss_D: -24.1912 | Avg_Loss_G: 5486.7886 | Total_Iter: 15231
[5077/10001] End of Epoch | Avg_Loss_D: -52.5823 | Avg_Loss_G: 5467.9497 | Total_Iter: 15234
[5078/10001] End of Epoch | Avg_Loss_D: 8.0411 | Avg_Loss_G: 5454.5747 | Total_Iter: 15237
[5079/10001] End of Epoch | Avg_Loss_D: -59.1031 | Avg_Loss_G: 5454.2250 | Total_Iter: 15240
[5080/10001] End of Epoch | Avg_Loss_D: 11.3901 | Avg_Loss_G: 5464.0952 | Total_Iter: 15243
[5081/10001] End of Epoch | Avg_Loss_D: -144.2095 | Avg_Loss_G: 5402.8299 | Total_Iter: 15246
[5082/10001] End of Epoch | Avg_Loss_D: -6.5076 | Avg_Loss_G: 5377.7086 | Total_Iter: 15249
[5083/10001] End of Epoch | Avg_Loss_D: -135.6267 | Avg_Loss_G: 5325.4221 | Total_Iter: 15252
[5084/10001] End of Epoch | Avg_Loss_D: 37.1335 | Avg_Loss_G: 5369.5891 | Total_Iter: 15255
[5085/10001] End of Epoch | Avg_Loss_D: 8.1246 | Avg_Loss_G: 5478.8759 | Total_Iter: 15258
[5086/10001] End of Epoch | Avg_Loss_D: 13.1460 | Avg_Loss_G: 5480.4633 | Total_Iter: 15261
[5087/10001] End of Epoch | Avg_Loss_D: -15.8327 | Avg_Loss_G: 5485.7142 | Total_Iter: 15264
[5088/10001] End of Epoch | Avg_Loss_D: -21.4451 | Avg_Loss_G: 5475.4164 | Total_Iter: 15267
[5089/10001] End of Epoch | Avg_Loss_D: -157.8793 | Avg_Loss_G: 5356.9311 | Total_Iter: 15270
[5090/10001] End of Epoch | Avg_Loss_D: 173.0783 | Avg_Loss_G: 5241.2196 | Total_Iter: 15273
[5091/10001] End of Epoch | Avg_Loss_D: -615.1109 | Avg_Loss_G: 5329.7877 | Total_Iter: 15276
[5092/10001] End of Epoch | Avg_Loss_D: -770.6917 | Avg_Loss_G: 5189.7269 | Total_Iter: 15279
[5093/10001] End of Epoch | Avg_Loss_D: -407.0012 | Avg_Loss_G: 5201.6617 | Total_Iter: 15282
[5094/10001] End of Epoch | Avg_Loss_D: -531.4069 | Avg_Loss_G: 5286.4838 | Total_Iter: 15285
[5095/10001] End of Epoch | Avg_Loss_D: -1276.3013 | Avg_Loss_G: 5256.8003 | Total_Iter: 15288
[5096/10001] End of Epoch | Avg_Loss_D: -1495.0592 | Avg_Loss_G: 5371.5213 | Total_Iter: 15291
[5097/10001] End of Epoch | Avg_Loss_D: -1198.3371 | Avg_Loss_G: 5358.7233 | Total_Iter: 15294
[5098/10001] End of Epoch | Avg_Loss_D: -1128.9058 | Avg_Loss_G: 5234.0331 | Total_Iter: 15297
[5099/10001] End of Epoch | Avg_Loss_D: -1563.3652 | Avg_Loss_G: 5380.8408 | Total_Iter: 15300
[5100/10001] End of Epoch | Avg_Loss_D: -1003.4807 | Avg_Loss_G: 5306.6497 | Total_Iter: 15303
[5101/10001] End of Epoch | Avg_Loss_D: -1338.2414 | Avg_Loss_G: 5358.7741 | Total_Iter: 15306
[5102/10001] End of Epoch | Avg_Loss_D: -1741.0213 | Avg_Loss_G: 5259.6902 | Total_Iter: 15309
[5103/10001] End of Epoch | Avg_Loss_D: -1026.6934 | Avg_Loss_G: 5365.9691 | Total_Iter: 15312
[5104/10001] End of Epoch | Avg_Loss_D: -2153.7380 | Avg_Loss_G: 5295.5687 | Total_Iter: 15315
[5105/10001] End of Epoch | Avg_Loss_D: -2024.6471 | Avg_Loss_G: 5338.8449 | Total_Iter: 15318
[5106/10001] End of Epoch | Avg_Loss_D: -1138.8977 | Avg_Loss_G: 5285.9969 | Total_Iter: 15321
[5107/10001] End of Epoch | Avg_Loss_D: -2112.8605 | Avg_Loss_G: 5363.5520 | Total_Iter: 15324
[5108/10001] End of Epoch | Avg_Loss_D: 429.1576 | Avg_Loss_G: 5458.2017 | Total_Iter: 15327
[5109/10001] End of Epoch | Avg_Loss_D: 99.0867 | Avg_Loss_G: 5481.2014 | Total_Iter: 15330
[5110/10001] End of Epoch | Avg_Loss_D: 72.5113 | Avg_Loss_G: 5482.7075 | Total_Iter: 15333
[5111/10001] End of Epoch | Avg_Loss_D: 97.7850 | Avg_Loss_G: 5486.3685 | Total_Iter: 15336
[5112/10001] End of Epoch | Avg_Loss_D: 67.4970 | Avg_Loss_G: 5491.3663 | Total_Iter: 15339
[5113/10001] End of Epoch | Avg_Loss_D: 47.4625 | Avg_Loss_G: 5487.6096 | Total_Iter: 15342
[5114/10001] End of Epoch | Avg_Loss_D: 50.3064 | Avg_Loss_G: 5486.2151 | Total_Iter: 15345
[5115/10001] End of Epoch | Avg_Loss_D: 58.6725 | Avg_Loss_G: 5490.2930 | Total_Iter: 15348
[5116/10001] End of Epoch | Avg_Loss_D: 34.6338 | Avg_Loss_G: 5489.5206 | Total_Iter: 15351
[5117/10001] End of Epoch | Avg_Loss_D: 16.0843 | Avg_Loss_G: 5493.9520 | Total_Iter: 15354
[5118/10001] End of Epoch | Avg_Loss_D: 36.7338 | Avg_Loss_G: 5495.9735 | Total_Iter: 15357
[5119/10001] End of Epoch | Avg_Loss_D: 28.4079 | Avg_Loss_G: 5495.9781 | Total_Iter: 15360
[5120/10001] End of Epoch | Avg_Loss_D: 13.5626 | Avg_Loss_G: 5500.1181 | Total_Iter: 15363
[5121/10001] End of Epoch | Avg_Loss_D: 11.1842 | Avg_Loss_G: 5494.8843 | Total_Iter: 15366
[5122/10001] End of Epoch | Avg_Loss_D: 4.2929 | Avg_Loss_G: 5502.0211 | Total_Iter: 15369
[5123/10001] End of Epoch | Avg_Loss_D: 25.0453 | Avg_Loss_G: 5494.9996 | Total_Iter: 15372
[5124/10001] End of Epoch | Avg_Loss_D: 11.0499 | Avg_Loss_G: 5497.3066 | Total_Iter: 15375
[5125/10001] End of Epoch | Avg_Loss_D: 16.1457 | Avg_Loss_G: 5504.6515 | Total_Iter: 15378
[5126/10001] End of Epoch | Avg_Loss_D: 16.9301 | Avg_Loss_G: 5491.0825 | Total_Iter: 15381
[5127/10001] End of Epoch | Avg_Loss_D: 16.6198 | Avg_Loss_G: 5501.7747 | Total_Iter: 15384
[5128/10001] End of Epoch | Avg_Loss_D: 6.0934 | Avg_Loss_G: 5508.0475 | Total_Iter: 15387
[5129/10001] End of Epoch | Avg_Loss_D: 3.7295 | Avg_Loss_G: 5503.3097 | Total_Iter: 15390
[5130/10001] End of Epoch | Avg_Loss_D: 14.4572 | Avg_Loss_G: 5503.1085 | Total_Iter: 15393
[5131/10001] End of Epoch | Avg_Loss_D: -3.6484 | Avg_Loss_G: 5504.1287 | Total_Iter: 15396
[5132/10001] End of Epoch | Avg_Loss_D: 21.3091 | Avg_Loss_G: 5507.6194 | Total_Iter: 15399
[5133/10001] End of Epoch | Avg_Loss_D: 3.8946 | Avg_Loss_G: 5505.5556 | Total_Iter: 15402
[5134/10001] End of Epoch | Avg_Loss_D: 8.5420 | Avg_Loss_G: 5508.6957 | Total_Iter: 15405
[5135/10001] End of Epoch | Avg_Loss_D: -0.6413 | Avg_Loss_G: 5506.9221 | Total_Iter: 15408
[5136/10001] End of Epoch | Avg_Loss_D: -5.5188 | Avg_Loss_G: 5504.0182 | Total_Iter: 15411
[5137/10001] End of Epoch | Avg_Loss_D: 8.8450 | Avg_Loss_G: 5505.8526 | Total_Iter: 15414
[5138/10001] End of Epoch | Avg_Loss_D: 1.4077 | Avg_Loss_G: 5501.4371 | Total_Iter: 15417
[5139/10001] End of Epoch | Avg_Loss_D: -2.5513 | Avg_Loss_G: 5503.0720 | Total_Iter: 15420
[5140/10001] End of Epoch | Avg_Loss_D: 22.4947 | Avg_Loss_G: 5503.0228 | Total_Iter: 15423
[5141/10001] End of Epoch | Avg_Loss_D: 12.8164 | Avg_Loss_G: 5508.8806 | Total_Iter: 15426
[5142/10001] End of Epoch | Avg_Loss_D: 18.3125 | Avg_Loss_G: 5510.5312 | Total_Iter: 15429
[5143/10001] End of Epoch | Avg_Loss_D: 3.7876 | Avg_Loss_G: 5510.3077 | Total_Iter: 15432
[5144/10001] End of Epoch | Avg_Loss_D: 13.1128 | Avg_Loss_G: 5504.8893 | Total_Iter: 15435
[5145/10001] End of Epoch | Avg_Loss_D: 10.9323 | Avg_Loss_G: 5517.2836 | Total_Iter: 15438
[5146/10001] End of Epoch | Avg_Loss_D: 11.1653 | Avg_Loss_G: 5512.2216 | Total_Iter: 15441
[5147/10001] End of Epoch | Avg_Loss_D: -3.7817 | Avg_Loss_G: 5511.8804 | Total_Iter: 15444
[5148/10001] End of Epoch | Avg_Loss_D: -0.7233 | Avg_Loss_G: 5507.8670 | Total_Iter: 15447
[5149/10001] End of Epoch | Avg_Loss_D: -7.0070 | Avg_Loss_G: 5512.9303 | Total_Iter: 15450
[5150/10001] End of Epoch | Avg_Loss_D: 2.1236 | Avg_Loss_G: 5512.5842 | Total_Iter: 15453
[5151/10001] End of Epoch | Avg_Loss_D: -3.9604 | Avg_Loss_G: 5512.4852 | Total_Iter: 15456
[5152/10001] End of Epoch | Avg_Loss_D: -0.8982 | Avg_Loss_G: 5511.5297 | Total_Iter: 15459
[5153/10001] End of Epoch | Avg_Loss_D: 9.3263 | Avg_Loss_G: 5510.4544 | Total_Iter: 15462
[5154/10001] End of Epoch | Avg_Loss_D: -7.4101 | Avg_Loss_G: 5510.0020 | Total_Iter: 15465
[5155/10001] End of Epoch | Avg_Loss_D: 2.9370 | Avg_Loss_G: 5514.5178 | Total_Iter: 15468
[5156/10001] End of Epoch | Avg_Loss_D: 4.8528 | Avg_Loss_G: 5513.0278 | Total_Iter: 15471
[5157/10001] End of Epoch | Avg_Loss_D: 9.0009 | Avg_Loss_G: 5514.4887 | Total_Iter: 15474
[5158/10001] End of Epoch | Avg_Loss_D: -6.3775 | Avg_Loss_G: 5515.9516 | Total_Iter: 15477
[5159/10001] End of Epoch | Avg_Loss_D: -4.7304 | Avg_Loss_G: 5520.5009 | Total_Iter: 15480
[5160/10001] End of Epoch | Avg_Loss_D: -3.4063 | Avg_Loss_G: 5516.1615 | Total_Iter: 15483
[5161/10001] End of Epoch | Avg_Loss_D: -3.7580 | Avg_Loss_G: 5518.1868 | Total_Iter: 15486
[5162/10001] End of Epoch | Avg_Loss_D: -0.7046 | Avg_Loss_G: 5521.0514 | Total_Iter: 15489
[5163/10001] End of Epoch | Avg_Loss_D: -6.5625 | Avg_Loss_G: 5518.7422 | Total_Iter: 15492
[5164/10001] End of Epoch | Avg_Loss_D: 7.3730 | Avg_Loss_G: 5524.9015 | Total_Iter: 15495
[5165/10001] End of Epoch | Avg_Loss_D: -6.0693 | Avg_Loss_G: 5521.5007 | Total_Iter: 15498
[5166/10001] End of Epoch | Avg_Loss_D: 0.8217 | Avg_Loss_G: 5522.2441 | Total_Iter: 15501
[5167/10001] End of Epoch | Avg_Loss_D: -8.0896 | Avg_Loss_G: 5517.7266 | Total_Iter: 15504
[5168/10001] End of Epoch | Avg_Loss_D: 4.9663 | Avg_Loss_G: 5520.6808 | Total_Iter: 15507
[5169/10001] End of Epoch | Avg_Loss_D: -7.2304 | Avg_Loss_G: 5517.9041 | Total_Iter: 15510
[5170/10001] End of Epoch | Avg_Loss_D: -4.7968 | Avg_Loss_G: 5516.5030 | Total_Iter: 15513
[5171/10001] End of Epoch | Avg_Loss_D: 5.0012 | Avg_Loss_G: 5512.0734 | Total_Iter: 15516
[5172/10001] End of Epoch | Avg_Loss_D: -3.5562 | Avg_Loss_G: 5515.4579 | Total_Iter: 15519
[5173/10001] End of Epoch | Avg_Loss_D: -8.2762 | Avg_Loss_G: 5517.0671 | Total_Iter: 15522
[5174/10001] End of Epoch | Avg_Loss_D: -2.2119 | Avg_Loss_G: 5518.2878 | Total_Iter: 15525
[5175/10001] End of Epoch | Avg_Loss_D: -8.9936 | Avg_Loss_G: 5515.7062 | Total_Iter: 15528
[5176/10001] End of Epoch | Avg_Loss_D: -5.2199 | Avg_Loss_G: 5520.3496 | Total_Iter: 15531
[5177/10001] End of Epoch | Avg_Loss_D: -8.9005 | Avg_Loss_G: 5517.2697 | Total_Iter: 15534
[5178/10001] End of Epoch | Avg_Loss_D: -9.9282 | Avg_Loss_G: 5524.5805 | Total_Iter: 15537
[5179/10001] End of Epoch | Avg_Loss_D: -15.7872 | Avg_Loss_G: 5516.9861 | Total_Iter: 15540
[5180/10001] End of Epoch | Avg_Loss_D: -15.9009 | Avg_Loss_G: 5518.0558 | Total_Iter: 15543
[5181/10001] End of Epoch | Avg_Loss_D: -5.0794 | Avg_Loss_G: 5515.0438 | Total_Iter: 15546
[5182/10001] End of Epoch | Avg_Loss_D: -9.1155 | Avg_Loss_G: 5518.9722 | Total_Iter: 15549
[5183/10001] End of Epoch | Avg_Loss_D: -5.0026 | Avg_Loss_G: 5521.1408 | Total_Iter: 15552
[5184/10001] End of Epoch | Avg_Loss_D: -5.7721 | Avg_Loss_G: 5524.9842 | Total_Iter: 15555
[5185/10001] End of Epoch | Avg_Loss_D: -15.6913 | Avg_Loss_G: 5524.3281 | Total_Iter: 15558
[5186/10001] End of Epoch | Avg_Loss_D: 0.8829 | Avg_Loss_G: 5523.7713 | Total_Iter: 15561
[5187/10001] End of Epoch | Avg_Loss_D: 4.1258 | Avg_Loss_G: 5525.5710 | Total_Iter: 15564
[5188/10001] End of Epoch | Avg_Loss_D: -14.7090 | Avg_Loss_G: 5522.5996 | Total_Iter: 15567
[5189/10001] End of Epoch | Avg_Loss_D: -12.5645 | Avg_Loss_G: 5516.3490 | Total_Iter: 15570
[5190/10001] End of Epoch | Avg_Loss_D: -0.8710 | Avg_Loss_G: 5523.9763 | Total_Iter: 15573
[5191/10001] End of Epoch | Avg_Loss_D: -6.1680 | Avg_Loss_G: 5522.7556 | Total_Iter: 15576
[5192/10001] End of Epoch | Avg_Loss_D: -4.5531 | Avg_Loss_G: 5524.3741 | Total_Iter: 15579
[5193/10001] End of Epoch | Avg_Loss_D: -2.6841 | Avg_Loss_G: 5524.7068 | Total_Iter: 15582
[5194/10001] End of Epoch | Avg_Loss_D: -9.3436 | Avg_Loss_G: 5526.0232 | Total_Iter: 15585
[5195/10001] End of Epoch | Avg_Loss_D: -5.3723 | Avg_Loss_G: 5516.7389 | Total_Iter: 15588
[5196/10001] End of Epoch | Avg_Loss_D: -13.4527 | Avg_Loss_G: 5525.2029 | Total_Iter: 15591
[5197/10001] End of Epoch | Avg_Loss_D: -11.0888 | Avg_Loss_G: 5525.2971 | Total_Iter: 15594
[5198/10001] End of Epoch | Avg_Loss_D: 2.5544 | Avg_Loss_G: 5516.9586 | Total_Iter: 15597
[5199/10001] End of Epoch | Avg_Loss_D: -3.4592 | Avg_Loss_G: 5529.4219 | Total_Iter: 15600
[5200/10001] End of Epoch | Avg_Loss_D: 1.2576 | Avg_Loss_G: 5532.6636 | Total_Iter: 15603
[5201/10001] End of Epoch | Avg_Loss_D: -9.0164 | Avg_Loss_G: 5523.9748 | Total_Iter: 15606
[5202/10001] End of Epoch | Avg_Loss_D: -13.0200 | Avg_Loss_G: 5530.3774 | Total_Iter: 15609
[5203/10001] End of Epoch | Avg_Loss_D: 5.3173 | Avg_Loss_G: 5530.3843 | Total_Iter: 15612
[5204/10001] End of Epoch | Avg_Loss_D: -11.1017 | Avg_Loss_G: 5527.7376 | Total_Iter: 15615
[5205/10001] End of Epoch | Avg_Loss_D: -14.4368 | Avg_Loss_G: 5525.5638 | Total_Iter: 15618
[5206/10001] End of Epoch | Avg_Loss_D: -4.7700 | Avg_Loss_G: 5530.2420 | Total_Iter: 15621
[5207/10001] End of Epoch | Avg_Loss_D: -6.6366 | Avg_Loss_G: 5523.6625 | Total_Iter: 15624
[5208/10001] End of Epoch | Avg_Loss_D: -10.9471 | Avg_Loss_G: 5526.1882 | Total_Iter: 15627
[5209/10001] End of Epoch | Avg_Loss_D: -12.2520 | Avg_Loss_G: 5520.1465 | Total_Iter: 15630
[5210/10001] End of Epoch | Avg_Loss_D: -15.1534 | Avg_Loss_G: 5521.5271 | Total_Iter: 15633
[5211/10001] End of Epoch | Avg_Loss_D: -11.1124 | Avg_Loss_G: 5515.1018 | Total_Iter: 15636
[5212/10001] End of Epoch | Avg_Loss_D: -9.7701 | Avg_Loss_G: 5516.6769 | Total_Iter: 15639
[5213/10001] End of Epoch | Avg_Loss_D: -10.5808 | Avg_Loss_G: 5519.7218 | Total_Iter: 15642
[5214/10001] End of Epoch | Avg_Loss_D: -9.1213 | Avg_Loss_G: 5522.3403 | Total_Iter: 15645
[5215/10001] End of Epoch | Avg_Loss_D: -15.6939 | Avg_Loss_G: 5525.7363 | Total_Iter: 15648
[5216/10001] End of Epoch | Avg_Loss_D: -9.3481 | Avg_Loss_G: 5526.0297 | Total_Iter: 15651
[5217/10001] End of Epoch | Avg_Loss_D: 1.0576 | Avg_Loss_G: 5521.8711 | Total_Iter: 15654
[5218/10001] End of Epoch | Avg_Loss_D: -10.6463 | Avg_Loss_G: 5524.5341 | Total_Iter: 15657
[5219/10001] End of Epoch | Avg_Loss_D: -11.9100 | Avg_Loss_G: 5526.0341 | Total_Iter: 15660
[5220/10001] End of Epoch | Avg_Loss_D: -2.3720 | Avg_Loss_G: 5525.1621 | Total_Iter: 15663
[5221/10001] End of Epoch | Avg_Loss_D: -9.2483 | Avg_Loss_G: 5524.0230 | Total_Iter: 15666
[5222/10001] End of Epoch | Avg_Loss_D: -6.3829 | Avg_Loss_G: 5524.1135 | Total_Iter: 15669
[5223/10001] End of Epoch | Avg_Loss_D: -25.4222 | Avg_Loss_G: 5527.8728 | Total_Iter: 15672
[5224/10001] End of Epoch | Avg_Loss_D: -13.9288 | Avg_Loss_G: 5527.4286 | Total_Iter: 15675
[5225/10001] End of Epoch | Avg_Loss_D: -20.2058 | Avg_Loss_G: 5518.1428 | Total_Iter: 15678
[5226/10001] End of Epoch | Avg_Loss_D: -10.7176 | Avg_Loss_G: 5522.5304 | Total_Iter: 15681
[5227/10001] End of Epoch | Avg_Loss_D: -12.9450 | Avg_Loss_G: 5530.1122 | Total_Iter: 15684
[5228/10001] End of Epoch | Avg_Loss_D: -8.1591 | Avg_Loss_G: 5524.0916 | Total_Iter: 15687
[5229/10001] End of Epoch | Avg_Loss_D: -17.6769 | Avg_Loss_G: 5519.6302 | Total_Iter: 15690
[5230/10001] End of Epoch | Avg_Loss_D: -9.0378 | Avg_Loss_G: 5525.0822 | Total_Iter: 15693
[5231/10001] End of Epoch | Avg_Loss_D: -8.6936 | Avg_Loss_G: 5522.5653 | Total_Iter: 15696
[5232/10001] End of Epoch | Avg_Loss_D: -5.1438 | Avg_Loss_G: 5517.9731 | Total_Iter: 15699
[5233/10001] End of Epoch | Avg_Loss_D: -7.5108 | Avg_Loss_G: 5529.5080 | Total_Iter: 15702
[5234/10001] End of Epoch | Avg_Loss_D: -12.4805 | Avg_Loss_G: 5524.5048 | Total_Iter: 15705
[5235/10001] End of Epoch | Avg_Loss_D: -10.5937 | Avg_Loss_G: 5526.1181 | Total_Iter: 15708
[5236/10001] End of Epoch | Avg_Loss_D: -13.0228 | Avg_Loss_G: 5532.2509 | Total_Iter: 15711
[5237/10001] End of Epoch | Avg_Loss_D: -18.3578 | Avg_Loss_G: 5519.4002 | Total_Iter: 15714
[5238/10001] End of Epoch | Avg_Loss_D: -16.4635 | Avg_Loss_G: 5527.0232 | Total_Iter: 15717
[5239/10001] End of Epoch | Avg_Loss_D: -15.2553 | Avg_Loss_G: 5525.6398 | Total_Iter: 15720
[5240/10001] End of Epoch | Avg_Loss_D: -1.3984 | Avg_Loss_G: 5520.9857 | Total_Iter: 15723
[5241/10001] End of Epoch | Avg_Loss_D: -6.5423 | Avg_Loss_G: 5526.6406 | Total_Iter: 15726
[5242/10001] End of Epoch | Avg_Loss_D: -6.3463 | Avg_Loss_G: 5522.7569 | Total_Iter: 15729
[5243/10001] End of Epoch | Avg_Loss_D: -16.1799 | Avg_Loss_G: 5523.0035 | Total_Iter: 15732
[5244/10001] End of Epoch | Avg_Loss_D: -17.0590 | Avg_Loss_G: 5516.7593 | Total_Iter: 15735
[5245/10001] End of Epoch | Avg_Loss_D: -8.7447 | Avg_Loss_G: 5522.6395 | Total_Iter: 15738
[5246/10001] End of Epoch | Avg_Loss_D: -13.2662 | Avg_Loss_G: 5531.2472 | Total_Iter: 15741
[5247/10001] End of Epoch | Avg_Loss_D: -4.8984 | Avg_Loss_G: 5525.8848 | Total_Iter: 15744
[5248/10001] End of Epoch | Avg_Loss_D: -11.4958 | Avg_Loss_G: 5529.0241 | Total_Iter: 15747
[5249/10001] End of Epoch | Avg_Loss_D: -19.9373 | Avg_Loss_G: 5520.8244 | Total_Iter: 15750
[5250/10001] End of Epoch | Avg_Loss_D: -12.5644 | Avg_Loss_G: 5516.6495 | Total_Iter: 15753
[5251/10001] End of Epoch | Avg_Loss_D: -10.7314 | Avg_Loss_G: 5520.7817 | Total_Iter: 15756
[5252/10001] End of Epoch | Avg_Loss_D: -14.8978 | Avg_Loss_G: 5520.0875 | Total_Iter: 15759
[5253/10001] End of Epoch | Avg_Loss_D: -12.0341 | Avg_Loss_G: 5524.0054 | Total_Iter: 15762
[5254/10001] End of Epoch | Avg_Loss_D: -24.8819 | Avg_Loss_G: 5520.5564 | Total_Iter: 15765
[5255/10001] End of Epoch | Avg_Loss_D: 1.2382 | Avg_Loss_G: 5523.7075 | Total_Iter: 15768
[5256/10001] End of Epoch | Avg_Loss_D: 10.7276 | Avg_Loss_G: 5527.9605 | Total_Iter: 15771
[5257/10001] End of Epoch | Avg_Loss_D: -10.1162 | Avg_Loss_G: 5523.4779 | Total_Iter: 15774
[5258/10001] End of Epoch | Avg_Loss_D: -9.0770 | Avg_Loss_G: 5519.9082 | Total_Iter: 15777
[5259/10001] End of Epoch | Avg_Loss_D: -11.4021 | Avg_Loss_G: 5518.5566 | Total_Iter: 15780
[5260/10001] End of Epoch | Avg_Loss_D: -23.6342 | Avg_Loss_G: 5516.3357 | Total_Iter: 15783
[5261/10001] End of Epoch | Avg_Loss_D: -12.5665 | Avg_Loss_G: 5518.9846 | Total_Iter: 15786
[5262/10001] End of Epoch | Avg_Loss_D: -9.6433 | Avg_Loss_G: 5523.6879 | Total_Iter: 15789
[5263/10001] End of Epoch | Avg_Loss_D: -8.9364 | Avg_Loss_G: 5518.3370 | Total_Iter: 15792
[5264/10001] End of Epoch | Avg_Loss_D: -23.2461 | Avg_Loss_G: 5518.0286 | Total_Iter: 15795
[5265/10001] End of Epoch | Avg_Loss_D: -2.3781 | Avg_Loss_G: 5524.0699 | Total_Iter: 15798
[5266/10001] End of Epoch | Avg_Loss_D: -10.2394 | Avg_Loss_G: 5527.8220 | Total_Iter: 15801
[5267/10001] End of Epoch | Avg_Loss_D: -12.3510 | Avg_Loss_G: 5525.9494 | Total_Iter: 15804
[5268/10001] End of Epoch | Avg_Loss_D: -10.8284 | Avg_Loss_G: 5524.9449 | Total_Iter: 15807
[5269/10001] End of Epoch | Avg_Loss_D: -16.6167 | Avg_Loss_G: 5518.5456 | Total_Iter: 15810
[5270/10001] End of Epoch | Avg_Loss_D: -14.9278 | Avg_Loss_G: 5520.8216 | Total_Iter: 15813
[5271/10001] End of Epoch | Avg_Loss_D: -19.0865 | Avg_Loss_G: 5523.0907 | Total_Iter: 15816
[5272/10001] End of Epoch | Avg_Loss_D: -5.5639 | Avg_Loss_G: 5522.9577 | Total_Iter: 15819
[5273/10001] End of Epoch | Avg_Loss_D: -10.9970 | Avg_Loss_G: 5522.5924 | Total_Iter: 15822
[5274/10001] End of Epoch | Avg_Loss_D: -8.1735 | Avg_Loss_G: 5524.8533 | Total_Iter: 15825
[5275/10001] End of Epoch | Avg_Loss_D: -38.5957 | Avg_Loss_G: 5518.0540 | Total_Iter: 15828
[5276/10001] End of Epoch | Avg_Loss_D: -22.2425 | Avg_Loss_G: 5514.8088 | Total_Iter: 15831
[5277/10001] End of Epoch | Avg_Loss_D: -20.3553 | Avg_Loss_G: 5526.4492 | Total_Iter: 15834
[5278/10001] End of Epoch | Avg_Loss_D: -6.2042 | Avg_Loss_G: 5521.6283 | Total_Iter: 15837
[5279/10001] End of Epoch | Avg_Loss_D: -14.8374 | Avg_Loss_G: 5513.8615 | Total_Iter: 15840
[5280/10001] End of Epoch | Avg_Loss_D: -12.2970 | Avg_Loss_G: 5524.4970 | Total_Iter: 15843
[5281/10001] End of Epoch | Avg_Loss_D: -3.7018 | Avg_Loss_G: 5520.6888 | Total_Iter: 15846
[5282/10001] End of Epoch | Avg_Loss_D: -27.3275 | Avg_Loss_G: 5528.4345 | Total_Iter: 15849
[5283/10001] End of Epoch | Avg_Loss_D: -12.2104 | Avg_Loss_G: 5525.0942 | Total_Iter: 15852
[5284/10001] End of Epoch | Avg_Loss_D: -0.1169 | Avg_Loss_G: 5520.7875 | Total_Iter: 15855
[5285/10001] End of Epoch | Avg_Loss_D: -15.5628 | Avg_Loss_G: 5529.8702 | Total_Iter: 15858
[5286/10001] End of Epoch | Avg_Loss_D: -15.0392 | Avg_Loss_G: 5525.4091 | Total_Iter: 15861
[5287/10001] End of Epoch | Avg_Loss_D: -10.1693 | Avg_Loss_G: 5515.5319 | Total_Iter: 15864
[5288/10001] End of Epoch | Avg_Loss_D: -22.4207 | Avg_Loss_G: 5524.5653 | Total_Iter: 15867
[5289/10001] End of Epoch | Avg_Loss_D: -21.3869 | Avg_Loss_G: 5520.8863 | Total_Iter: 15870
[5290/10001] End of Epoch | Avg_Loss_D: -7.5050 | Avg_Loss_G: 5526.5128 | Total_Iter: 15873
[5291/10001] End of Epoch | Avg_Loss_D: -16.4307 | Avg_Loss_G: 5516.4499 | Total_Iter: 15876
[5292/10001] End of Epoch | Avg_Loss_D: -23.9174 | Avg_Loss_G: 5527.2439 | Total_Iter: 15879
[5293/10001] End of Epoch | Avg_Loss_D: -16.7416 | Avg_Loss_G: 5513.3056 | Total_Iter: 15882
[5294/10001] End of Epoch | Avg_Loss_D: -35.3442 | Avg_Loss_G: 5516.1037 | Total_Iter: 15885
[5295/10001] End of Epoch | Avg_Loss_D: -25.1058 | Avg_Loss_G: 5513.6968 | Total_Iter: 15888
[5296/10001] End of Epoch | Avg_Loss_D: -23.9768 | Avg_Loss_G: 5515.7750 | Total_Iter: 15891
[5297/10001] End of Epoch | Avg_Loss_D: -14.7414 | Avg_Loss_G: 5506.6604 | Total_Iter: 15894
[5298/10001] End of Epoch | Avg_Loss_D: 1.7310 | Avg_Loss_G: 5507.3140 | Total_Iter: 15897
[5299/10001] End of Epoch | Avg_Loss_D: -0.0174 | Avg_Loss_G: 5522.1330 | Total_Iter: 15900
[5300/10001] End of Epoch | Avg_Loss_D: -19.6354 | Avg_Loss_G: 5514.3533 | Total_Iter: 15903
[5301/10001] End of Epoch | Avg_Loss_D: -9.9088 | Avg_Loss_G: 5522.4996 | Total_Iter: 15906
[5302/10001] End of Epoch | Avg_Loss_D: -3.6346 | Avg_Loss_G: 5524.4622 | Total_Iter: 15909
[5303/10001] End of Epoch | Avg_Loss_D: -18.7031 | Avg_Loss_G: 5519.7502 | Total_Iter: 15912
[5304/10001] End of Epoch | Avg_Loss_D: -7.2953 | Avg_Loss_G: 5510.8173 | Total_Iter: 15915
[5305/10001] End of Epoch | Avg_Loss_D: -9.1653 | Avg_Loss_G: 5511.9178 | Total_Iter: 15918
[5306/10001] End of Epoch | Avg_Loss_D: -1.5678 | Avg_Loss_G: 5517.8817 | Total_Iter: 15921
[5307/10001] End of Epoch | Avg_Loss_D: -19.8269 | Avg_Loss_G: 5516.0013 | Total_Iter: 15924
[5308/10001] End of Epoch | Avg_Loss_D: -9.5173 | Avg_Loss_G: 5519.4262 | Total_Iter: 15927
[5309/10001] End of Epoch | Avg_Loss_D: -14.3567 | Avg_Loss_G: 5516.4835 | Total_Iter: 15930
[5310/10001] End of Epoch | Avg_Loss_D: -17.3236 | Avg_Loss_G: 5524.4108 | Total_Iter: 15933
[5311/10001] End of Epoch | Avg_Loss_D: -22.2941 | Avg_Loss_G: 5522.8129 | Total_Iter: 15936
[5312/10001] End of Epoch | Avg_Loss_D: -21.0792 | Avg_Loss_G: 5516.2589 | Total_Iter: 15939
[5313/10001] End of Epoch | Avg_Loss_D: -15.0165 | Avg_Loss_G: 5516.0853 | Total_Iter: 15942
[5314/10001] End of Epoch | Avg_Loss_D: -3.0295 | Avg_Loss_G: 5527.6272 | Total_Iter: 15945
[5315/10001] End of Epoch | Avg_Loss_D: -25.6057 | Avg_Loss_G: 5517.8171 | Total_Iter: 15948
[5316/10001] End of Epoch | Avg_Loss_D: -18.8894 | Avg_Loss_G: 5521.3194 | Total_Iter: 15951
[5317/10001] End of Epoch | Avg_Loss_D: -20.0863 | Avg_Loss_G: 5515.3040 | Total_Iter: 15954
[5318/10001] End of Epoch | Avg_Loss_D: -9.9446 | Avg_Loss_G: 5524.0406 | Total_Iter: 15957
[5319/10001] End of Epoch | Avg_Loss_D: -13.7994 | Avg_Loss_G: 5515.6367 | Total_Iter: 15960
[5320/10001] End of Epoch | Avg_Loss_D: -24.1919 | Avg_Loss_G: 5514.7491 | Total_Iter: 15963
[5321/10001] End of Epoch | Avg_Loss_D: -13.2347 | Avg_Loss_G: 5508.8776 | Total_Iter: 15966
[5322/10001] End of Epoch | Avg_Loss_D: -18.0062 | Avg_Loss_G: 5516.1497 | Total_Iter: 15969
[5323/10001] End of Epoch | Avg_Loss_D: -0.8192 | Avg_Loss_G: 5526.8668 | Total_Iter: 15972
[5324/10001] End of Epoch | Avg_Loss_D: -37.7640 | Avg_Loss_G: 5518.0716 | Total_Iter: 15975
[5325/10001] End of Epoch | Avg_Loss_D: -29.0661 | Avg_Loss_G: 5517.1510 | Total_Iter: 15978
[5326/10001] End of Epoch | Avg_Loss_D: -28.2076 | Avg_Loss_G: 5511.6760 | Total_Iter: 15981
[5327/10001] End of Epoch | Avg_Loss_D: -19.3075 | Avg_Loss_G: 5517.4781 | Total_Iter: 15984
[5328/10001] End of Epoch | Avg_Loss_D: -8.7122 | Avg_Loss_G: 5521.8728 | Total_Iter: 15987
[5329/10001] End of Epoch | Avg_Loss_D: -13.6724 | Avg_Loss_G: 5514.2867 | Total_Iter: 15990
[5330/10001] End of Epoch | Avg_Loss_D: -15.3168 | Avg_Loss_G: 5512.4720 | Total_Iter: 15993
[5331/10001] End of Epoch | Avg_Loss_D: -25.7437 | Avg_Loss_G: 5506.8754 | Total_Iter: 15996
[5332/10001] End of Epoch | Avg_Loss_D: -20.7867 | Avg_Loss_G: 5523.7550 | Total_Iter: 15999
[5333/10001] End of Epoch | Avg_Loss_D: -17.2812 | Avg_Loss_G: 5521.6895 | Total_Iter: 16002
[5334/10001] End of Epoch | Avg_Loss_D: -13.4220 | Avg_Loss_G: 5517.2289 | Total_Iter: 16005
[5335/10001] End of Epoch | Avg_Loss_D: -28.0401 | Avg_Loss_G: 5521.6432 | Total_Iter: 16008
[5336/10001] End of Epoch | Avg_Loss_D: -18.2793 | Avg_Loss_G: 5514.1515 | Total_Iter: 16011
[5337/10001] End of Epoch | Avg_Loss_D: -15.1380 | Avg_Loss_G: 5513.6174 | Total_Iter: 16014
[5338/10001] End of Epoch | Avg_Loss_D: -18.9317 | Avg_Loss_G: 5509.0082 | Total_Iter: 16017
[5339/10001] End of Epoch | Avg_Loss_D: -14.6952 | Avg_Loss_G: 5520.0406 | Total_Iter: 16020
[5340/10001] End of Epoch | Avg_Loss_D: -25.6257 | Avg_Loss_G: 5515.2033 | Total_Iter: 16023
[5341/10001] End of Epoch | Avg_Loss_D: -20.4061 | Avg_Loss_G: 5505.3095 | Total_Iter: 16026
[5342/10001] End of Epoch | Avg_Loss_D: -38.7980 | Avg_Loss_G: 5501.3830 | Total_Iter: 16029
[5343/10001] End of Epoch | Avg_Loss_D: -22.0461 | Avg_Loss_G: 5530.0048 | Total_Iter: 16032
[5344/10001] End of Epoch | Avg_Loss_D: -33.6419 | Avg_Loss_G: 5509.0931 | Total_Iter: 16035
[5345/10001] End of Epoch | Avg_Loss_D: -13.6162 | Avg_Loss_G: 5517.0152 | Total_Iter: 16038
[5346/10001] End of Epoch | Avg_Loss_D: -15.4865 | Avg_Loss_G: 5508.9913 | Total_Iter: 16041
[5347/10001] End of Epoch | Avg_Loss_D: -25.5485 | Avg_Loss_G: 5507.0486 | Total_Iter: 16044
[5348/10001] End of Epoch | Avg_Loss_D: -17.0425 | Avg_Loss_G: 5515.6497 | Total_Iter: 16047
[5349/10001] End of Epoch | Avg_Loss_D: -19.5329 | Avg_Loss_G: 5515.6445 | Total_Iter: 16050
[5350/10001] End of Epoch | Avg_Loss_D: -11.7564 | Avg_Loss_G: 5507.8898 | Total_Iter: 16053
[5351/10001] End of Epoch | Avg_Loss_D: -22.7506 | Avg_Loss_G: 5512.1432 | Total_Iter: 16056
[5352/10001] End of Epoch | Avg_Loss_D: -50.4596 | Avg_Loss_G: 5508.0705 | Total_Iter: 16059
[5353/10001] End of Epoch | Avg_Loss_D: -4.0173 | Avg_Loss_G: 5519.9983 | Total_Iter: 16062
[5354/10001] End of Epoch | Avg_Loss_D: -46.8125 | Avg_Loss_G: 5514.1986 | Total_Iter: 16065
[5355/10001] End of Epoch | Avg_Loss_D: -19.7996 | Avg_Loss_G: 5517.4766 | Total_Iter: 16068
[5356/10001] End of Epoch | Avg_Loss_D: -13.5733 | Avg_Loss_G: 5514.0347 | Total_Iter: 16071
[5357/10001] End of Epoch | Avg_Loss_D: -18.2101 | Avg_Loss_G: 5518.8546 | Total_Iter: 16074
[5358/10001] End of Epoch | Avg_Loss_D: -27.0250 | Avg_Loss_G: 5511.1374 | Total_Iter: 16077
[5359/10001] End of Epoch | Avg_Loss_D: -7.1814 | Avg_Loss_G: 5533.8845 | Total_Iter: 16080
[5360/10001] End of Epoch | Avg_Loss_D: -11.1212 | Avg_Loss_G: 5523.8164 | Total_Iter: 16083
[5361/10001] End of Epoch | Avg_Loss_D: -36.3017 | Avg_Loss_G: 5496.8739 | Total_Iter: 16086
[5362/10001] End of Epoch | Avg_Loss_D: -28.9634 | Avg_Loss_G: 5522.7500 | Total_Iter: 16089
[5363/10001] End of Epoch | Avg_Loss_D: -33.7435 | Avg_Loss_G: 5517.7255 | Total_Iter: 16092
[5364/10001] End of Epoch | Avg_Loss_D: -37.6036 | Avg_Loss_G: 5519.7663 | Total_Iter: 16095
[5365/10001] End of Epoch | Avg_Loss_D: -43.2958 | Avg_Loss_G: 5512.6421 | Total_Iter: 16098
[5366/10001] End of Epoch | Avg_Loss_D: -26.6278 | Avg_Loss_G: 5503.4852 | Total_Iter: 16101
[5367/10001] End of Epoch | Avg_Loss_D: -7.4333 | Avg_Loss_G: 5518.8928 | Total_Iter: 16104
[5368/10001] End of Epoch | Avg_Loss_D: -31.7737 | Avg_Loss_G: 5517.4112 | Total_Iter: 16107
[5369/10001] End of Epoch | Avg_Loss_D: 24.8614 | Avg_Loss_G: 5511.3908 | Total_Iter: 16110
[5370/10001] End of Epoch | Avg_Loss_D: -16.6675 | Avg_Loss_G: 5504.9889 | Total_Iter: 16113
[5371/10001] End of Epoch | Avg_Loss_D: -85.3911 | Avg_Loss_G: 5514.2834 | Total_Iter: 16116
[5372/10001] End of Epoch | Avg_Loss_D: -38.7774 | Avg_Loss_G: 5499.9859 | Total_Iter: 16119
[5373/10001] End of Epoch | Avg_Loss_D: -39.3527 | Avg_Loss_G: 5510.7086 | Total_Iter: 16122
[5374/10001] End of Epoch | Avg_Loss_D: -45.9438 | Avg_Loss_G: 5491.0668 | Total_Iter: 16125
[5375/10001] End of Epoch | Avg_Loss_D: -5.9812 | Avg_Loss_G: 5503.0866 | Total_Iter: 16128
[5376/10001] End of Epoch | Avg_Loss_D: -1.8015 | Avg_Loss_G: 5506.2122 | Total_Iter: 16131
[5377/10001] End of Epoch | Avg_Loss_D: -15.3607 | Avg_Loss_G: 5492.9818 | Total_Iter: 16134
[5378/10001] End of Epoch | Avg_Loss_D: 13.8608 | Avg_Loss_G: 5506.9082 | Total_Iter: 16137
[5379/10001] End of Epoch | Avg_Loss_D: -23.9036 | Avg_Loss_G: 5492.4130 | Total_Iter: 16140
[5380/10001] End of Epoch | Avg_Loss_D: -47.6849 | Avg_Loss_G: 5504.5970 | Total_Iter: 16143
[5381/10001] End of Epoch | Avg_Loss_D: -19.1827 | Avg_Loss_G: 5445.9976 | Total_Iter: 16146
[5382/10001] End of Epoch | Avg_Loss_D: -30.1976 | Avg_Loss_G: 5499.3691 | Total_Iter: 16149
[5383/10001] End of Epoch | Avg_Loss_D: -29.8802 | Avg_Loss_G: 5493.9622 | Total_Iter: 16152
[5384/10001] End of Epoch | Avg_Loss_D: -65.5073 | Avg_Loss_G: 5480.7282 | Total_Iter: 16155
[5385/10001] End of Epoch | Avg_Loss_D: 127.6068 | Avg_Loss_G: 5497.9499 | Total_Iter: 16158
[5386/10001] End of Epoch | Avg_Loss_D: -1.4723 | Avg_Loss_G: 5494.5686 | Total_Iter: 16161
[5387/10001] End of Epoch | Avg_Loss_D: -10.6696 | Avg_Loss_G: 5495.2821 | Total_Iter: 16164
[5388/10001] End of Epoch | Avg_Loss_D: -29.2721 | Avg_Loss_G: 5480.5428 | Total_Iter: 16167
[5389/10001] End of Epoch | Avg_Loss_D: -22.7439 | Avg_Loss_G: 5487.0597 | Total_Iter: 16170
[5390/10001] End of Epoch | Avg_Loss_D: -17.2521 | Avg_Loss_G: 5499.1988 | Total_Iter: 16173
[5391/10001] End of Epoch | Avg_Loss_D: -14.6300 | Avg_Loss_G: 5490.7099 | Total_Iter: 16176
[5392/10001] End of Epoch | Avg_Loss_D: -4.0430 | Avg_Loss_G: 5493.3435 | Total_Iter: 16179
[5393/10001] End of Epoch | Avg_Loss_D: -21.1668 | Avg_Loss_G: 5485.8670 | Total_Iter: 16182
[5394/10001] End of Epoch | Avg_Loss_D: -23.0161 | Avg_Loss_G: 5492.2146 | Total_Iter: 16185
[5395/10001] End of Epoch | Avg_Loss_D: -6.7583 | Avg_Loss_G: 5504.9800 | Total_Iter: 16188
[5396/10001] End of Epoch | Avg_Loss_D: -11.9883 | Avg_Loss_G: 5500.7396 | Total_Iter: 16191
[5397/10001] End of Epoch | Avg_Loss_D: -19.0875 | Avg_Loss_G: 5494.4208 | Total_Iter: 16194
[5398/10001] End of Epoch | Avg_Loss_D: -64.6155 | Avg_Loss_G: 5495.2758 | Total_Iter: 16197
[5399/10001] End of Epoch | Avg_Loss_D: -26.2186 | Avg_Loss_G: 5501.9957 | Total_Iter: 16200
[5400/10001] End of Epoch | Avg_Loss_D: -13.9615 | Avg_Loss_G: 5492.5048 | Total_Iter: 16203
[5401/10001] End of Epoch | Avg_Loss_D: 15.4361 | Avg_Loss_G: 5480.3010 | Total_Iter: 16206
[5402/10001] End of Epoch | Avg_Loss_D: -42.6013 | Avg_Loss_G: 5508.6115 | Total_Iter: 16209
[5403/10001] End of Epoch | Avg_Loss_D: -37.2840 | Avg_Loss_G: 5446.6105 | Total_Iter: 16212
[5404/10001] End of Epoch | Avg_Loss_D: -63.5795 | Avg_Loss_G: 5483.9837 | Total_Iter: 16215
[5405/10001] End of Epoch | Avg_Loss_D: -1.2472 | Avg_Loss_G: 5491.3322 | Total_Iter: 16218
[5406/10001] End of Epoch | Avg_Loss_D: 7.1279 | Avg_Loss_G: 5453.5189 | Total_Iter: 16221
[5407/10001] End of Epoch | Avg_Loss_D: -49.0809 | Avg_Loss_G: 5500.5065 | Total_Iter: 16224
[5408/10001] End of Epoch | Avg_Loss_D: -31.7893 | Avg_Loss_G: 5483.2036 | Total_Iter: 16227
[5409/10001] End of Epoch | Avg_Loss_D: -44.6808 | Avg_Loss_G: 5493.7116 | Total_Iter: 16230
[5410/10001] End of Epoch | Avg_Loss_D: -7.7338 | Avg_Loss_G: 5510.7248 | Total_Iter: 16233
[5411/10001] End of Epoch | Avg_Loss_D: -68.7789 | Avg_Loss_G: 5444.0230 | Total_Iter: 16236
[5412/10001] End of Epoch | Avg_Loss_D: -21.6116 | Avg_Loss_G: 5485.1834 | Total_Iter: 16239
[5413/10001] End of Epoch | Avg_Loss_D: -79.1193 | Avg_Loss_G: 5468.6398 | Total_Iter: 16242
[5414/10001] End of Epoch | Avg_Loss_D: -39.6437 | Avg_Loss_G: 5481.4123 | Total_Iter: 16245
[5415/10001] End of Epoch | Avg_Loss_D: 24.9945 | Avg_Loss_G: 5482.7680 | Total_Iter: 16248
[5416/10001] End of Epoch | Avg_Loss_D: -7.6322 | Avg_Loss_G: 5463.1118 | Total_Iter: 16251
[5417/10001] End of Epoch | Avg_Loss_D: -43.8161 | Avg_Loss_G: 5445.8781 | Total_Iter: 16254
[5418/10001] End of Epoch | Avg_Loss_D: -30.9578 | Avg_Loss_G: 5462.1595 | Total_Iter: 16257
[5419/10001] End of Epoch | Avg_Loss_D: -21.1247 | Avg_Loss_G: 5458.1386 | Total_Iter: 16260
[5420/10001] End of Epoch | Avg_Loss_D: 3.3561 | Avg_Loss_G: 5460.1352 | Total_Iter: 16263
[5421/10001] End of Epoch | Avg_Loss_D: -20.2336 | Avg_Loss_G: 5464.9659 | Total_Iter: 16266
[5422/10001] End of Epoch | Avg_Loss_D: 4.3387 | Avg_Loss_G: 5454.7941 | Total_Iter: 16269
[5423/10001] End of Epoch | Avg_Loss_D: -13.3081 | Avg_Loss_G: 5452.6077 | Total_Iter: 16272
[5424/10001] End of Epoch | Avg_Loss_D: -15.7343 | Avg_Loss_G: 5455.1592 | Total_Iter: 16275
[5425/10001] End of Epoch | Avg_Loss_D: -12.9199 | Avg_Loss_G: 5455.8863 | Total_Iter: 16278
[5426/10001] End of Epoch | Avg_Loss_D: -25.6476 | Avg_Loss_G: 5450.6727 | Total_Iter: 16281
[5427/10001] End of Epoch | Avg_Loss_D: 3.6854 | Avg_Loss_G: 5453.9970 | Total_Iter: 16284
[5428/10001] End of Epoch | Avg_Loss_D: -16.9185 | Avg_Loss_G: 5464.9170 | Total_Iter: 16287
[5429/10001] End of Epoch | Avg_Loss_D: -22.3852 | Avg_Loss_G: 5465.9054 | Total_Iter: 16290
[5430/10001] End of Epoch | Avg_Loss_D: -15.1662 | Avg_Loss_G: 5471.4115 | Total_Iter: 16293
[5431/10001] End of Epoch | Avg_Loss_D: -27.5035 | Avg_Loss_G: 5455.6552 | Total_Iter: 16296
[5432/10001] End of Epoch | Avg_Loss_D: -31.3753 | Avg_Loss_G: 5466.4344 | Total_Iter: 16299
[5433/10001] End of Epoch | Avg_Loss_D: -32.3627 | Avg_Loss_G: 5467.8158 | Total_Iter: 16302
[5434/10001] End of Epoch | Avg_Loss_D: -39.3250 | Avg_Loss_G: 5464.2138 | Total_Iter: 16305
[5435/10001] End of Epoch | Avg_Loss_D: -13.4376 | Avg_Loss_G: 5474.8500 | Total_Iter: 16308
[5436/10001] End of Epoch | Avg_Loss_D: -35.5989 | Avg_Loss_G: 5470.4094 | Total_Iter: 16311
[5437/10001] End of Epoch | Avg_Loss_D: -20.7808 | Avg_Loss_G: 5477.5818 | Total_Iter: 16314
[5438/10001] End of Epoch | Avg_Loss_D: -25.3955 | Avg_Loss_G: 5483.3205 | Total_Iter: 16317
[5439/10001] End of Epoch | Avg_Loss_D: -7.5770 | Avg_Loss_G: 5483.2285 | Total_Iter: 16320
[5440/10001] End of Epoch | Avg_Loss_D: -15.0903 | Avg_Loss_G: 5487.7231 | Total_Iter: 16323
[5441/10001] End of Epoch | Avg_Loss_D: -5.4824 | Avg_Loss_G: 5476.5191 | Total_Iter: 16326
[5442/10001] End of Epoch | Avg_Loss_D: -35.8372 | Avg_Loss_G: 5485.6951 | Total_Iter: 16329
[5443/10001] End of Epoch | Avg_Loss_D: -28.2735 | Avg_Loss_G: 5474.5195 | Total_Iter: 16332
[5444/10001] End of Epoch | Avg_Loss_D: -17.6130 | Avg_Loss_G: 5480.6825 | Total_Iter: 16335
[5445/10001] End of Epoch | Avg_Loss_D: -43.5602 | Avg_Loss_G: 5475.6801 | Total_Iter: 16338
[5446/10001] End of Epoch | Avg_Loss_D: -15.2469 | Avg_Loss_G: 5469.0888 | Total_Iter: 16341
[5447/10001] End of Epoch | Avg_Loss_D: -14.2603 | Avg_Loss_G: 5481.4399 | Total_Iter: 16344
[5448/10001] End of Epoch | Avg_Loss_D: -71.0881 | Avg_Loss_G: 5490.3296 | Total_Iter: 16347
[5449/10001] End of Epoch | Avg_Loss_D: 21.2992 | Avg_Loss_G: 5498.0992 | Total_Iter: 16350
[5450/10001] End of Epoch | Avg_Loss_D: -13.4754 | Avg_Loss_G: 5477.6326 | Total_Iter: 16353
[5451/10001] End of Epoch | Avg_Loss_D: -30.4144 | Avg_Loss_G: 5478.3012 | Total_Iter: 16356
[5452/10001] End of Epoch | Avg_Loss_D: 7.8269 | Avg_Loss_G: 5487.3715 | Total_Iter: 16359
[5453/10001] End of Epoch | Avg_Loss_D: -10.8013 | Avg_Loss_G: 5489.8381 | Total_Iter: 16362
[5454/10001] End of Epoch | Avg_Loss_D: -34.2410 | Avg_Loss_G: 5482.2878 | Total_Iter: 16365
[5455/10001] End of Epoch | Avg_Loss_D: -19.7303 | Avg_Loss_G: 5477.1584 | Total_Iter: 16368
[5456/10001] End of Epoch | Avg_Loss_D: -38.3757 | Avg_Loss_G: 5483.4104 | Total_Iter: 16371
[5457/10001] End of Epoch | Avg_Loss_D: -23.6432 | Avg_Loss_G: 5501.0998 | Total_Iter: 16374
[5458/10001] End of Epoch | Avg_Loss_D: -12.8297 | Avg_Loss_G: 5490.3340 | Total_Iter: 16377
[5459/10001] End of Epoch | Avg_Loss_D: -18.3222 | Avg_Loss_G: 5492.2007 | Total_Iter: 16380
[5460/10001] End of Epoch | Avg_Loss_D: -34.5542 | Avg_Loss_G: 5498.6369 | Total_Iter: 16383
[5461/10001] End of Epoch | Avg_Loss_D: -1.6867 | Avg_Loss_G: 5473.9002 | Total_Iter: 16386
[5462/10001] End of Epoch | Avg_Loss_D: -24.2256 | Avg_Loss_G: 5459.4338 | Total_Iter: 16389
[5463/10001] End of Epoch | Avg_Loss_D: -18.1224 | Avg_Loss_G: 5477.4985 | Total_Iter: 16392
[5464/10001] End of Epoch | Avg_Loss_D: -21.2506 | Avg_Loss_G: 5482.4464 | Total_Iter: 16395
[5465/10001] End of Epoch | Avg_Loss_D: -13.3438 | Avg_Loss_G: 5500.8346 | Total_Iter: 16398
[5466/10001] End of Epoch | Avg_Loss_D: -20.4141 | Avg_Loss_G: 5481.8487 | Total_Iter: 16401
[5467/10001] End of Epoch | Avg_Loss_D: -28.5990 | Avg_Loss_G: 5506.2520 | Total_Iter: 16404
[5468/10001] End of Epoch | Avg_Loss_D: 1.5956 | Avg_Loss_G: 5485.7231 | Total_Iter: 16407
[5469/10001] End of Epoch | Avg_Loss_D: -15.8895 | Avg_Loss_G: 5497.4536 | Total_Iter: 16410
[5470/10001] End of Epoch | Avg_Loss_D: -47.5249 | Avg_Loss_G: 5476.8320 | Total_Iter: 16413
[5471/10001] End of Epoch | Avg_Loss_D: -9.9824 | Avg_Loss_G: 5504.6955 | Total_Iter: 16416
[5472/10001] End of Epoch | Avg_Loss_D: 54.9011 | Avg_Loss_G: 5427.5558 | Total_Iter: 16419
[5473/10001] End of Epoch | Avg_Loss_D: -33.1837 | Avg_Loss_G: 5480.5258 | Total_Iter: 16422
[5474/10001] End of Epoch | Avg_Loss_D: -33.5818 | Avg_Loss_G: 5436.0469 | Total_Iter: 16425
[5475/10001] End of Epoch | Avg_Loss_D: -27.9479 | Avg_Loss_G: 5459.8817 | Total_Iter: 16428
[5476/10001] End of Epoch | Avg_Loss_D: -8.5644 | Avg_Loss_G: 5472.2507 | Total_Iter: 16431
[5477/10001] End of Epoch | Avg_Loss_D: -22.4724 | Avg_Loss_G: 5474.3839 | Total_Iter: 16434
[5478/10001] End of Epoch | Avg_Loss_D: -39.8588 | Avg_Loss_G: 5486.6324 | Total_Iter: 16437
[5479/10001] End of Epoch | Avg_Loss_D: -61.8442 | Avg_Loss_G: 5486.3596 | Total_Iter: 16440
[5480/10001] End of Epoch | Avg_Loss_D: 7.6766 | Avg_Loss_G: 5424.5221 | Total_Iter: 16443
[5481/10001] End of Epoch | Avg_Loss_D: -55.0372 | Avg_Loss_G: 5485.3761 | Total_Iter: 16446
[5482/10001] End of Epoch | Avg_Loss_D: 42.9195 | Avg_Loss_G: 5373.4412 | Total_Iter: 16449
[5483/10001] End of Epoch | Avg_Loss_D: -103.6530 | Avg_Loss_G: 5420.8223 | Total_Iter: 16452
[5484/10001] End of Epoch | Avg_Loss_D: -49.0270 | Avg_Loss_G: 5429.8410 | Total_Iter: 16455
[5485/10001] End of Epoch | Avg_Loss_D: -43.1040 | Avg_Loss_G: 5490.2478 | Total_Iter: 16458
[5486/10001] End of Epoch | Avg_Loss_D: -40.5610 | Avg_Loss_G: 5490.4323 | Total_Iter: 16461
[5487/10001] End of Epoch | Avg_Loss_D: -17.8857 | Avg_Loss_G: 5503.7266 | Total_Iter: 16464
[5488/10001] End of Epoch | Avg_Loss_D: -56.1116 | Avg_Loss_G: 5508.3529 | Total_Iter: 16467
[5489/10001] End of Epoch | Avg_Loss_D: -67.2119 | Avg_Loss_G: 5478.3648 | Total_Iter: 16470
[5490/10001] End of Epoch | Avg_Loss_D: -66.0054 | Avg_Loss_G: 5473.3316 | Total_Iter: 16473
[5491/10001] End of Epoch | Avg_Loss_D: -44.2724 | Avg_Loss_G: 5460.5813 | Total_Iter: 16476
[5492/10001] End of Epoch | Avg_Loss_D: -80.4439 | Avg_Loss_G: 5476.7658 | Total_Iter: 16479
[5493/10001] End of Epoch | Avg_Loss_D: -102.9031 | Avg_Loss_G: 5374.7460 | Total_Iter: 16482
[5494/10001] End of Epoch | Avg_Loss_D: -50.4472 | Avg_Loss_G: 5468.7137 | Total_Iter: 16485
[5495/10001] End of Epoch | Avg_Loss_D: -57.8202 | Avg_Loss_G: 5454.6349 | Total_Iter: 16488
[5496/10001] End of Epoch | Avg_Loss_D: -57.7946 | Avg_Loss_G: 5404.7656 | Total_Iter: 16491
[5497/10001] End of Epoch | Avg_Loss_D: -21.7246 | Avg_Loss_G: 5482.0420 | Total_Iter: 16494
[5498/10001] End of Epoch | Avg_Loss_D: 57.6330 | Avg_Loss_G: 5371.6336 | Total_Iter: 16497
[5499/10001] End of Epoch | Avg_Loss_D: 13.3171 | Avg_Loss_G: 5381.0429 | Total_Iter: 16500
[5500/10001] End of Epoch | Avg_Loss_D: -40.6934 | Avg_Loss_G: 5375.8290 | Total_Iter: 16503
[5501/10001] End of Epoch | Avg_Loss_D: -23.3233 | Avg_Loss_G: 5395.7747 | Total_Iter: 16506
[5502/10001] End of Epoch | Avg_Loss_D: -8.6855 | Avg_Loss_G: 5386.3295 | Total_Iter: 16509
[5503/10001] End of Epoch | Avg_Loss_D: -22.8602 | Avg_Loss_G: 5404.4639 | Total_Iter: 16512
[5504/10001] End of Epoch | Avg_Loss_D: -18.6982 | Avg_Loss_G: 5411.2999 | Total_Iter: 16515
[5505/10001] End of Epoch | Avg_Loss_D: -17.4158 | Avg_Loss_G: 5401.9536 | Total_Iter: 16518
[5506/10001] End of Epoch | Avg_Loss_D: -33.8074 | Avg_Loss_G: 5416.3750 | Total_Iter: 16521
[5507/10001] End of Epoch | Avg_Loss_D: -33.4513 | Avg_Loss_G: 5420.4431 | Total_Iter: 16524
[5508/10001] End of Epoch | Avg_Loss_D: -32.6416 | Avg_Loss_G: 5409.0218 | Total_Iter: 16527
[5509/10001] End of Epoch | Avg_Loss_D: -25.8756 | Avg_Loss_G: 5405.0760 | Total_Iter: 16530
[5510/10001] End of Epoch | Avg_Loss_D: -22.2739 | Avg_Loss_G: 5416.9733 | Total_Iter: 16533
[5511/10001] End of Epoch | Avg_Loss_D: -10.8413 | Avg_Loss_G: 5425.5678 | Total_Iter: 16536
[5512/10001] End of Epoch | Avg_Loss_D: 14.2858 | Avg_Loss_G: 5419.9577 | Total_Iter: 16539
[5513/10001] End of Epoch | Avg_Loss_D: -28.9129 | Avg_Loss_G: 5417.7311 | Total_Iter: 16542
[5514/10001] End of Epoch | Avg_Loss_D: -16.9885 | Avg_Loss_G: 5434.2067 | Total_Iter: 16545
[5515/10001] End of Epoch | Avg_Loss_D: -24.7506 | Avg_Loss_G: 5428.7384 | Total_Iter: 16548
[5516/10001] End of Epoch | Avg_Loss_D: -14.4143 | Avg_Loss_G: 5431.6732 | Total_Iter: 16551
[5517/10001] End of Epoch | Avg_Loss_D: -34.0653 | Avg_Loss_G: 5417.9517 | Total_Iter: 16554
[5518/10001] End of Epoch | Avg_Loss_D: -23.3105 | Avg_Loss_G: 5416.4925 | Total_Iter: 16557
[5519/10001] End of Epoch | Avg_Loss_D: -49.1764 | Avg_Loss_G: 5430.1359 | Total_Iter: 16560
[5520/10001] End of Epoch | Avg_Loss_D: -26.4537 | Avg_Loss_G: 5427.9717 | Total_Iter: 16563
[5521/10001] End of Epoch | Avg_Loss_D: -10.4918 | Avg_Loss_G: 5422.0776 | Total_Iter: 16566
[5522/10001] End of Epoch | Avg_Loss_D: -22.3567 | Avg_Loss_G: 5427.9948 | Total_Iter: 16569
[5523/10001] End of Epoch | Avg_Loss_D: -42.5205 | Avg_Loss_G: 5437.4163 | Total_Iter: 16572
[5524/10001] End of Epoch | Avg_Loss_D: -81.2085 | Avg_Loss_G: 5412.7326 | Total_Iter: 16575
[5525/10001] End of Epoch | Avg_Loss_D: -24.2680 | Avg_Loss_G: 5434.3326 | Total_Iter: 16578
[5526/10001] End of Epoch | Avg_Loss_D: -21.3170 | Avg_Loss_G: 5405.4323 | Total_Iter: 16581
[5527/10001] End of Epoch | Avg_Loss_D: -17.2797 | Avg_Loss_G: 5438.5802 | Total_Iter: 16584
[5528/10001] End of Epoch | Avg_Loss_D: -29.9480 | Avg_Loss_G: 5436.6456 | Total_Iter: 16587
[5529/10001] End of Epoch | Avg_Loss_D: -56.8755 | Avg_Loss_G: 5439.4467 | Total_Iter: 16590
[5530/10001] End of Epoch | Avg_Loss_D: -16.4666 | Avg_Loss_G: 5442.3370 | Total_Iter: 16593
[5531/10001] End of Epoch | Avg_Loss_D: -44.4910 | Avg_Loss_G: 5442.7184 | Total_Iter: 16596
[5532/10001] End of Epoch | Avg_Loss_D: -45.7412 | Avg_Loss_G: 5434.5199 | Total_Iter: 16599
[5533/10001] End of Epoch | Avg_Loss_D: -16.1748 | Avg_Loss_G: 5420.7855 | Total_Iter: 16602
[5534/10001] End of Epoch | Avg_Loss_D: -27.5722 | Avg_Loss_G: 5425.0480 | Total_Iter: 16605
[5535/10001] End of Epoch | Avg_Loss_D: -11.7439 | Avg_Loss_G: 5436.6170 | Total_Iter: 16608
[5536/10001] End of Epoch | Avg_Loss_D: -10.2745 | Avg_Loss_G: 5421.4141 | Total_Iter: 16611
[5537/10001] End of Epoch | Avg_Loss_D: -106.1342 | Avg_Loss_G: 5430.0487 | Total_Iter: 16614
[5538/10001] End of Epoch | Avg_Loss_D: 22.2679 | Avg_Loss_G: 5444.9362 | Total_Iter: 16617
[5539/10001] End of Epoch | Avg_Loss_D: -52.4931 | Avg_Loss_G: 5451.6362 | Total_Iter: 16620
[5540/10001] End of Epoch | Avg_Loss_D: -56.9053 | Avg_Loss_G: 5439.3306 | Total_Iter: 16623
[5541/10001] End of Epoch | Avg_Loss_D: -199.4114 | Avg_Loss_G: 5429.5192 | Total_Iter: 16626
[5542/10001] End of Epoch | Avg_Loss_D: -57.0254 | Avg_Loss_G: 5461.8911 | Total_Iter: 16629
[5543/10001] End of Epoch | Avg_Loss_D: -34.7040 | Avg_Loss_G: 5373.0322 | Total_Iter: 16632
[5544/10001] End of Epoch | Avg_Loss_D: -17.8748 | Avg_Loss_G: 5424.8258 | Total_Iter: 16635
[5545/10001] End of Epoch | Avg_Loss_D: -80.8368 | Avg_Loss_G: 5369.9784 | Total_Iter: 16638
[5546/10001] End of Epoch | Avg_Loss_D: -28.4631 | Avg_Loss_G: 5426.8899 | Total_Iter: 16641
[5547/10001] End of Epoch | Avg_Loss_D: -23.8955 | Avg_Loss_G: 5432.0217 | Total_Iter: 16644
[5548/10001] End of Epoch | Avg_Loss_D: -97.3202 | Avg_Loss_G: 5430.6775 | Total_Iter: 16647
[5549/10001] End of Epoch | Avg_Loss_D: -34.2085 | Avg_Loss_G: 5402.1451 | Total_Iter: 16650
[5550/10001] End of Epoch | Avg_Loss_D: -136.4313 | Avg_Loss_G: 5469.3441 | Total_Iter: 16653
[5551/10001] End of Epoch | Avg_Loss_D: -109.1057 | Avg_Loss_G: 5418.8650 | Total_Iter: 16656
[5552/10001] End of Epoch | Avg_Loss_D: -3.4271 | Avg_Loss_G: 5394.2301 | Total_Iter: 16659
[5553/10001] End of Epoch | Avg_Loss_D: -105.7646 | Avg_Loss_G: 5394.4765 | Total_Iter: 16662
[5554/10001] End of Epoch | Avg_Loss_D: -85.3038 | Avg_Loss_G: 5392.3559 | Total_Iter: 16665
[5555/10001] End of Epoch | Avg_Loss_D: -186.0809 | Avg_Loss_G: 5374.4581 | Total_Iter: 16668
[5556/10001] End of Epoch | Avg_Loss_D: -74.8285 | Avg_Loss_G: 5430.9971 | Total_Iter: 16671
[5557/10001] End of Epoch | Avg_Loss_D: -127.1644 | Avg_Loss_G: 5354.4836 | Total_Iter: 16674
[5558/10001] End of Epoch | Avg_Loss_D: -46.8646 | Avg_Loss_G: 5324.6552 | Total_Iter: 16677
[5559/10001] End of Epoch | Avg_Loss_D: -54.6441 | Avg_Loss_G: 5344.9468 | Total_Iter: 16680
[5560/10001] End of Epoch | Avg_Loss_D: 137.1089 | Avg_Loss_G: 5303.6578 | Total_Iter: 16683
[5561/10001] End of Epoch | Avg_Loss_D: -32.4256 | Avg_Loss_G: 5400.9603 | Total_Iter: 16686
[5562/10001] End of Epoch | Avg_Loss_D: -92.3967 | Avg_Loss_G: 5391.3190 | Total_Iter: 16689
[5563/10001] End of Epoch | Avg_Loss_D: 24.9699 | Avg_Loss_G: 5394.8891 | Total_Iter: 16692
[5564/10001] End of Epoch | Avg_Loss_D: -27.5059 | Avg_Loss_G: 5346.3054 | Total_Iter: 16695
[5565/10001] End of Epoch | Avg_Loss_D: -222.8851 | Avg_Loss_G: 5385.1566 | Total_Iter: 16698
[5566/10001] End of Epoch | Avg_Loss_D: -38.4164 | Avg_Loss_G: 5302.1528 | Total_Iter: 16701
[5567/10001] End of Epoch | Avg_Loss_D: 5.8324 | Avg_Loss_G: 5252.2641 | Total_Iter: 16704
[5568/10001] End of Epoch | Avg_Loss_D: -86.0140 | Avg_Loss_G: 5405.4839 | Total_Iter: 16707
[5569/10001] End of Epoch | Avg_Loss_D: -362.6209 | Avg_Loss_G: 5377.3914 | Total_Iter: 16710
[5570/10001] End of Epoch | Avg_Loss_D: 10.7766 | Avg_Loss_G: 5364.8728 | Total_Iter: 16713
[5571/10001] End of Epoch | Avg_Loss_D: -55.4882 | Avg_Loss_G: 5353.6986 | Total_Iter: 16716
[5572/10001] End of Epoch | Avg_Loss_D: -54.6797 | Avg_Loss_G: 5291.3007 | Total_Iter: 16719
[5573/10001] End of Epoch | Avg_Loss_D: -232.0775 | Avg_Loss_G: 5212.3683 | Total_Iter: 16722
[5574/10001] End of Epoch | Avg_Loss_D: -30.1415 | Avg_Loss_G: 5349.6705 | Total_Iter: 16725
[5575/10001] End of Epoch | Avg_Loss_D: -101.3005 | Avg_Loss_G: 4844.6245 | Total_Iter: 16728
[5576/10001] End of Epoch | Avg_Loss_D: 247.1148 | Avg_Loss_G: 4519.5177 | Total_Iter: 16731
[5577/10001] End of Epoch | Avg_Loss_D: 83.9659 | Avg_Loss_G: 4603.3567 | Total_Iter: 16734
[5578/10001] End of Epoch | Avg_Loss_D: 20.6623 | Avg_Loss_G: 4624.3808 | Total_Iter: 16737
[5579/10001] End of Epoch | Avg_Loss_D: 50.7132 | Avg_Loss_G: 4626.9225 | Total_Iter: 16740
[5580/10001] End of Epoch | Avg_Loss_D: 32.7195 | Avg_Loss_G: 4641.2269 | Total_Iter: 16743
[5581/10001] End of Epoch | Avg_Loss_D: 194.9046 | Avg_Loss_G: 4642.8689 | Total_Iter: 16746
[5582/10001] End of Epoch | Avg_Loss_D: 51.4985 | Avg_Loss_G: 4661.1345 | Total_Iter: 16749
[5583/10001] End of Epoch | Avg_Loss_D: 52.4995 | Avg_Loss_G: 4661.0285 | Total_Iter: 16752
[5584/10001] End of Epoch | Avg_Loss_D: 70.0242 | Avg_Loss_G: 4658.9733 | Total_Iter: 16755
[5585/10001] End of Epoch | Avg_Loss_D: 9.4666 | Avg_Loss_G: 4652.4695 | Total_Iter: 16758
[5586/10001] End of Epoch | Avg_Loss_D: -40.5422 | Avg_Loss_G: 4650.1035 | Total_Iter: 16761
[5587/10001] End of Epoch | Avg_Loss_D: 31.1582 | Avg_Loss_G: 4626.2987 | Total_Iter: 16764
[5588/10001] End of Epoch | Avg_Loss_D: 14.8016 | Avg_Loss_G: 4649.0148 | Total_Iter: 16767
[5589/10001] End of Epoch | Avg_Loss_D: 33.4874 | Avg_Loss_G: 4651.6262 | Total_Iter: 16770
[5590/10001] End of Epoch | Avg_Loss_D: 24.5077 | Avg_Loss_G: 4637.6860 | Total_Iter: 16773
[5591/10001] End of Epoch | Avg_Loss_D: -24.6865 | Avg_Loss_G: 4647.7896 | Total_Iter: 16776
[5592/10001] End of Epoch | Avg_Loss_D: -9.3632 | Avg_Loss_G: 4646.1759 | Total_Iter: 16779
[5593/10001] End of Epoch | Avg_Loss_D: 4.1208 | Avg_Loss_G: 4641.1047 | Total_Iter: 16782
[5594/10001] End of Epoch | Avg_Loss_D: 0.0273 | Avg_Loss_G: 4630.2142 | Total_Iter: 16785
[5595/10001] End of Epoch | Avg_Loss_D: 59.2252 | Avg_Loss_G: 4629.5855 | Total_Iter: 16788
[5596/10001] End of Epoch | Avg_Loss_D: -31.8313 | Avg_Loss_G: 4649.1010 | Total_Iter: 16791
[5597/10001] End of Epoch | Avg_Loss_D: -31.5275 | Avg_Loss_G: 4642.1954 | Total_Iter: 16794
[5598/10001] End of Epoch | Avg_Loss_D: -75.2639 | Avg_Loss_G: 4626.6641 | Total_Iter: 16797
[5599/10001] End of Epoch | Avg_Loss_D: -70.5215 | Avg_Loss_G: 4645.7146 | Total_Iter: 16800
[5600/10001] End of Epoch | Avg_Loss_D: -22.1861 | Avg_Loss_G: 4599.5111 | Total_Iter: 16803
[5601/10001] End of Epoch | Avg_Loss_D: 3.7956 | Avg_Loss_G: 4639.6675 | Total_Iter: 16806
[5602/10001] End of Epoch | Avg_Loss_D: -30.3038 | Avg_Loss_G: 4624.7501 | Total_Iter: 16809
[5603/10001] End of Epoch | Avg_Loss_D: 13.1431 | Avg_Loss_G: 4616.8640 | Total_Iter: 16812
[5604/10001] End of Epoch | Avg_Loss_D: 19.6659 | Avg_Loss_G: 4616.0094 | Total_Iter: 16815
[5605/10001] End of Epoch | Avg_Loss_D: -23.4761 | Avg_Loss_G: 4620.2246 | Total_Iter: 16818
[5606/10001] End of Epoch | Avg_Loss_D: -71.0536 | Avg_Loss_G: 4637.0776 | Total_Iter: 16821
[5607/10001] End of Epoch | Avg_Loss_D: -35.8015 | Avg_Loss_G: 4626.9618 | Total_Iter: 16824
[5608/10001] End of Epoch | Avg_Loss_D: -63.7313 | Avg_Loss_G: 4609.7821 | Total_Iter: 16827
[5609/10001] End of Epoch | Avg_Loss_D: -2.0184 | Avg_Loss_G: 4621.8433 | Total_Iter: 16830
[5610/10001] End of Epoch | Avg_Loss_D: -1.6943 | Avg_Loss_G: 4624.6530 | Total_Iter: 16833
[5611/10001] End of Epoch | Avg_Loss_D: 0.7810 | Avg_Loss_G: 4607.6990 | Total_Iter: 16836
[5612/10001] End of Epoch | Avg_Loss_D: 32.9925 | Avg_Loss_G: 4620.9844 | Total_Iter: 16839
[5613/10001] End of Epoch | Avg_Loss_D: -77.2699 | Avg_Loss_G: 4628.6171 | Total_Iter: 16842
[5614/10001] End of Epoch | Avg_Loss_D: -70.9770 | Avg_Loss_G: 4601.8462 | Total_Iter: 16845
[5615/10001] End of Epoch | Avg_Loss_D: -57.5059 | Avg_Loss_G: 4623.2390 | Total_Iter: 16848
[5616/10001] End of Epoch | Avg_Loss_D: -42.8695 | Avg_Loss_G: 4624.1054 | Total_Iter: 16851
[5617/10001] End of Epoch | Avg_Loss_D: -3.8627 | Avg_Loss_G: 4604.5518 | Total_Iter: 16854
[5618/10001] End of Epoch | Avg_Loss_D: -20.1356 | Avg_Loss_G: 4624.0152 | Total_Iter: 16857
[5619/10001] End of Epoch | Avg_Loss_D: -26.4844 | Avg_Loss_G: 4623.2184 | Total_Iter: 16860
[5620/10001] End of Epoch | Avg_Loss_D: -19.0304 | Avg_Loss_G: 4617.3556 | Total_Iter: 16863
[5621/10001] End of Epoch | Avg_Loss_D: 10.4542 | Avg_Loss_G: 4608.6684 | Total_Iter: 16866
[5622/10001] End of Epoch | Avg_Loss_D: 16.0563 | Avg_Loss_G: 4610.1924 | Total_Iter: 16869
[5623/10001] End of Epoch | Avg_Loss_D: -10.3206 | Avg_Loss_G: 4636.8269 | Total_Iter: 16872
[5624/10001] End of Epoch | Avg_Loss_D: -18.2038 | Avg_Loss_G: 4624.2990 | Total_Iter: 16875
[5625/10001] End of Epoch | Avg_Loss_D: -4.0570 | Avg_Loss_G: 4624.7261 | Total_Iter: 16878
[5626/10001] End of Epoch | Avg_Loss_D: -31.6292 | Avg_Loss_G: 4589.0221 | Total_Iter: 16881
[5627/10001] End of Epoch | Avg_Loss_D: -11.1226 | Avg_Loss_G: 4620.5166 | Total_Iter: 16884
[5628/10001] End of Epoch | Avg_Loss_D: -45.0992 | Avg_Loss_G: 4625.9925 | Total_Iter: 16887
[5629/10001] End of Epoch | Avg_Loss_D: 13.5667 | Avg_Loss_G: 4625.0377 | Total_Iter: 16890
[5630/10001] End of Epoch | Avg_Loss_D: -40.0447 | Avg_Loss_G: 4598.1864 | Total_Iter: 16893
[5631/10001] End of Epoch | Avg_Loss_D: -13.6765 | Avg_Loss_G: 4631.9431 | Total_Iter: 16896
[5632/10001] End of Epoch | Avg_Loss_D: 20.0036 | Avg_Loss_G: 4648.9034 | Total_Iter: 16899
[5633/10001] End of Epoch | Avg_Loss_D: -17.2197 | Avg_Loss_G: 4640.1838 | Total_Iter: 16902
[5634/10001] End of Epoch | Avg_Loss_D: -10.0870 | Avg_Loss_G: 4626.0445 | Total_Iter: 16905
[5635/10001] End of Epoch | Avg_Loss_D: -20.9560 | Avg_Loss_G: 4639.6956 | Total_Iter: 16908
[5636/10001] End of Epoch | Avg_Loss_D: -23.3446 | Avg_Loss_G: 4633.5820 | Total_Iter: 16911
[5637/10001] End of Epoch | Avg_Loss_D: -22.6539 | Avg_Loss_G: 4632.4480 | Total_Iter: 16914
[5638/10001] End of Epoch | Avg_Loss_D: 1.2501 | Avg_Loss_G: 4642.3044 | Total_Iter: 16917
[5639/10001] End of Epoch | Avg_Loss_D: -10.3202 | Avg_Loss_G: 4640.0900 | Total_Iter: 16920
[5640/10001] End of Epoch | Avg_Loss_D: 0.4167 | Avg_Loss_G: 4634.7946 | Total_Iter: 16923
[5641/10001] End of Epoch | Avg_Loss_D: -60.0047 | Avg_Loss_G: 4632.6593 | Total_Iter: 16926
[5642/10001] End of Epoch | Avg_Loss_D: -6.2693 | Avg_Loss_G: 4637.5796 | Total_Iter: 16929
[5643/10001] End of Epoch | Avg_Loss_D: -31.4390 | Avg_Loss_G: 4640.5178 | Total_Iter: 16932
[5644/10001] End of Epoch | Avg_Loss_D: 30.2002 | Avg_Loss_G: 4627.4128 | Total_Iter: 16935
[5645/10001] End of Epoch | Avg_Loss_D: -17.0544 | Avg_Loss_G: 4648.2421 | Total_Iter: 16938
[5646/10001] End of Epoch | Avg_Loss_D: -23.5982 | Avg_Loss_G: 4647.3063 | Total_Iter: 16941
[5647/10001] End of Epoch | Avg_Loss_D: -4.3935 | Avg_Loss_G: 4606.3247 | Total_Iter: 16944
[5648/10001] End of Epoch | Avg_Loss_D: -33.8558 | Avg_Loss_G: 4657.1801 | Total_Iter: 16947
[5649/10001] End of Epoch | Avg_Loss_D: 0.3372 | Avg_Loss_G: 4655.5102 | Total_Iter: 16950
[5650/10001] End of Epoch | Avg_Loss_D: -24.5875 | Avg_Loss_G: 4644.7146 | Total_Iter: 16953
[5651/10001] End of Epoch | Avg_Loss_D: 13.3233 | Avg_Loss_G: 4637.8012 | Total_Iter: 16956
[5652/10001] End of Epoch | Avg_Loss_D: 23.9855 | Avg_Loss_G: 4647.8028 | Total_Iter: 16959
[5653/10001] End of Epoch | Avg_Loss_D: -29.9364 | Avg_Loss_G: 4627.4706 | Total_Iter: 16962
[5654/10001] End of Epoch | Avg_Loss_D: 19.7571 | Avg_Loss_G: 4624.9704 | Total_Iter: 16965
[5655/10001] End of Epoch | Avg_Loss_D: -4.9663 | Avg_Loss_G: 4627.2988 | Total_Iter: 16968
[5656/10001] End of Epoch | Avg_Loss_D: -82.2180 | Avg_Loss_G: 4641.8201 | Total_Iter: 16971
[5657/10001] End of Epoch | Avg_Loss_D: -20.5467 | Avg_Loss_G: 4653.7615 | Total_Iter: 16974
[5658/10001] End of Epoch | Avg_Loss_D: -19.4175 | Avg_Loss_G: 4624.3436 | Total_Iter: 16977
[5659/10001] End of Epoch | Avg_Loss_D: -54.6138 | Avg_Loss_G: 4636.2725 | Total_Iter: 16980
[5660/10001] End of Epoch | Avg_Loss_D: -21.6462 | Avg_Loss_G: 4656.0145 | Total_Iter: 16983
[5661/10001] End of Epoch | Avg_Loss_D: -8.1584 | Avg_Loss_G: 4625.1398 | Total_Iter: 16986
[5662/10001] End of Epoch | Avg_Loss_D: -19.4020 | Avg_Loss_G: 4626.8459 | Total_Iter: 16989
[5663/10001] End of Epoch | Avg_Loss_D: -31.8659 | Avg_Loss_G: 4636.0196 | Total_Iter: 16992
[5664/10001] End of Epoch | Avg_Loss_D: -53.3441 | Avg_Loss_G: 4634.6266 | Total_Iter: 16995
[5665/10001] End of Epoch | Avg_Loss_D: -23.2641 | Avg_Loss_G: 4645.0938 | Total_Iter: 16998
[5666/10001] End of Epoch | Avg_Loss_D: -26.5566 | Avg_Loss_G: 4630.7798 | Total_Iter: 17001
[5667/10001] End of Epoch | Avg_Loss_D: -32.2669 | Avg_Loss_G: 4618.7907 | Total_Iter: 17004
[5668/10001] End of Epoch | Avg_Loss_D: 64.9081 | Avg_Loss_G: 4613.3681 | Total_Iter: 17007
[5669/10001] End of Epoch | Avg_Loss_D: -40.4938 | Avg_Loss_G: 4638.1107 | Total_Iter: 17010
[5670/10001] End of Epoch | Avg_Loss_D: -23.3899 | Avg_Loss_G: 4626.4718 | Total_Iter: 17013
[5671/10001] End of Epoch | Avg_Loss_D: -56.1764 | Avg_Loss_G: 4647.3028 | Total_Iter: 17016
[5672/10001] End of Epoch | Avg_Loss_D: -71.7135 | Avg_Loss_G: 4628.0846 | Total_Iter: 17019
[5673/10001] End of Epoch | Avg_Loss_D: -42.8891 | Avg_Loss_G: 4611.3684 | Total_Iter: 17022
[5674/10001] End of Epoch | Avg_Loss_D: -66.3190 | Avg_Loss_G: 4627.6743 | Total_Iter: 17025
[5675/10001] End of Epoch | Avg_Loss_D: -2.9407 | Avg_Loss_G: 4639.4784 | Total_Iter: 17028
[5676/10001] End of Epoch | Avg_Loss_D: -139.6256 | Avg_Loss_G: 4633.6866 | Total_Iter: 17031
[5677/10001] End of Epoch | Avg_Loss_D: -5.9176 | Avg_Loss_G: 4640.0678 | Total_Iter: 17034
[5678/10001] End of Epoch | Avg_Loss_D: -40.4731 | Avg_Loss_G: 4633.3498 | Total_Iter: 17037
[5679/10001] End of Epoch | Avg_Loss_D: 38.4204 | Avg_Loss_G: 4641.0397 | Total_Iter: 17040
[5680/10001] End of Epoch | Avg_Loss_D: -62.4871 | Avg_Loss_G: 4634.8472 | Total_Iter: 17043
[5681/10001] End of Epoch | Avg_Loss_D: -38.6903 | Avg_Loss_G: 4628.9858 | Total_Iter: 17046
[5682/10001] End of Epoch | Avg_Loss_D: -68.7569 | Avg_Loss_G: 4572.3572 | Total_Iter: 17049
[5683/10001] End of Epoch | Avg_Loss_D: -33.5088 | Avg_Loss_G: 4605.7914 | Total_Iter: 17052
[5684/10001] End of Epoch | Avg_Loss_D: -50.6430 | Avg_Loss_G: 4591.7196 | Total_Iter: 17055
[5685/10001] End of Epoch | Avg_Loss_D: -48.3929 | Avg_Loss_G: 4609.8034 | Total_Iter: 17058
[5686/10001] End of Epoch | Avg_Loss_D: -50.9928 | Avg_Loss_G: 4608.2432 | Total_Iter: 17061
[5687/10001] End of Epoch | Avg_Loss_D: -17.8188 | Avg_Loss_G: 4598.3175 | Total_Iter: 17064
[5688/10001] End of Epoch | Avg_Loss_D: 7.9726 | Avg_Loss_G: 4608.6846 | Total_Iter: 17067
[5689/10001] End of Epoch | Avg_Loss_D: -27.2987 | Avg_Loss_G: 4601.1379 | Total_Iter: 17070
[5690/10001] End of Epoch | Avg_Loss_D: -98.0364 | Avg_Loss_G: 4600.2362 | Total_Iter: 17073
[5691/10001] End of Epoch | Avg_Loss_D: -32.1414 | Avg_Loss_G: 4604.1756 | Total_Iter: 17076
[5692/10001] End of Epoch | Avg_Loss_D: 8.1705 | Avg_Loss_G: 4620.9544 | Total_Iter: 17079
[5693/10001] End of Epoch | Avg_Loss_D: -31.4529 | Avg_Loss_G: 4568.5395 | Total_Iter: 17082
[5694/10001] End of Epoch | Avg_Loss_D: -92.7061 | Avg_Loss_G: 4589.9453 | Total_Iter: 17085
[5695/10001] End of Epoch | Avg_Loss_D: -51.0320 | Avg_Loss_G: 4535.0111 | Total_Iter: 17088
[5696/10001] End of Epoch | Avg_Loss_D: -24.1529 | Avg_Loss_G: 4596.9657 | Total_Iter: 17091
[5697/10001] End of Epoch | Avg_Loss_D: -25.6976 | Avg_Loss_G: 4622.9451 | Total_Iter: 17094
[5698/10001] End of Epoch | Avg_Loss_D: -40.8957 | Avg_Loss_G: 4586.9993 | Total_Iter: 17097
[5699/10001] End of Epoch | Avg_Loss_D: -259.1232 | Avg_Loss_G: 4601.8917 | Total_Iter: 17100
[5700/10001] End of Epoch | Avg_Loss_D: -36.3936 | Avg_Loss_G: 4590.0360 | Total_Iter: 17103
[5701/10001] End of Epoch | Avg_Loss_D: -58.7398 | Avg_Loss_G: 4572.6539 | Total_Iter: 17106
[5702/10001] End of Epoch | Avg_Loss_D: -79.4283 | Avg_Loss_G: 4608.3946 | Total_Iter: 17109
[5703/10001] End of Epoch | Avg_Loss_D: -194.0445 | Avg_Loss_G: 4555.7412 | Total_Iter: 17112
[5704/10001] End of Epoch | Avg_Loss_D: -18.5926 | Avg_Loss_G: 4562.1962 | Total_Iter: 17115
[5705/10001] End of Epoch | Avg_Loss_D: -70.9015 | Avg_Loss_G: 4529.5696 | Total_Iter: 17118
[5706/10001] End of Epoch | Avg_Loss_D: -35.1575 | Avg_Loss_G: 4587.2088 | Total_Iter: 17121
[5707/10001] End of Epoch | Avg_Loss_D: -53.3409 | Avg_Loss_G: 4595.0040 | Total_Iter: 17124
[5708/10001] End of Epoch | Avg_Loss_D: 23.7618 | Avg_Loss_G: 4573.7763 | Total_Iter: 17127
[5709/10001] End of Epoch | Avg_Loss_D: -23.9399 | Avg_Loss_G: 4598.7088 | Total_Iter: 17130
[5710/10001] End of Epoch | Avg_Loss_D: -54.8694 | Avg_Loss_G: 4604.3480 | Total_Iter: 17133
[5711/10001] End of Epoch | Avg_Loss_D: -18.2085 | Avg_Loss_G: 4574.0618 | Total_Iter: 17136
[5712/10001] End of Epoch | Avg_Loss_D: -34.5098 | Avg_Loss_G: 4567.0843 | Total_Iter: 17139
[5713/10001] End of Epoch | Avg_Loss_D: -74.4836 | Avg_Loss_G: 4549.4973 | Total_Iter: 17142
[5714/10001] End of Epoch | Avg_Loss_D: -183.4353 | Avg_Loss_G: 4386.6095 | Total_Iter: 17145
[5715/10001] End of Epoch | Avg_Loss_D: -131.6269 | Avg_Loss_G: 4571.5663 | Total_Iter: 17148
[5716/10001] End of Epoch | Avg_Loss_D: -35.2927 | Avg_Loss_G: 4548.5880 | Total_Iter: 17151
[5717/10001] End of Epoch | Avg_Loss_D: -47.1868 | Avg_Loss_G: 4554.9604 | Total_Iter: 17154
[5718/10001] End of Epoch | Avg_Loss_D: -91.7672 | Avg_Loss_G: 4576.9180 | Total_Iter: 17157
[5719/10001] End of Epoch | Avg_Loss_D: -89.6925 | Avg_Loss_G: 4592.8758 | Total_Iter: 17160
[5720/10001] End of Epoch | Avg_Loss_D: -50.0287 | Avg_Loss_G: 4587.5487 | Total_Iter: 17163
[5721/10001] End of Epoch | Avg_Loss_D: -24.3424 | Avg_Loss_G: 4512.1323 | Total_Iter: 17166
[5722/10001] End of Epoch | Avg_Loss_D: -73.4026 | Avg_Loss_G: 4552.7198 | Total_Iter: 17169
[5723/10001] End of Epoch | Avg_Loss_D: -41.1647 | Avg_Loss_G: 4562.8555 | Total_Iter: 17172
[5724/10001] End of Epoch | Avg_Loss_D: -9.4177 | Avg_Loss_G: 4493.2466 | Total_Iter: 17175
[5725/10001] End of Epoch | Avg_Loss_D: -52.8084 | Avg_Loss_G: 4563.6455 | Total_Iter: 17178
[5726/10001] End of Epoch | Avg_Loss_D: -9.3465 | Avg_Loss_G: 4553.9198 | Total_Iter: 17181
[5727/10001] End of Epoch | Avg_Loss_D: -10.7284 | Avg_Loss_G: 4553.2493 | Total_Iter: 17184
[5728/10001] End of Epoch | Avg_Loss_D: -39.5989 | Avg_Loss_G: 4572.6190 | Total_Iter: 17187
[5729/10001] End of Epoch | Avg_Loss_D: 0.0154 | Avg_Loss_G: 4573.9490 | Total_Iter: 17190
[5730/10001] End of Epoch | Avg_Loss_D: -22.9724 | Avg_Loss_G: 4536.5736 | Total_Iter: 17193
[5731/10001] End of Epoch | Avg_Loss_D: -84.3061 | Avg_Loss_G: 4573.2580 | Total_Iter: 17196
[5732/10001] End of Epoch | Avg_Loss_D: -9.9105 | Avg_Loss_G: 4559.8687 | Total_Iter: 17199
[5733/10001] End of Epoch | Avg_Loss_D: -6.8026 | Avg_Loss_G: 4571.3142 | Total_Iter: 17202
[5734/10001] End of Epoch | Avg_Loss_D: -53.6242 | Avg_Loss_G: 4585.6831 | Total_Iter: 17205
[5735/10001] End of Epoch | Avg_Loss_D: -37.8805 | Avg_Loss_G: 4562.9942 | Total_Iter: 17208
[5736/10001] End of Epoch | Avg_Loss_D: -45.4685 | Avg_Loss_G: 4530.6719 | Total_Iter: 17211
[5737/10001] End of Epoch | Avg_Loss_D: -76.4356 | Avg_Loss_G: 4542.2681 | Total_Iter: 17214
[5738/10001] End of Epoch | Avg_Loss_D: -164.6377 | Avg_Loss_G: 4553.0095 | Total_Iter: 17217
[5739/10001] End of Epoch | Avg_Loss_D: -82.1414 | Avg_Loss_G: 4510.1408 | Total_Iter: 17220
[5740/10001] End of Epoch | Avg_Loss_D: -59.6648 | Avg_Loss_G: 4490.0979 | Total_Iter: 17223
[5741/10001] End of Epoch | Avg_Loss_D: -39.5185 | Avg_Loss_G: 4565.5636 | Total_Iter: 17226
[5742/10001] End of Epoch | Avg_Loss_D: -81.0999 | Avg_Loss_G: 4572.4060 | Total_Iter: 17229
[5743/10001] End of Epoch | Avg_Loss_D: -36.4112 | Avg_Loss_G: 4590.1306 | Total_Iter: 17232
[5744/10001] End of Epoch | Avg_Loss_D: -51.2613 | Avg_Loss_G: 4588.9314 | Total_Iter: 17235
[5745/10001] End of Epoch | Avg_Loss_D: -36.4053 | Avg_Loss_G: 4570.9563 | Total_Iter: 17238
[5746/10001] End of Epoch | Avg_Loss_D: -222.9919 | Avg_Loss_G: 4520.7956 | Total_Iter: 17241
[5747/10001] End of Epoch | Avg_Loss_D: -36.7398 | Avg_Loss_G: 4540.9516 | Total_Iter: 17244
[5748/10001] End of Epoch | Avg_Loss_D: -78.0607 | Avg_Loss_G: 4546.3878 | Total_Iter: 17247
[5749/10001] End of Epoch | Avg_Loss_D: -72.9716 | Avg_Loss_G: 4551.1808 | Total_Iter: 17250
[5750/10001] End of Epoch | Avg_Loss_D: -68.6263 | Avg_Loss_G: 4461.8176 | Total_Iter: 17253
[5751/10001] End of Epoch | Avg_Loss_D: -24.2611 | Avg_Loss_G: 4402.6508 | Total_Iter: 17256
[5752/10001] End of Epoch | Avg_Loss_D: -199.7897 | Avg_Loss_G: 4577.4079 | Total_Iter: 17259
[5753/10001] End of Epoch | Avg_Loss_D: -66.0534 | Avg_Loss_G: 4517.0941 | Total_Iter: 17262
[5754/10001] End of Epoch | Avg_Loss_D: -204.4145 | Avg_Loss_G: 4528.3980 | Total_Iter: 17265
[5755/10001] End of Epoch | Avg_Loss_D: -46.3487 | Avg_Loss_G: 4517.4819 | Total_Iter: 17268
[5756/10001] End of Epoch | Avg_Loss_D: -107.7266 | Avg_Loss_G: 4477.6029 | Total_Iter: 17271
[5757/10001] End of Epoch | Avg_Loss_D: 47.3309 | Avg_Loss_G: 4443.6367 | Total_Iter: 17274
[5758/10001] End of Epoch | Avg_Loss_D: -12.1213 | Avg_Loss_G: 4447.7615 | Total_Iter: 17277
[5759/10001] End of Epoch | Avg_Loss_D: -12.9932 | Avg_Loss_G: 4522.5547 | Total_Iter: 17280
[5760/10001] End of Epoch | Avg_Loss_D: -211.0568 | Avg_Loss_G: 4372.0201 | Total_Iter: 17283
[5761/10001] End of Epoch | Avg_Loss_D: -30.7908 | Avg_Loss_G: 4442.5005 | Total_Iter: 17286
[5762/10001] End of Epoch | Avg_Loss_D: -77.1067 | Avg_Loss_G: 4523.7371 | Total_Iter: 17289
[5763/10001] End of Epoch | Avg_Loss_D: -124.7074 | Avg_Loss_G: 4535.0359 | Total_Iter: 17292
[5764/10001] End of Epoch | Avg_Loss_D: -127.2758 | Avg_Loss_G: 4421.2585 | Total_Iter: 17295
[5765/10001] End of Epoch | Avg_Loss_D: -224.9664 | Avg_Loss_G: 4520.3941 | Total_Iter: 17298
[5766/10001] End of Epoch | Avg_Loss_D: -17.5550 | Avg_Loss_G: 4554.1467 | Total_Iter: 17301
[5767/10001] End of Epoch | Avg_Loss_D: 33.5270 | Avg_Loss_G: 4573.1090 | Total_Iter: 17304
[5768/10001] End of Epoch | Avg_Loss_D: -77.3809 | Avg_Loss_G: 4522.6223 | Total_Iter: 17307
[5769/10001] End of Epoch | Avg_Loss_D: -130.1651 | Avg_Loss_G: 4531.4295 | Total_Iter: 17310
[5770/10001] End of Epoch | Avg_Loss_D: 45.0610 | Avg_Loss_G: 4484.2541 | Total_Iter: 17313
[5771/10001] End of Epoch | Avg_Loss_D: -32.4516 | Avg_Loss_G: 4522.7174 | Total_Iter: 17316
[5772/10001] End of Epoch | Avg_Loss_D: -131.7407 | Avg_Loss_G: 4478.0371 | Total_Iter: 17319
[5773/10001] End of Epoch | Avg_Loss_D: 60.1613 | Avg_Loss_G: 4397.0790 | Total_Iter: 17322
[5774/10001] End of Epoch | Avg_Loss_D: -86.4921 | Avg_Loss_G: 4417.0979 | Total_Iter: 17325
[5775/10001] End of Epoch | Avg_Loss_D: -64.2585 | Avg_Loss_G: 4369.7895 | Total_Iter: 17328
[5776/10001] End of Epoch | Avg_Loss_D: -128.7311 | Avg_Loss_G: 4514.8815 | Total_Iter: 17331
[5777/10001] End of Epoch | Avg_Loss_D: -132.0270 | Avg_Loss_G: 4456.6684 | Total_Iter: 17334
[5778/10001] End of Epoch | Avg_Loss_D: -148.4060 | Avg_Loss_G: 4540.1821 | Total_Iter: 17337
[5779/10001] End of Epoch | Avg_Loss_D: -63.6737 | Avg_Loss_G: 4419.6947 | Total_Iter: 17340
[5780/10001] End of Epoch | Avg_Loss_D: -18.5174 | Avg_Loss_G: 4457.2600 | Total_Iter: 17343
[5781/10001] End of Epoch | Avg_Loss_D: -113.4911 | Avg_Loss_G: 4202.0995 | Total_Iter: 17346
[5782/10001] End of Epoch | Avg_Loss_D: -152.7367 | Avg_Loss_G: 4513.2549 | Total_Iter: 17349
[5783/10001] End of Epoch | Avg_Loss_D: -101.8092 | Avg_Loss_G: 4503.7720 | Total_Iter: 17352
[5784/10001] End of Epoch | Avg_Loss_D: 1.6251 | Avg_Loss_G: 4388.6431 | Total_Iter: 17355
[5785/10001] End of Epoch | Avg_Loss_D: 8.7615 | Avg_Loss_G: 4323.4859 | Total_Iter: 17358
[5786/10001] End of Epoch | Avg_Loss_D: -49.1833 | Avg_Loss_G: 4404.6630 | Total_Iter: 17361
[5787/10001] End of Epoch | Avg_Loss_D: -55.3238 | Avg_Loss_G: 4439.3641 | Total_Iter: 17364
[5788/10001] End of Epoch | Avg_Loss_D: -63.1977 | Avg_Loss_G: 4516.6667 | Total_Iter: 17367
[5789/10001] End of Epoch | Avg_Loss_D: -114.8161 | Avg_Loss_G: 4506.6636 | Total_Iter: 17370
[5790/10001] End of Epoch | Avg_Loss_D: -270.3490 | Avg_Loss_G: 4516.4801 | Total_Iter: 17373
[5791/10001] End of Epoch | Avg_Loss_D: -57.3798 | Avg_Loss_G: 4499.9147 | Total_Iter: 17376
[5792/10001] End of Epoch | Avg_Loss_D: -300.9941 | Avg_Loss_G: 4364.0603 | Total_Iter: 17379
[5793/10001] End of Epoch | Avg_Loss_D: 14.6345 | Avg_Loss_G: 4482.7777 | Total_Iter: 17382
[5794/10001] End of Epoch | Avg_Loss_D: -50.5432 | Avg_Loss_G: 4518.6811 | Total_Iter: 17385
[5795/10001] End of Epoch | Avg_Loss_D: -703.8279 | Avg_Loss_G: 4440.3773 | Total_Iter: 17388
[5796/10001] End of Epoch | Avg_Loss_D: -224.7565 | Avg_Loss_G: 4449.0419 | Total_Iter: 17391
[5797/10001] End of Epoch | Avg_Loss_D: -172.2016 | Avg_Loss_G: 4432.1152 | Total_Iter: 17394
[5798/10001] End of Epoch | Avg_Loss_D: -89.0593 | Avg_Loss_G: 4415.7924 | Total_Iter: 17397
[5799/10001] End of Epoch | Avg_Loss_D: 6.0274 | Avg_Loss_G: 4334.3771 | Total_Iter: 17400
[5800/10001] End of Epoch | Avg_Loss_D: 12.7915 | Avg_Loss_G: 4324.0653 | Total_Iter: 17403
[5801/10001] End of Epoch | Avg_Loss_D: -47.7474 | Avg_Loss_G: 4396.6514 | Total_Iter: 17406
[5802/10001] End of Epoch | Avg_Loss_D: 82.4087 | Avg_Loss_G: 4396.0248 | Total_Iter: 17409
[5803/10001] End of Epoch | Avg_Loss_D: -17.5631 | Avg_Loss_G: 4400.5803 | Total_Iter: 17412
[5804/10001] End of Epoch | Avg_Loss_D: -76.0165 | Avg_Loss_G: 4385.5295 | Total_Iter: 17415
[5805/10001] End of Epoch | Avg_Loss_D: 46.0653 | Avg_Loss_G: 4416.3339 | Total_Iter: 17418
[5806/10001] End of Epoch | Avg_Loss_D: -39.8655 | Avg_Loss_G: 4440.9446 | Total_Iter: 17421
[5807/10001] End of Epoch | Avg_Loss_D: -16.5786 | Avg_Loss_G: 4438.6353 | Total_Iter: 17424
[5808/10001] End of Epoch | Avg_Loss_D: -9.6589 | Avg_Loss_G: 4420.5865 | Total_Iter: 17427
[5809/10001] End of Epoch | Avg_Loss_D: -43.9526 | Avg_Loss_G: 4431.5169 | Total_Iter: 17430
[5810/10001] End of Epoch | Avg_Loss_D: -14.7174 | Avg_Loss_G: 4416.4871 | Total_Iter: 17433
[5811/10001] End of Epoch | Avg_Loss_D: -89.2198 | Avg_Loss_G: 4471.5181 | Total_Iter: 17436
[5812/10001] End of Epoch | Avg_Loss_D: -56.9805 | Avg_Loss_G: 4459.7206 | Total_Iter: 17439
[5813/10001] End of Epoch | Avg_Loss_D: -24.2369 | Avg_Loss_G: 4455.3567 | Total_Iter: 17442
[5814/10001] End of Epoch | Avg_Loss_D: 3.4828 | Avg_Loss_G: 4453.2201 | Total_Iter: 17445
[5815/10001] End of Epoch | Avg_Loss_D: -69.0411 | Avg_Loss_G: 4465.9653 | Total_Iter: 17448
[5816/10001] End of Epoch | Avg_Loss_D: 66.9981 | Avg_Loss_G: 4491.9043 | Total_Iter: 17451
[5817/10001] End of Epoch | Avg_Loss_D: 77.5682 | Avg_Loss_G: 4488.0186 | Total_Iter: 17454
[5818/10001] End of Epoch | Avg_Loss_D: -46.7221 | Avg_Loss_G: 4407.5719 | Total_Iter: 17457
[5819/10001] End of Epoch | Avg_Loss_D: -220.0881 | Avg_Loss_G: 4493.1645 | Total_Iter: 17460
[5820/10001] End of Epoch | Avg_Loss_D: -46.6025 | Avg_Loss_G: 4502.8932 | Total_Iter: 17463
[5821/10001] End of Epoch | Avg_Loss_D: -18.1312 | Avg_Loss_G: 4382.6051 | Total_Iter: 17466
[5822/10001] End of Epoch | Avg_Loss_D: -52.5771 | Avg_Loss_G: 4467.6174 | Total_Iter: 17469
[5823/10001] End of Epoch | Avg_Loss_D: -9.4183 | Avg_Loss_G: 4417.3392 | Total_Iter: 17472
[5824/10001] End of Epoch | Avg_Loss_D: -53.2690 | Avg_Loss_G: 4476.1305 | Total_Iter: 17475
[5825/10001] End of Epoch | Avg_Loss_D: 21.2793 | Avg_Loss_G: 4448.4872 | Total_Iter: 17478
[5826/10001] End of Epoch | Avg_Loss_D: -71.3065 | Avg_Loss_G: 4510.5806 | Total_Iter: 17481
[5827/10001] End of Epoch | Avg_Loss_D: 7.3824 | Avg_Loss_G: 4458.2665 | Total_Iter: 17484
[5828/10001] End of Epoch | Avg_Loss_D: -88.6371 | Avg_Loss_G: 4458.0599 | Total_Iter: 17487
[5829/10001] End of Epoch | Avg_Loss_D: -101.4681 | Avg_Loss_G: 4450.2493 | Total_Iter: 17490
[5830/10001] End of Epoch | Avg_Loss_D: -118.9126 | Avg_Loss_G: 4485.9724 | Total_Iter: 17493
[5831/10001] End of Epoch | Avg_Loss_D: -340.9965 | Avg_Loss_G: 4307.4967 | Total_Iter: 17496
[5832/10001] End of Epoch | Avg_Loss_D: -166.4773 | Avg_Loss_G: 4468.5889 | Total_Iter: 17499
[5833/10001] End of Epoch | Avg_Loss_D: -108.4627 | Avg_Loss_G: 4456.8092 | Total_Iter: 17502
[5834/10001] End of Epoch | Avg_Loss_D: -115.0621 | Avg_Loss_G: 4457.6649 | Total_Iter: 17505
[5835/10001] End of Epoch | Avg_Loss_D: -76.7074 | Avg_Loss_G: 4404.3559 | Total_Iter: 17508
[5836/10001] End of Epoch | Avg_Loss_D: -546.7696 | Avg_Loss_G: 4438.6426 | Total_Iter: 17511
[5837/10001] End of Epoch | Avg_Loss_D: -116.6495 | Avg_Loss_G: 4463.0404 | Total_Iter: 17514
[5838/10001] End of Epoch | Avg_Loss_D: -107.9771 | Avg_Loss_G: 4333.2120 | Total_Iter: 17517
[5839/10001] End of Epoch | Avg_Loss_D: -593.7308 | Avg_Loss_G: 4381.1852 | Total_Iter: 17520
[5840/10001] End of Epoch | Avg_Loss_D: -29.7529 | Avg_Loss_G: 4322.1544 | Total_Iter: 17523
[5841/10001] End of Epoch | Avg_Loss_D: -37.6377 | Avg_Loss_G: 4462.7764 | Total_Iter: 17526
[5842/10001] End of Epoch | Avg_Loss_D: 122.6809 | Avg_Loss_G: 4416.0859 | Total_Iter: 17529
[5843/10001] End of Epoch | Avg_Loss_D: -91.7004 | Avg_Loss_G: 4473.6990 | Total_Iter: 17532
[5844/10001] End of Epoch | Avg_Loss_D: -103.2403 | Avg_Loss_G: 4438.1986 | Total_Iter: 17535
[5845/10001] End of Epoch | Avg_Loss_D: -82.3448 | Avg_Loss_G: 4455.4485 | Total_Iter: 17538
[5846/10001] End of Epoch | Avg_Loss_D: -156.5949 | Avg_Loss_G: 4443.5260 | Total_Iter: 17541
[5847/10001] End of Epoch | Avg_Loss_D: -111.5091 | Avg_Loss_G: 4449.2054 | Total_Iter: 17544
[5848/10001] End of Epoch | Avg_Loss_D: -89.4582 | Avg_Loss_G: 4499.6168 | Total_Iter: 17547
[5849/10001] End of Epoch | Avg_Loss_D: -81.4384 | Avg_Loss_G: 4442.8965 | Total_Iter: 17550
[5850/10001] End of Epoch | Avg_Loss_D: -39.9536 | Avg_Loss_G: 4437.3352 | Total_Iter: 17553
[5851/10001] End of Epoch | Avg_Loss_D: -24.9096 | Avg_Loss_G: 4422.3445 | Total_Iter: 17556
[5852/10001] End of Epoch | Avg_Loss_D: 43.8593 | Avg_Loss_G: 4427.0850 | Total_Iter: 17559
[5853/10001] End of Epoch | Avg_Loss_D: -387.5289 | Avg_Loss_G: 4368.0098 | Total_Iter: 17562
[5854/10001] End of Epoch | Avg_Loss_D: -350.8628 | Avg_Loss_G: 4374.6121 | Total_Iter: 17565
[5855/10001] End of Epoch | Avg_Loss_D: -174.2996 | Avg_Loss_G: 4153.9577 | Total_Iter: 17568
[5856/10001] End of Epoch | Avg_Loss_D: 46.4001 | Avg_Loss_G: 4256.2147 | Total_Iter: 17571
[5857/10001] End of Epoch | Avg_Loss_D: -14.9710 | Avg_Loss_G: 4483.5821 | Total_Iter: 17574
[5858/10001] End of Epoch | Avg_Loss_D: -70.5732 | Avg_Loss_G: 4443.5816 | Total_Iter: 17577
[5859/10001] End of Epoch | Avg_Loss_D: -53.9999 | Avg_Loss_G: 4435.3115 | Total_Iter: 17580
[5860/10001] End of Epoch | Avg_Loss_D: -31.2474 | Avg_Loss_G: 4442.2052 | Total_Iter: 17583
[5861/10001] End of Epoch | Avg_Loss_D: 38.0728 | Avg_Loss_G: 4524.3747 | Total_Iter: 17586
[5862/10001] End of Epoch | Avg_Loss_D: -214.5511 | Avg_Loss_G: 4499.0880 | Total_Iter: 17589
[5863/10001] End of Epoch | Avg_Loss_D: -230.0525 | Avg_Loss_G: 4430.8190 | Total_Iter: 17592
[5864/10001] End of Epoch | Avg_Loss_D: 1.6855 | Avg_Loss_G: 4475.4227 | Total_Iter: 17595
[5865/10001] End of Epoch | Avg_Loss_D: -251.7442 | Avg_Loss_G: 4420.4779 | Total_Iter: 17598
[5866/10001] End of Epoch | Avg_Loss_D: -44.5582 | Avg_Loss_G: 4529.5160 | Total_Iter: 17601
[5867/10001] End of Epoch | Avg_Loss_D: -3.3823 | Avg_Loss_G: 4511.7655 | Total_Iter: 17604
[5868/10001] End of Epoch | Avg_Loss_D: -116.6287 | Avg_Loss_G: 4430.4613 | Total_Iter: 17607
[5869/10001] End of Epoch | Avg_Loss_D: -154.3673 | Avg_Loss_G: 4495.9166 | Total_Iter: 17610
[5870/10001] End of Epoch | Avg_Loss_D: 55.0155 | Avg_Loss_G: 4522.0742 | Total_Iter: 17613
[5871/10001] End of Epoch | Avg_Loss_D: -18.9394 | Avg_Loss_G: 4512.4262 | Total_Iter: 17616
[5872/10001] End of Epoch | Avg_Loss_D: -352.6812 | Avg_Loss_G: 4448.9992 | Total_Iter: 17619
[5873/10001] End of Epoch | Avg_Loss_D: -126.6141 | Avg_Loss_G: 4447.9455 | Total_Iter: 17622
[5874/10001] End of Epoch | Avg_Loss_D: -161.6575 | Avg_Loss_G: 4456.3983 | Total_Iter: 17625
[5875/10001] End of Epoch | Avg_Loss_D: -72.6986 | Avg_Loss_G: 4367.0470 | Total_Iter: 17628
[5876/10001] End of Epoch | Avg_Loss_D: -193.9674 | Avg_Loss_G: 4520.5985 | Total_Iter: 17631
[5877/10001] End of Epoch | Avg_Loss_D: -285.2764 | Avg_Loss_G: 4488.9275 | Total_Iter: 17634
[5878/10001] End of Epoch | Avg_Loss_D: -348.9598 | Avg_Loss_G: 4455.1777 | Total_Iter: 17637
[5879/10001] End of Epoch | Avg_Loss_D: -342.6256 | Avg_Loss_G: 4399.4626 | Total_Iter: 17640
[5880/10001] End of Epoch | Avg_Loss_D: 28.0446 | Avg_Loss_G: 4426.9514 | Total_Iter: 17643
[5881/10001] End of Epoch | Avg_Loss_D: 120.4494 | Avg_Loss_G: 4406.2196 | Total_Iter: 17646
[5882/10001] End of Epoch | Avg_Loss_D: -411.4918 | Avg_Loss_G: 4484.7228 | Total_Iter: 17649
[5883/10001] End of Epoch | Avg_Loss_D: -174.3000 | Avg_Loss_G: 4469.1128 | Total_Iter: 17652
[5884/10001] End of Epoch | Avg_Loss_D: -115.4517 | Avg_Loss_G: 4192.3104 | Total_Iter: 17655
[5885/10001] End of Epoch | Avg_Loss_D: -45.6959 | Avg_Loss_G: 4491.1051 | Total_Iter: 17658
[5886/10001] End of Epoch | Avg_Loss_D: -48.9767 | Avg_Loss_G: 4468.6304 | Total_Iter: 17661
[5887/10001] End of Epoch | Avg_Loss_D: 16.2273 | Avg_Loss_G: 4521.4476 | Total_Iter: 17664
[5888/10001] End of Epoch | Avg_Loss_D: -63.2786 | Avg_Loss_G: 4461.8902 | Total_Iter: 17667
[5889/10001] End of Epoch | Avg_Loss_D: -30.3253 | Avg_Loss_G: 4478.4549 | Total_Iter: 17670
[5890/10001] End of Epoch | Avg_Loss_D: -119.3639 | Avg_Loss_G: 4404.0370 | Total_Iter: 17673
[5891/10001] End of Epoch | Avg_Loss_D: -589.8761 | Avg_Loss_G: 4480.3765 | Total_Iter: 17676
[5892/10001] End of Epoch | Avg_Loss_D: -165.7484 | Avg_Loss_G: 4245.5748 | Total_Iter: 17679
[5893/10001] End of Epoch | Avg_Loss_D: -256.9175 | Avg_Loss_G: 4388.0859 | Total_Iter: 17682
[5894/10001] End of Epoch | Avg_Loss_D: -78.6548 | Avg_Loss_G: 4410.1090 | Total_Iter: 17685
[5895/10001] End of Epoch | Avg_Loss_D: -101.1065 | Avg_Loss_G: 4441.9248 | Total_Iter: 17688
[5896/10001] End of Epoch | Avg_Loss_D: -193.4510 | Avg_Loss_G: 4539.5251 | Total_Iter: 17691
[5897/10001] End of Epoch | Avg_Loss_D: -48.8540 | Avg_Loss_G: 4329.7951 | Total_Iter: 17694
[5898/10001] End of Epoch | Avg_Loss_D: 24.8488 | Avg_Loss_G: 4535.4669 | Total_Iter: 17697
[5899/10001] End of Epoch | Avg_Loss_D: -46.1643 | Avg_Loss_G: 4493.8224 | Total_Iter: 17700
[5900/10001] End of Epoch | Avg_Loss_D: -191.8548 | Avg_Loss_G: 4425.6821 | Total_Iter: 17703
[5901/10001] End of Epoch | Avg_Loss_D: -200.0671 | Avg_Loss_G: 4429.6510 | Total_Iter: 17706
[5902/10001] End of Epoch | Avg_Loss_D: -272.5588 | Avg_Loss_G: 4412.3617 | Total_Iter: 17709
[5903/10001] End of Epoch | Avg_Loss_D: -203.0249 | Avg_Loss_G: 4347.1284 | Total_Iter: 17712
[5904/10001] End of Epoch | Avg_Loss_D: -270.7251 | Avg_Loss_G: 4461.6044 | Total_Iter: 17715
[5905/10001] End of Epoch | Avg_Loss_D: -237.2295 | Avg_Loss_G: 4465.1141 | Total_Iter: 17718
[5906/10001] End of Epoch | Avg_Loss_D: -73.7516 | Avg_Loss_G: 4508.9575 | Total_Iter: 17721
[5907/10001] End of Epoch | Avg_Loss_D: -87.5078 | Avg_Loss_G: 4307.9384 | Total_Iter: 17724
[5908/10001] End of Epoch | Avg_Loss_D: -421.0853 | Avg_Loss_G: 4358.0969 | Total_Iter: 17727
[5909/10001] End of Epoch | Avg_Loss_D: -179.4899 | Avg_Loss_G: 4446.4911 | Total_Iter: 17730
[5910/10001] End of Epoch | Avg_Loss_D: -386.9076 | Avg_Loss_G: 4488.5851 | Total_Iter: 17733
[5911/10001] End of Epoch | Avg_Loss_D: -174.5295 | Avg_Loss_G: 4305.7924 | Total_Iter: 17736
[5912/10001] End of Epoch | Avg_Loss_D: -307.3625 | Avg_Loss_G: 4150.9484 | Total_Iter: 17739
[5913/10001] End of Epoch | Avg_Loss_D: -110.4292 | Avg_Loss_G: 4413.8060 | Total_Iter: 17742
[5914/10001] End of Epoch | Avg_Loss_D: 3.5091 | Avg_Loss_G: 4316.0468 | Total_Iter: 17745
[5915/10001] End of Epoch | Avg_Loss_D: -57.4481 | Avg_Loss_G: 4250.6045 | Total_Iter: 17748
[5916/10001] End of Epoch | Avg_Loss_D: -25.6323 | Avg_Loss_G: 4169.3674 | Total_Iter: 17751
[5917/10001] End of Epoch | Avg_Loss_D: -334.3610 | Avg_Loss_G: 4418.7411 | Total_Iter: 17754
[5918/10001] End of Epoch | Avg_Loss_D: -372.9652 | Avg_Loss_G: 4424.1227 | Total_Iter: 17757
[5919/10001] End of Epoch | Avg_Loss_D: -225.0079 | Avg_Loss_G: 4480.3215 | Total_Iter: 17760
[5920/10001] End of Epoch | Avg_Loss_D: 80.8139 | Avg_Loss_G: 4299.7126 | Total_Iter: 17763
[5921/10001] End of Epoch | Avg_Loss_D: -191.2286 | Avg_Loss_G: 4297.6926 | Total_Iter: 17766
[5922/10001] End of Epoch | Avg_Loss_D: -248.3918 | Avg_Loss_G: 4296.8824 | Total_Iter: 17769
[5923/10001] End of Epoch | Avg_Loss_D: -23.6664 | Avg_Loss_G: 4376.9303 | Total_Iter: 17772
[5924/10001] End of Epoch | Avg_Loss_D: -250.7107 | Avg_Loss_G: 4389.5532 | Total_Iter: 17775
[5925/10001] End of Epoch | Avg_Loss_D: -408.2891 | Avg_Loss_G: 4423.8507 | Total_Iter: 17778
[5926/10001] End of Epoch | Avg_Loss_D: -658.5174 | Avg_Loss_G: 4300.2249 | Total_Iter: 17781
[5927/10001] End of Epoch | Avg_Loss_D: 132.6219 | Avg_Loss_G: 4119.0406 | Total_Iter: 17784
[5928/10001] End of Epoch | Avg_Loss_D: -332.0679 | Avg_Loss_G: 4266.7504 | Total_Iter: 17787
[5929/10001] End of Epoch | Avg_Loss_D: 121.6385 | Avg_Loss_G: 4285.9871 | Total_Iter: 17790
[5930/10001] End of Epoch | Avg_Loss_D: 74.5098 | Avg_Loss_G: 4315.5439 | Total_Iter: 17793
[5931/10001] End of Epoch | Avg_Loss_D: 30.2324 | Avg_Loss_G: 4327.5166 | Total_Iter: 17796
[5932/10001] End of Epoch | Avg_Loss_D: 35.6219 | Avg_Loss_G: 4317.4987 | Total_Iter: 17799
[5933/10001] End of Epoch | Avg_Loss_D: 29.1176 | Avg_Loss_G: 4339.3092 | Total_Iter: 17802
[5934/10001] End of Epoch | Avg_Loss_D: 20.0216 | Avg_Loss_G: 4342.3443 | Total_Iter: 17805
[5935/10001] End of Epoch | Avg_Loss_D: 18.8027 | Avg_Loss_G: 4361.0990 | Total_Iter: 17808
[5936/10001] End of Epoch | Avg_Loss_D: 56.3880 | Avg_Loss_G: 4358.4087 | Total_Iter: 17811
[5937/10001] End of Epoch | Avg_Loss_D: 14.5773 | Avg_Loss_G: 4370.3203 | Total_Iter: 17814
[5938/10001] End of Epoch | Avg_Loss_D: 39.1703 | Avg_Loss_G: 4355.5854 | Total_Iter: 17817
[5939/10001] End of Epoch | Avg_Loss_D: 34.1404 | Avg_Loss_G: 4355.5367 | Total_Iter: 17820
[5940/10001] End of Epoch | Avg_Loss_D: -21.4690 | Avg_Loss_G: 4365.2067 | Total_Iter: 17823
[5941/10001] End of Epoch | Avg_Loss_D: 63.7052 | Avg_Loss_G: 4361.2637 | Total_Iter: 17826
[5942/10001] End of Epoch | Avg_Loss_D: 14.6460 | Avg_Loss_G: 4363.3037 | Total_Iter: 17829
[5943/10001] End of Epoch | Avg_Loss_D: 39.3792 | Avg_Loss_G: 4369.8160 | Total_Iter: 17832
[5944/10001] End of Epoch | Avg_Loss_D: 19.7350 | Avg_Loss_G: 4367.7930 | Total_Iter: 17835
[5945/10001] End of Epoch | Avg_Loss_D: 47.2240 | Avg_Loss_G: 4369.4541 | Total_Iter: 17838
[5946/10001] End of Epoch | Avg_Loss_D: 33.6667 | Avg_Loss_G: 4358.3262 | Total_Iter: 17841
[5947/10001] End of Epoch | Avg_Loss_D: 9.8942 | Avg_Loss_G: 4362.8091 | Total_Iter: 17844
[5948/10001] End of Epoch | Avg_Loss_D: 7.3847 | Avg_Loss_G: 4373.1338 | Total_Iter: 17847
[5949/10001] End of Epoch | Avg_Loss_D: -11.3006 | Avg_Loss_G: 4378.8978 | Total_Iter: 17850
[5950/10001] End of Epoch | Avg_Loss_D: 19.3203 | Avg_Loss_G: 4380.4698 | Total_Iter: 17853
[5951/10001] End of Epoch | Avg_Loss_D: 35.3906 | Avg_Loss_G: 4371.9935 | Total_Iter: 17856
[5952/10001] End of Epoch | Avg_Loss_D: 12.3212 | Avg_Loss_G: 4376.4515 | Total_Iter: 17859
[5953/10001] End of Epoch | Avg_Loss_D: 17.6922 | Avg_Loss_G: 4371.6823 | Total_Iter: 17862
[5954/10001] End of Epoch | Avg_Loss_D: 13.9430 | Avg_Loss_G: 4379.4822 | Total_Iter: 17865
[5955/10001] End of Epoch | Avg_Loss_D: -3.1837 | Avg_Loss_G: 4377.4302 | Total_Iter: 17868
[5956/10001] End of Epoch | Avg_Loss_D: 9.6171 | Avg_Loss_G: 4380.3143 | Total_Iter: 17871
[5957/10001] End of Epoch | Avg_Loss_D: -2.4328 | Avg_Loss_G: 4383.7183 | Total_Iter: 17874
[5958/10001] End of Epoch | Avg_Loss_D: 13.6039 | Avg_Loss_G: 4384.7470 | Total_Iter: 17877
[5959/10001] End of Epoch | Avg_Loss_D: 17.8857 | Avg_Loss_G: 4394.0077 | Total_Iter: 17880
[5960/10001] End of Epoch | Avg_Loss_D: 3.2489 | Avg_Loss_G: 4386.2462 | Total_Iter: 17883
[5961/10001] End of Epoch | Avg_Loss_D: -3.3201 | Avg_Loss_G: 4379.3349 | Total_Iter: 17886
[5962/10001] End of Epoch | Avg_Loss_D: -12.4696 | Avg_Loss_G: 4395.0676 | Total_Iter: 17889
[5963/10001] End of Epoch | Avg_Loss_D: 1.4704 | Avg_Loss_G: 4388.3835 | Total_Iter: 17892
[5964/10001] End of Epoch | Avg_Loss_D: 13.8479 | Avg_Loss_G: 4391.9676 | Total_Iter: 17895
[5965/10001] End of Epoch | Avg_Loss_D: 6.0795 | Avg_Loss_G: 4390.4005 | Total_Iter: 17898
[5966/10001] End of Epoch | Avg_Loss_D: -3.2066 | Avg_Loss_G: 4392.4293 | Total_Iter: 17901
[5967/10001] End of Epoch | Avg_Loss_D: 3.7722 | Avg_Loss_G: 4390.8115 | Total_Iter: 17904
[5968/10001] End of Epoch | Avg_Loss_D: -5.5220 | Avg_Loss_G: 4394.0265 | Total_Iter: 17907
[5969/10001] End of Epoch | Avg_Loss_D: 7.3129 | Avg_Loss_G: 4394.0909 | Total_Iter: 17910
[5970/10001] End of Epoch | Avg_Loss_D: -3.1559 | Avg_Loss_G: 4395.6489 | Total_Iter: 17913
[5971/10001] End of Epoch | Avg_Loss_D: 13.0814 | Avg_Loss_G: 4394.1291 | Total_Iter: 17916
[5972/10001] End of Epoch | Avg_Loss_D: -0.2256 | Avg_Loss_G: 4393.2822 | Total_Iter: 17919
[5973/10001] End of Epoch | Avg_Loss_D: -0.8245 | Avg_Loss_G: 4401.7037 | Total_Iter: 17922
[5974/10001] End of Epoch | Avg_Loss_D: -10.0640 | Avg_Loss_G: 4396.0422 | Total_Iter: 17925
[5975/10001] End of Epoch | Avg_Loss_D: -4.4924 | Avg_Loss_G: 4395.0049 | Total_Iter: 17928
[5976/10001] End of Epoch | Avg_Loss_D: -8.5954 | Avg_Loss_G: 4396.2394 | Total_Iter: 17931
[5977/10001] End of Epoch | Avg_Loss_D: 14.3046 | Avg_Loss_G: 4399.7125 | Total_Iter: 17934
[5978/10001] End of Epoch | Avg_Loss_D: 6.7984 | Avg_Loss_G: 4404.9908 | Total_Iter: 17937
[5979/10001] End of Epoch | Avg_Loss_D: -8.1668 | Avg_Loss_G: 4404.8497 | Total_Iter: 17940
[5980/10001] End of Epoch | Avg_Loss_D: -5.8181 | Avg_Loss_G: 4403.4793 | Total_Iter: 17943
[5981/10001] End of Epoch | Avg_Loss_D: 5.5453 | Avg_Loss_G: 4401.3843 | Total_Iter: 17946
[5982/10001] End of Epoch | Avg_Loss_D: 4.9126 | Avg_Loss_G: 4406.4839 | Total_Iter: 17949
[5983/10001] End of Epoch | Avg_Loss_D: -12.2774 | Avg_Loss_G: 4405.6130 | Total_Iter: 17952
[5984/10001] End of Epoch | Avg_Loss_D: -14.5497 | Avg_Loss_G: 4405.8159 | Total_Iter: 17955
[5985/10001] End of Epoch | Avg_Loss_D: 1.6991 | Avg_Loss_G: 4403.3345 | Total_Iter: 17958
[5986/10001] End of Epoch | Avg_Loss_D: 2.6657 | Avg_Loss_G: 4405.2436 | Total_Iter: 17961
[5987/10001] End of Epoch | Avg_Loss_D: -2.3027 | Avg_Loss_G: 4409.0565 | Total_Iter: 17964
[5988/10001] End of Epoch | Avg_Loss_D: -12.0754 | Avg_Loss_G: 4404.0546 | Total_Iter: 17967
[5989/10001] End of Epoch | Avg_Loss_D: -5.2113 | Avg_Loss_G: 4405.3592 | Total_Iter: 17970
[5990/10001] End of Epoch | Avg_Loss_D: -2.8170 | Avg_Loss_G: 4401.6533 | Total_Iter: 17973
[5991/10001] End of Epoch | Avg_Loss_D: -1.8669 | Avg_Loss_G: 4405.9929 | Total_Iter: 17976
[5992/10001] End of Epoch | Avg_Loss_D: 12.3569 | Avg_Loss_G: 4409.1075 | Total_Iter: 17979
[5993/10001] End of Epoch | Avg_Loss_D: 1.2116 | Avg_Loss_G: 4408.6772 | Total_Iter: 17982
[5994/10001] End of Epoch | Avg_Loss_D: -1.1121 | Avg_Loss_G: 4412.8571 | Total_Iter: 17985
[5995/10001] End of Epoch | Avg_Loss_D: -13.2852 | Avg_Loss_G: 4408.6186 | Total_Iter: 17988
[5996/10001] End of Epoch | Avg_Loss_D: -19.1982 | Avg_Loss_G: 4416.6071 | Total_Iter: 17991
[5997/10001] End of Epoch | Avg_Loss_D: -24.7303 | Avg_Loss_G: 4411.7872 | Total_Iter: 17994
[5998/10001] End of Epoch | Avg_Loss_D: -3.1151 | Avg_Loss_G: 4416.0608 | Total_Iter: 17997
[5999/10001] End of Epoch | Avg_Loss_D: -6.3141 | Avg_Loss_G: 4423.2994 | Total_Iter: 18000
[6000/10001] End of Epoch | Avg_Loss_D: -2.5232 | Avg_Loss_G: 4411.1981 | Total_Iter: 18003
[6001/10001] End of Epoch | Avg_Loss_D: -10.6008 | Avg_Loss_G: 4424.2063 | Total_Iter: 18006
[6002/10001] End of Epoch | Avg_Loss_D: -13.5823 | Avg_Loss_G: 4414.2794 | Total_Iter: 18009
[6003/10001] End of Epoch | Avg_Loss_D: -17.6977 | Avg_Loss_G: 4409.6050 | Total_Iter: 18012
[6004/10001] End of Epoch | Avg_Loss_D: -12.4184 | Avg_Loss_G: 4414.8211 | Total_Iter: 18015
[6005/10001] End of Epoch | Avg_Loss_D: -13.0901 | Avg_Loss_G: 4420.3408 | Total_Iter: 18018
[6006/10001] End of Epoch | Avg_Loss_D: -4.7665 | Avg_Loss_G: 4421.6939 | Total_Iter: 18021
[6007/10001] End of Epoch | Avg_Loss_D: -35.8652 | Avg_Loss_G: 4422.0918 | Total_Iter: 18024
[6008/10001] End of Epoch | Avg_Loss_D: -2.8517 | Avg_Loss_G: 4422.6427 | Total_Iter: 18027
[6009/10001] End of Epoch | Avg_Loss_D: -23.5156 | Avg_Loss_G: 4421.9405 | Total_Iter: 18030
[6010/10001] End of Epoch | Avg_Loss_D: -2.7725 | Avg_Loss_G: 4417.8330 | Total_Iter: 18033
[6011/10001] End of Epoch | Avg_Loss_D: -23.5041 | Avg_Loss_G: 4423.1028 | Total_Iter: 18036
[6012/10001] End of Epoch | Avg_Loss_D: -7.1581 | Avg_Loss_G: 4421.1189 | Total_Iter: 18039
[6013/10001] End of Epoch | Avg_Loss_D: -17.7453 | Avg_Loss_G: 4414.1745 | Total_Iter: 18042
[6014/10001] End of Epoch | Avg_Loss_D: -22.2581 | Avg_Loss_G: 4414.7743 | Total_Iter: 18045
[6015/10001] End of Epoch | Avg_Loss_D: -2.5725 | Avg_Loss_G: 4423.3260 | Total_Iter: 18048
[6016/10001] End of Epoch | Avg_Loss_D: -40.3664 | Avg_Loss_G: 4420.6458 | Total_Iter: 18051
[6017/10001] End of Epoch | Avg_Loss_D: -44.5319 | Avg_Loss_G: 4417.9201 | Total_Iter: 18054
[6018/10001] End of Epoch | Avg_Loss_D: 5.5095 | Avg_Loss_G: 4421.5074 | Total_Iter: 18057
[6019/10001] End of Epoch | Avg_Loss_D: -21.9084 | Avg_Loss_G: 4416.7255 | Total_Iter: 18060
[6020/10001] End of Epoch | Avg_Loss_D: -14.0814 | Avg_Loss_G: 4422.0099 | Total_Iter: 18063
[6021/10001] End of Epoch | Avg_Loss_D: -16.8964 | Avg_Loss_G: 4408.8699 | Total_Iter: 18066
[6022/10001] End of Epoch | Avg_Loss_D: 1.8808 | Avg_Loss_G: 4418.1552 | Total_Iter: 18069
[6023/10001] End of Epoch | Avg_Loss_D: -4.5549 | Avg_Loss_G: 4420.6909 | Total_Iter: 18072
[6024/10001] End of Epoch | Avg_Loss_D: -9.4263 | Avg_Loss_G: 4406.4535 | Total_Iter: 18075
[6025/10001] End of Epoch | Avg_Loss_D: -7.4131 | Avg_Loss_G: 4421.2728 | Total_Iter: 18078
[6026/10001] End of Epoch | Avg_Loss_D: -47.7729 | Avg_Loss_G: 4421.9055 | Total_Iter: 18081
[6027/10001] End of Epoch | Avg_Loss_D: -7.1485 | Avg_Loss_G: 4415.5161 | Total_Iter: 18084
[6028/10001] End of Epoch | Avg_Loss_D: -2.6335 | Avg_Loss_G: 4422.6324 | Total_Iter: 18087
[6029/10001] End of Epoch | Avg_Loss_D: -58.9033 | Avg_Loss_G: 4411.5793 | Total_Iter: 18090
[6030/10001] End of Epoch | Avg_Loss_D: -7.6302 | Avg_Loss_G: 4421.1902 | Total_Iter: 18093
[6031/10001] End of Epoch | Avg_Loss_D: -16.7074 | Avg_Loss_G: 4423.8362 | Total_Iter: 18096
[6032/10001] End of Epoch | Avg_Loss_D: -11.2730 | Avg_Loss_G: 4420.3194 | Total_Iter: 18099
[6033/10001] End of Epoch | Avg_Loss_D: -11.9061 | Avg_Loss_G: 4417.3057 | Total_Iter: 18102
[6034/10001] End of Epoch | Avg_Loss_D: -49.3948 | Avg_Loss_G: 4417.3518 | Total_Iter: 18105
[6035/10001] End of Epoch | Avg_Loss_D: -18.8929 | Avg_Loss_G: 4419.8421 | Total_Iter: 18108
[6036/10001] End of Epoch | Avg_Loss_D: -9.5955 | Avg_Loss_G: 4409.1998 | Total_Iter: 18111
[6037/10001] End of Epoch | Avg_Loss_D: -39.1547 | Avg_Loss_G: 4415.4277 | Total_Iter: 18114
[6038/10001] End of Epoch | Avg_Loss_D: -40.0494 | Avg_Loss_G: 4409.8646 | Total_Iter: 18117
[6039/10001] End of Epoch | Avg_Loss_D: -2.0473 | Avg_Loss_G: 4426.8961 | Total_Iter: 18120
[6040/10001] End of Epoch | Avg_Loss_D: -14.1760 | Avg_Loss_G: 4426.1053 | Total_Iter: 18123
[6041/10001] End of Epoch | Avg_Loss_D: -30.9602 | Avg_Loss_G: 4418.8741 | Total_Iter: 18126
[6042/10001] End of Epoch | Avg_Loss_D: -32.9558 | Avg_Loss_G: 4406.9242 | Total_Iter: 18129
[6043/10001] End of Epoch | Avg_Loss_D: -27.7280 | Avg_Loss_G: 4404.4657 | Total_Iter: 18132
[6044/10001] End of Epoch | Avg_Loss_D: -25.0780 | Avg_Loss_G: 4413.0995 | Total_Iter: 18135
[6045/10001] End of Epoch | Avg_Loss_D: -48.0421 | Avg_Loss_G: 4409.6045 | Total_Iter: 18138
[6046/10001] End of Epoch | Avg_Loss_D: -33.6533 | Avg_Loss_G: 4427.5930 | Total_Iter: 18141
[6047/10001] End of Epoch | Avg_Loss_D: -58.7612 | Avg_Loss_G: 4423.8087 | Total_Iter: 18144
[6048/10001] End of Epoch | Avg_Loss_D: -21.6872 | Avg_Loss_G: 4419.9451 | Total_Iter: 18147
[6049/10001] End of Epoch | Avg_Loss_D: -41.4747 | Avg_Loss_G: 4411.4753 | Total_Iter: 18150
[6050/10001] End of Epoch | Avg_Loss_D: -25.6418 | Avg_Loss_G: 4421.0498 | Total_Iter: 18153
[6051/10001] End of Epoch | Avg_Loss_D: -4.9398 | Avg_Loss_G: 4411.8102 | Total_Iter: 18156
[6052/10001] End of Epoch | Avg_Loss_D: -12.7946 | Avg_Loss_G: 4408.6308 | Total_Iter: 18159
[6053/10001] End of Epoch | Avg_Loss_D: -7.8263 | Avg_Loss_G: 4425.3402 | Total_Iter: 18162
[6054/10001] End of Epoch | Avg_Loss_D: -15.8079 | Avg_Loss_G: 4428.1029 | Total_Iter: 18165
[6055/10001] End of Epoch | Avg_Loss_D: 9.6654 | Avg_Loss_G: 4410.6826 | Total_Iter: 18168
[6056/10001] End of Epoch | Avg_Loss_D: -44.0675 | Avg_Loss_G: 4412.3919 | Total_Iter: 18171
[6057/10001] End of Epoch | Avg_Loss_D: -59.6561 | Avg_Loss_G: 4421.0187 | Total_Iter: 18174
[6058/10001] End of Epoch | Avg_Loss_D: -1.4756 | Avg_Loss_G: 4410.1115 | Total_Iter: 18177
[6059/10001] End of Epoch | Avg_Loss_D: -0.5470 | Avg_Loss_G: 4405.9510 | Total_Iter: 18180
[6060/10001] End of Epoch | Avg_Loss_D: -40.1220 | Avg_Loss_G: 4399.6743 | Total_Iter: 18183
[6061/10001] End of Epoch | Avg_Loss_D: -23.7900 | Avg_Loss_G: 4429.2425 | Total_Iter: 18186
[6062/10001] End of Epoch | Avg_Loss_D: -107.7913 | Avg_Loss_G: 4421.3292 | Total_Iter: 18189
[6063/10001] End of Epoch | Avg_Loss_D: -12.0211 | Avg_Loss_G: 4414.0012 | Total_Iter: 18192
[6064/10001] End of Epoch | Avg_Loss_D: -47.5367 | Avg_Loss_G: 4387.7628 | Total_Iter: 18195
[6065/10001] End of Epoch | Avg_Loss_D: -4.1745 | Avg_Loss_G: 4390.9768 | Total_Iter: 18198
[6066/10001] End of Epoch | Avg_Loss_D: 3.4120 | Avg_Loss_G: 4426.0148 | Total_Iter: 18201
[6067/10001] End of Epoch | Avg_Loss_D: -109.7488 | Avg_Loss_G: 4414.4049 | Total_Iter: 18204
[6068/10001] End of Epoch | Avg_Loss_D: -113.6956 | Avg_Loss_G: 4420.9186 | Total_Iter: 18207
[6069/10001] End of Epoch | Avg_Loss_D: -60.8670 | Avg_Loss_G: 4416.2600 | Total_Iter: 18210
[6070/10001] End of Epoch | Avg_Loss_D: 12.8019 | Avg_Loss_G: 4408.2865 | Total_Iter: 18213
[6071/10001] End of Epoch | Avg_Loss_D: -40.3042 | Avg_Loss_G: 4425.3219 | Total_Iter: 18216
[6072/10001] End of Epoch | Avg_Loss_D: -54.5897 | Avg_Loss_G: 4419.8679 | Total_Iter: 18219
[6073/10001] End of Epoch | Avg_Loss_D: -2.4567 | Avg_Loss_G: 4408.9861 | Total_Iter: 18222
[6074/10001] End of Epoch | Avg_Loss_D: -52.1372 | Avg_Loss_G: 4384.8982 | Total_Iter: 18225
[6075/10001] End of Epoch | Avg_Loss_D: -11.0342 | Avg_Loss_G: 4396.8071 | Total_Iter: 18228
[6076/10001] End of Epoch | Avg_Loss_D: -46.1274 | Avg_Loss_G: 4437.3548 | Total_Iter: 18231
[6077/10001] End of Epoch | Avg_Loss_D: -129.7758 | Avg_Loss_G: 4432.1114 | Total_Iter: 18234
[6078/10001] End of Epoch | Avg_Loss_D: -179.6218 | Avg_Loss_G: 4406.4767 | Total_Iter: 18237
[6079/10001] End of Epoch | Avg_Loss_D: -31.6408 | Avg_Loss_G: 4410.4105 | Total_Iter: 18240
[6080/10001] End of Epoch | Avg_Loss_D: 10.5665 | Avg_Loss_G: 4412.7492 | Total_Iter: 18243
[6081/10001] End of Epoch | Avg_Loss_D: -7.8294 | Avg_Loss_G: 4363.1294 | Total_Iter: 18246
[6082/10001] End of Epoch | Avg_Loss_D: 77.9150 | Avg_Loss_G: 4423.1200 | Total_Iter: 18249
[6083/10001] End of Epoch | Avg_Loss_D: -40.4593 | Avg_Loss_G: 4358.5439 | Total_Iter: 18252
[6084/10001] End of Epoch | Avg_Loss_D: -71.2052 | Avg_Loss_G: 4406.2666 | Total_Iter: 18255
[6085/10001] End of Epoch | Avg_Loss_D: -11.9804 | Avg_Loss_G: 4398.4800 | Total_Iter: 18258
[6086/10001] End of Epoch | Avg_Loss_D: 44.2998 | Avg_Loss_G: 4306.4286 | Total_Iter: 18261
[6087/10001] End of Epoch | Avg_Loss_D: -53.7247 | Avg_Loss_G: 4338.6574 | Total_Iter: 18264
[6088/10001] End of Epoch | Avg_Loss_D: -63.3427 | Avg_Loss_G: 4390.9833 | Total_Iter: 18267
[6089/10001] End of Epoch | Avg_Loss_D: -99.9034 | Avg_Loss_G: 4349.9409 | Total_Iter: 18270
[6090/10001] End of Epoch | Avg_Loss_D: -68.4762 | Avg_Loss_G: 4348.3762 | Total_Iter: 18273
[6091/10001] End of Epoch | Avg_Loss_D: -69.5376 | Avg_Loss_G: 4440.0877 | Total_Iter: 18276
[6092/10001] End of Epoch | Avg_Loss_D: 28.1795 | Avg_Loss_G: 4394.2613 | Total_Iter: 18279
[6093/10001] End of Epoch | Avg_Loss_D: -49.7964 | Avg_Loss_G: 4382.0189 | Total_Iter: 18282
[6094/10001] End of Epoch | Avg_Loss_D: -78.0734 | Avg_Loss_G: 4361.4142 | Total_Iter: 18285
[6095/10001] End of Epoch | Avg_Loss_D: -33.0431 | Avg_Loss_G: 4400.4162 | Total_Iter: 18288
[6096/10001] End of Epoch | Avg_Loss_D: -106.8755 | Avg_Loss_G: 4435.0152 | Total_Iter: 18291
[6097/10001] End of Epoch | Avg_Loss_D: -82.5617 | Avg_Loss_G: 4388.7410 | Total_Iter: 18294
[6098/10001] End of Epoch | Avg_Loss_D: -24.7767 | Avg_Loss_G: 4427.5822 | Total_Iter: 18297
[6099/10001] End of Epoch | Avg_Loss_D: -89.7419 | Avg_Loss_G: 4395.7594 | Total_Iter: 18300
[6100/10001] End of Epoch | Avg_Loss_D: -43.3474 | Avg_Loss_G: 4391.6561 | Total_Iter: 18303
[6101/10001] End of Epoch | Avg_Loss_D: -53.2079 | Avg_Loss_G: 4420.4970 | Total_Iter: 18306
[6102/10001] End of Epoch | Avg_Loss_D: -104.0303 | Avg_Loss_G: 4395.8569 | Total_Iter: 18309
[6103/10001] End of Epoch | Avg_Loss_D: -85.5246 | Avg_Loss_G: 4383.2467 | Total_Iter: 18312
[6104/10001] End of Epoch | Avg_Loss_D: -97.2520 | Avg_Loss_G: 4393.2110 | Total_Iter: 18315
[6105/10001] End of Epoch | Avg_Loss_D: -71.5414 | Avg_Loss_G: 4449.2574 | Total_Iter: 18318
[6106/10001] End of Epoch | Avg_Loss_D: 27.6050 | Avg_Loss_G: 4359.4014 | Total_Iter: 18321
[6107/10001] End of Epoch | Avg_Loss_D: 19.1425 | Avg_Loss_G: 4365.7919 | Total_Iter: 18324
[6108/10001] End of Epoch | Avg_Loss_D: -95.0802 | Avg_Loss_G: 4357.7994 | Total_Iter: 18327
[6109/10001] End of Epoch | Avg_Loss_D: -52.9551 | Avg_Loss_G: 4417.0735 | Total_Iter: 18330
[6110/10001] End of Epoch | Avg_Loss_D: -123.8922 | Avg_Loss_G: 4382.7714 | Total_Iter: 18333
[6111/10001] End of Epoch | Avg_Loss_D: 0.7370 | Avg_Loss_G: 4440.9091 | Total_Iter: 18336
[6112/10001] End of Epoch | Avg_Loss_D: -69.5200 | Avg_Loss_G: 4410.0744 | Total_Iter: 18339
[6113/10001] End of Epoch | Avg_Loss_D: -241.3230 | Avg_Loss_G: 4388.7008 | Total_Iter: 18342
[6114/10001] End of Epoch | Avg_Loss_D: -16.4938 | Avg_Loss_G: 4400.2648 | Total_Iter: 18345
[6115/10001] End of Epoch | Avg_Loss_D: -46.7052 | Avg_Loss_G: 4434.1447 | Total_Iter: 18348
[6116/10001] End of Epoch | Avg_Loss_D: -134.8821 | Avg_Loss_G: 4420.5693 | Total_Iter: 18351
[6117/10001] End of Epoch | Avg_Loss_D: 1.3995 | Avg_Loss_G: 4346.0616 | Total_Iter: 18354
[6118/10001] End of Epoch | Avg_Loss_D: 41.3897 | Avg_Loss_G: 4398.8343 | Total_Iter: 18357
[6119/10001] End of Epoch | Avg_Loss_D: -128.2007 | Avg_Loss_G: 4331.1653 | Total_Iter: 18360
[6120/10001] End of Epoch | Avg_Loss_D: -131.0709 | Avg_Loss_G: 4409.7706 | Total_Iter: 18363
[6121/10001] End of Epoch | Avg_Loss_D: 16.0360 | Avg_Loss_G: 4399.9521 | Total_Iter: 18366
[6122/10001] End of Epoch | Avg_Loss_D: -23.9992 | Avg_Loss_G: 4410.7654 | Total_Iter: 18369
[6123/10001] End of Epoch | Avg_Loss_D: -91.9577 | Avg_Loss_G: 4366.6341 | Total_Iter: 18372
[6124/10001] End of Epoch | Avg_Loss_D: -94.5005 | Avg_Loss_G: 4372.1768 | Total_Iter: 18375
[6125/10001] End of Epoch | Avg_Loss_D: -2.9246 | Avg_Loss_G: 4346.3305 | Total_Iter: 18378
[6126/10001] End of Epoch | Avg_Loss_D: -93.7065 | Avg_Loss_G: 4356.5312 | Total_Iter: 18381
[6127/10001] End of Epoch | Avg_Loss_D: 7.1925 | Avg_Loss_G: 4377.0620 | Total_Iter: 18384
[6128/10001] End of Epoch | Avg_Loss_D: -56.8777 | Avg_Loss_G: 4377.8717 | Total_Iter: 18387
[6129/10001] End of Epoch | Avg_Loss_D: -50.4984 | Avg_Loss_G: 4372.1786 | Total_Iter: 18390
[6130/10001] End of Epoch | Avg_Loss_D: -150.4014 | Avg_Loss_G: 4332.7043 | Total_Iter: 18393
[6131/10001] End of Epoch | Avg_Loss_D: 93.0067 | Avg_Loss_G: 4344.4746 | Total_Iter: 18396
[6132/10001] End of Epoch | Avg_Loss_D: -113.8243 | Avg_Loss_G: 4395.2173 | Total_Iter: 18399
[6133/10001] End of Epoch | Avg_Loss_D: -104.0468 | Avg_Loss_G: 4351.4489 | Total_Iter: 18402
[6134/10001] End of Epoch | Avg_Loss_D: -164.2195 | Avg_Loss_G: 4377.5503 | Total_Iter: 18405
[6135/10001] End of Epoch | Avg_Loss_D: -86.7960 | Avg_Loss_G: 4386.7323 | Total_Iter: 18408
[6136/10001] End of Epoch | Avg_Loss_D: -69.0454 | Avg_Loss_G: 4363.4601 | Total_Iter: 18411
[6137/10001] End of Epoch | Avg_Loss_D: -84.3269 | Avg_Loss_G: 4302.8092 | Total_Iter: 18414
[6138/10001] End of Epoch | Avg_Loss_D: -70.4145 | Avg_Loss_G: 4364.6267 | Total_Iter: 18417
[6139/10001] End of Epoch | Avg_Loss_D: -70.4565 | Avg_Loss_G: 4381.9246 | Total_Iter: 18420
[6140/10001] End of Epoch | Avg_Loss_D: -238.5593 | Avg_Loss_G: 4378.9840 | Total_Iter: 18423
[6141/10001] End of Epoch | Avg_Loss_D: -66.9054 | Avg_Loss_G: 4376.3738 | Total_Iter: 18426
[6142/10001] End of Epoch | Avg_Loss_D: 21.6843 | Avg_Loss_G: 4299.0896 | Total_Iter: 18429
[6143/10001] End of Epoch | Avg_Loss_D: -72.9288 | Avg_Loss_G: 4335.2317 | Total_Iter: 18432
[6144/10001] End of Epoch | Avg_Loss_D: -33.8913 | Avg_Loss_G: 4333.5102 | Total_Iter: 18435
[6145/10001] End of Epoch | Avg_Loss_D: -53.1020 | Avg_Loss_G: 4387.0342 | Total_Iter: 18438
[6146/10001] End of Epoch | Avg_Loss_D: -185.3881 | Avg_Loss_G: 4377.2405 | Total_Iter: 18441
[6147/10001] End of Epoch | Avg_Loss_D: -59.6799 | Avg_Loss_G: 4387.6178 | Total_Iter: 18444
[6148/10001] End of Epoch | Avg_Loss_D: -102.0658 | Avg_Loss_G: 4366.4455 | Total_Iter: 18447
[6149/10001] End of Epoch | Avg_Loss_D: -59.8239 | Avg_Loss_G: 4382.8900 | Total_Iter: 18450
[6150/10001] End of Epoch | Avg_Loss_D: -195.3547 | Avg_Loss_G: 4348.5289 | Total_Iter: 18453
[6151/10001] End of Epoch | Avg_Loss_D: -156.2050 | Avg_Loss_G: 4363.2690 | Total_Iter: 18456
[6152/10001] End of Epoch | Avg_Loss_D: -79.1658 | Avg_Loss_G: 4373.6738 | Total_Iter: 18459
[6153/10001] End of Epoch | Avg_Loss_D: -59.1154 | Avg_Loss_G: 4436.8797 | Total_Iter: 18462
[6154/10001] End of Epoch | Avg_Loss_D: -71.7578 | Avg_Loss_G: 4370.8064 | Total_Iter: 18465
[6155/10001] End of Epoch | Avg_Loss_D: -115.1816 | Avg_Loss_G: 4380.5366 | Total_Iter: 18468
[6156/10001] End of Epoch | Avg_Loss_D: -193.3190 | Avg_Loss_G: 4357.2674 | Total_Iter: 18471
[6157/10001] End of Epoch | Avg_Loss_D: -98.1933 | Avg_Loss_G: 4339.6444 | Total_Iter: 18474
[6158/10001] End of Epoch | Avg_Loss_D: -85.0817 | Avg_Loss_G: 4370.2476 | Total_Iter: 18477
[6159/10001] End of Epoch | Avg_Loss_D: -171.6309 | Avg_Loss_G: 4366.9791 | Total_Iter: 18480
[6160/10001] End of Epoch | Avg_Loss_D: -155.3385 | Avg_Loss_G: 4278.8564 | Total_Iter: 18483
[6161/10001] End of Epoch | Avg_Loss_D: -117.9213 | Avg_Loss_G: 4398.8358 | Total_Iter: 18486
[6162/10001] End of Epoch | Avg_Loss_D: -50.4803 | Avg_Loss_G: 4339.4222 | Total_Iter: 18489
[6163/10001] End of Epoch | Avg_Loss_D: -110.5190 | Avg_Loss_G: 4409.9046 | Total_Iter: 18492
[6164/10001] End of Epoch | Avg_Loss_D: -154.1354 | Avg_Loss_G: 4417.3857 | Total_Iter: 18495
[6165/10001] End of Epoch | Avg_Loss_D: -85.5296 | Avg_Loss_G: 4400.1313 | Total_Iter: 18498
[6166/10001] End of Epoch | Avg_Loss_D: -60.5595 | Avg_Loss_G: 4403.2477 | Total_Iter: 18501
[6167/10001] End of Epoch | Avg_Loss_D: -82.5501 | Avg_Loss_G: 4254.5651 | Total_Iter: 18504
[6168/10001] End of Epoch | Avg_Loss_D: -384.9143 | Avg_Loss_G: 4315.3158 | Total_Iter: 18507
[6169/10001] End of Epoch | Avg_Loss_D: -307.2331 | Avg_Loss_G: 4335.6852 | Total_Iter: 18510
[6170/10001] End of Epoch | Avg_Loss_D: -104.8393 | Avg_Loss_G: 4352.1319 | Total_Iter: 18513
[6171/10001] End of Epoch | Avg_Loss_D: -120.0161 | Avg_Loss_G: 4348.0011 | Total_Iter: 18516
[6172/10001] End of Epoch | Avg_Loss_D: -92.5521 | Avg_Loss_G: 4260.8146 | Total_Iter: 18519
[6173/10001] End of Epoch | Avg_Loss_D: -157.8688 | Avg_Loss_G: 4278.8857 | Total_Iter: 18522
[6174/10001] End of Epoch | Avg_Loss_D: -101.3737 | Avg_Loss_G: 4272.0327 | Total_Iter: 18525
[6175/10001] End of Epoch | Avg_Loss_D: -40.3025 | Avg_Loss_G: 4351.6455 | Total_Iter: 18528
[6176/10001] End of Epoch | Avg_Loss_D: -382.4777 | Avg_Loss_G: 4352.2142 | Total_Iter: 18531
[6177/10001] End of Epoch | Avg_Loss_D: 109.3751 | Avg_Loss_G: 4107.3030 | Total_Iter: 18534
[6178/10001] End of Epoch | Avg_Loss_D: 25.6329 | Avg_Loss_G: 4271.4648 | Total_Iter: 18537
[6179/10001] End of Epoch | Avg_Loss_D: -56.1426 | Avg_Loss_G: 4311.5801 | Total_Iter: 18540
[6180/10001] End of Epoch | Avg_Loss_D: -22.9023 | Avg_Loss_G: 4307.5833 | Total_Iter: 18543
[6181/10001] End of Epoch | Avg_Loss_D: -41.2359 | Avg_Loss_G: 4359.0881 | Total_Iter: 18546
[6182/10001] End of Epoch | Avg_Loss_D: -136.7094 | Avg_Loss_G: 4376.7172 | Total_Iter: 18549
[6183/10001] End of Epoch | Avg_Loss_D: -64.2840 | Avg_Loss_G: 4335.4444 | Total_Iter: 18552
[6184/10001] End of Epoch | Avg_Loss_D: -4.2743 | Avg_Loss_G: 4308.5634 | Total_Iter: 18555
[6185/10001] End of Epoch | Avg_Loss_D: -85.5326 | Avg_Loss_G: 4313.5506 | Total_Iter: 18558
[6186/10001] End of Epoch | Avg_Loss_D: -376.5520 | Avg_Loss_G: 4379.5066 | Total_Iter: 18561
[6187/10001] End of Epoch | Avg_Loss_D: -51.9982 | Avg_Loss_G: 4391.0975 | Total_Iter: 18564
[6188/10001] End of Epoch | Avg_Loss_D: -42.0743 | Avg_Loss_G: 4299.0341 | Total_Iter: 18567
[6189/10001] End of Epoch | Avg_Loss_D: -4.2578 | Avg_Loss_G: 4253.0770 | Total_Iter: 18570
[6190/10001] End of Epoch | Avg_Loss_D: -30.9984 | Avg_Loss_G: 4282.8915 | Total_Iter: 18573
[6191/10001] End of Epoch | Avg_Loss_D: -162.5973 | Avg_Loss_G: 4353.9171 | Total_Iter: 18576
[6192/10001] End of Epoch | Avg_Loss_D: -133.6506 | Avg_Loss_G: 4385.4761 | Total_Iter: 18579
[6193/10001] End of Epoch | Avg_Loss_D: -375.8603 | Avg_Loss_G: 4308.0473 | Total_Iter: 18582
[6194/10001] End of Epoch | Avg_Loss_D: -58.0261 | Avg_Loss_G: 4287.6159 | Total_Iter: 18585
[6195/10001] End of Epoch | Avg_Loss_D: -288.9619 | Avg_Loss_G: 4233.9796 | Total_Iter: 18588
[6196/10001] End of Epoch | Avg_Loss_D: -279.5212 | Avg_Loss_G: 4169.6092 | Total_Iter: 18591
[6197/10001] End of Epoch | Avg_Loss_D: -286.7993 | Avg_Loss_G: 4276.7854 | Total_Iter: 18594
[6198/10001] End of Epoch | Avg_Loss_D: -287.3206 | Avg_Loss_G: 4285.6276 | Total_Iter: 18597
[6199/10001] End of Epoch | Avg_Loss_D: -304.1897 | Avg_Loss_G: 4205.0935 | Total_Iter: 18600
[6200/10001] End of Epoch | Avg_Loss_D: -325.4764 | Avg_Loss_G: 4179.1822 | Total_Iter: 18603
[6201/10001] End of Epoch | Avg_Loss_D: -275.7924 | Avg_Loss_G: 4218.3452 | Total_Iter: 18606
[6202/10001] End of Epoch | Avg_Loss_D: 225.3640 | Avg_Loss_G: 4280.1928 | Total_Iter: 18609
[6203/10001] End of Epoch | Avg_Loss_D: -523.7163 | Avg_Loss_G: 4369.1901 | Total_Iter: 18612
[6204/10001] End of Epoch | Avg_Loss_D: -612.5039 | Avg_Loss_G: 4286.9840 | Total_Iter: 18615
[6205/10001] End of Epoch | Avg_Loss_D: -251.4045 | Avg_Loss_G: 3727.9978 | Total_Iter: 18618
[6206/10001] End of Epoch | Avg_Loss_D: -261.4031 | Avg_Loss_G: 4244.7931 | Total_Iter: 18621
[6207/10001] End of Epoch | Avg_Loss_D: 56.9513 | Avg_Loss_G: 4319.7950 | Total_Iter: 18624
[6208/10001] End of Epoch | Avg_Loss_D: -460.2011 | Avg_Loss_G: 4122.3750 | Total_Iter: 18627
[6209/10001] End of Epoch | Avg_Loss_D: -34.2303 | Avg_Loss_G: 4280.0889 | Total_Iter: 18630
[6210/10001] End of Epoch | Avg_Loss_D: -399.2088 | Avg_Loss_G: 4300.3417 | Total_Iter: 18633
[6211/10001] End of Epoch | Avg_Loss_D: -653.5736 | Avg_Loss_G: 4103.2493 | Total_Iter: 18636
[6212/10001] End of Epoch | Avg_Loss_D: -560.1366 | Avg_Loss_G: 4207.4633 | Total_Iter: 18639
[6213/10001] End of Epoch | Avg_Loss_D: -235.4176 | Avg_Loss_G: 4175.2112 | Total_Iter: 18642
[6214/10001] End of Epoch | Avg_Loss_D: -435.9632 | Avg_Loss_G: 4096.4402 | Total_Iter: 18645
[6215/10001] End of Epoch | Avg_Loss_D: -635.8857 | Avg_Loss_G: 4210.7325 | Total_Iter: 18648
[6216/10001] End of Epoch | Avg_Loss_D: -1015.6481 | Avg_Loss_G: 3758.5610 | Total_Iter: 18651
[6217/10001] End of Epoch | Avg_Loss_D: 83.1199 | Avg_Loss_G: 4155.4143 | Total_Iter: 18654
[6218/10001] End of Epoch | Avg_Loss_D: 42.8088 | Avg_Loss_G: 4208.2066 | Total_Iter: 18657
[6219/10001] End of Epoch | Avg_Loss_D: 35.2267 | Avg_Loss_G: 4199.4186 | Total_Iter: 18660
[6220/10001] End of Epoch | Avg_Loss_D: 17.9820 | Avg_Loss_G: 4210.9909 | Total_Iter: 18663
[6221/10001] End of Epoch | Avg_Loss_D: -59.1390 | Avg_Loss_G: 4219.7273 | Total_Iter: 18666
[6222/10001] End of Epoch | Avg_Loss_D: -27.6853 | Avg_Loss_G: 4187.9507 | Total_Iter: 18669
[6223/10001] End of Epoch | Avg_Loss_D: 11.0561 | Avg_Loss_G: 4211.6644 | Total_Iter: 18672
[6224/10001] End of Epoch | Avg_Loss_D: 19.6744 | Avg_Loss_G: 4244.0512 | Total_Iter: 18675
[6225/10001] End of Epoch | Avg_Loss_D: 11.2508 | Avg_Loss_G: 4258.5190 | Total_Iter: 18678
[6226/10001] End of Epoch | Avg_Loss_D: -82.5435 | Avg_Loss_G: 4251.9198 | Total_Iter: 18681
[6227/10001] End of Epoch | Avg_Loss_D: -29.3404 | Avg_Loss_G: 4262.5565 | Total_Iter: 18684
[6228/10001] End of Epoch | Avg_Loss_D: -12.2279 | Avg_Loss_G: 4268.1313 | Total_Iter: 18687
[6229/10001] End of Epoch | Avg_Loss_D: 24.2938 | Avg_Loss_G: 4285.8869 | Total_Iter: 18690
[6230/10001] End of Epoch | Avg_Loss_D: -22.9502 | Avg_Loss_G: 4270.2003 | Total_Iter: 18693
[6231/10001] End of Epoch | Avg_Loss_D: -58.6541 | Avg_Loss_G: 4192.4018 | Total_Iter: 18696
[6232/10001] End of Epoch | Avg_Loss_D: -103.8632 | Avg_Loss_G: 4282.2641 | Total_Iter: 18699
[6233/10001] End of Epoch | Avg_Loss_D: -209.1604 | Avg_Loss_G: 4178.7932 | Total_Iter: 18702
[6234/10001] End of Epoch | Avg_Loss_D: -84.4192 | Avg_Loss_G: 4311.7568 | Total_Iter: 18705
[6235/10001] End of Epoch | Avg_Loss_D: -108.4282 | Avg_Loss_G: 4175.3844 | Total_Iter: 18708
[6236/10001] End of Epoch | Avg_Loss_D: 2.5554 | Avg_Loss_G: 4294.6660 | Total_Iter: 18711
[6237/10001] End of Epoch | Avg_Loss_D: -117.2324 | Avg_Loss_G: 4175.3813 | Total_Iter: 18714
[6238/10001] End of Epoch | Avg_Loss_D: -170.4780 | Avg_Loss_G: 4362.4182 | Total_Iter: 18717
[6239/10001] End of Epoch | Avg_Loss_D: -91.6192 | Avg_Loss_G: 4353.9219 | Total_Iter: 18720
[6240/10001] End of Epoch | Avg_Loss_D: -176.7254 | Avg_Loss_G: 4320.1447 | Total_Iter: 18723
[6241/10001] End of Epoch | Avg_Loss_D: 47.4469 | Avg_Loss_G: 4292.4066 | Total_Iter: 18726
[6242/10001] End of Epoch | Avg_Loss_D: -96.6547 | Avg_Loss_G: 4366.3426 | Total_Iter: 18729
[6243/10001] End of Epoch | Avg_Loss_D: -105.2819 | Avg_Loss_G: 4384.2903 | Total_Iter: 18732
[6244/10001] End of Epoch | Avg_Loss_D: -277.4230 | Avg_Loss_G: 4263.7739 | Total_Iter: 18735
[6245/10001] End of Epoch | Avg_Loss_D: 77.0532 | Avg_Loss_G: 4244.0212 | Total_Iter: 18738
[6246/10001] End of Epoch | Avg_Loss_D: -413.0703 | Avg_Loss_G: 4306.6953 | Total_Iter: 18741
[6247/10001] End of Epoch | Avg_Loss_D: -688.6438 | Avg_Loss_G: 4129.8728 | Total_Iter: 18744
[6248/10001] End of Epoch | Avg_Loss_D: -366.6427 | Avg_Loss_G: 4180.6979 | Total_Iter: 18747
[6249/10001] End of Epoch | Avg_Loss_D: -195.4217 | Avg_Loss_G: 4323.6195 | Total_Iter: 18750
[6250/10001] End of Epoch | Avg_Loss_D: -122.1074 | Avg_Loss_G: 4356.8758 | Total_Iter: 18753
[6251/10001] End of Epoch | Avg_Loss_D: -242.5395 | Avg_Loss_G: 4234.8199 | Total_Iter: 18756
[6252/10001] End of Epoch | Avg_Loss_D: -374.9654 | Avg_Loss_G: 4289.2289 | Total_Iter: 18759
[6253/10001] End of Epoch | Avg_Loss_D: -90.8229 | Avg_Loss_G: 4265.4661 | Total_Iter: 18762
[6254/10001] End of Epoch | Avg_Loss_D: -83.5698 | Avg_Loss_G: 4244.4728 | Total_Iter: 18765
[6255/10001] End of Epoch | Avg_Loss_D: -55.1843 | Avg_Loss_G: 4110.1619 | Total_Iter: 18768
[6256/10001] End of Epoch | Avg_Loss_D: -287.1876 | Avg_Loss_G: 4268.2734 | Total_Iter: 18771
[6257/10001] End of Epoch | Avg_Loss_D: -779.7024 | Avg_Loss_G: 3942.4903 | Total_Iter: 18774
[6258/10001] End of Epoch | Avg_Loss_D: -162.8569 | Avg_Loss_G: 4345.4729 | Total_Iter: 18777
[6259/10001] End of Epoch | Avg_Loss_D: -461.0333 | Avg_Loss_G: 4273.8985 | Total_Iter: 18780
[6260/10001] End of Epoch | Avg_Loss_D: -943.6993 | Avg_Loss_G: 4123.7868 | Total_Iter: 18783
[6261/10001] End of Epoch | Avg_Loss_D: -1132.7229 | Avg_Loss_G: 3975.2934 | Total_Iter: 18786
[6262/10001] End of Epoch | Avg_Loss_D: -778.3972 | Avg_Loss_G: 4122.0303 | Total_Iter: 18789
[6263/10001] End of Epoch | Avg_Loss_D: -582.4006 | Avg_Loss_G: 4196.5725 | Total_Iter: 18792
[6264/10001] End of Epoch | Avg_Loss_D: -818.1828 | Avg_Loss_G: 4183.6951 | Total_Iter: 18795
[6265/10001] End of Epoch | Avg_Loss_D: -769.3580 | Avg_Loss_G: 4175.2544 | Total_Iter: 18798
[6266/10001] End of Epoch | Avg_Loss_D: -766.3765 | Avg_Loss_G: 4009.0779 | Total_Iter: 18801
[6267/10001] End of Epoch | Avg_Loss_D: -1064.0662 | Avg_Loss_G: 4039.6928 | Total_Iter: 18804
[6268/10001] End of Epoch | Avg_Loss_D: -864.3424 | Avg_Loss_G: 4048.8397 | Total_Iter: 18807
[6269/10001] End of Epoch | Avg_Loss_D: -899.5846 | Avg_Loss_G: 3965.1708 | Total_Iter: 18810
[6270/10001] End of Epoch | Avg_Loss_D: -1104.4795 | Avg_Loss_G: 3955.5299 | Total_Iter: 18813
[6271/10001] End of Epoch | Avg_Loss_D: -1350.9357 | Avg_Loss_G: 4228.3887 | Total_Iter: 18816
[6272/10001] End of Epoch | Avg_Loss_D: -414.6552 | Avg_Loss_G: 4082.6186 | Total_Iter: 18819
[6273/10001] End of Epoch | Avg_Loss_D: -1208.5301 | Avg_Loss_G: 3727.4475 | Total_Iter: 18822
[6274/10001] End of Epoch | Avg_Loss_D: -1592.1074 | Avg_Loss_G: 3925.6604 | Total_Iter: 18825
[6275/10001] End of Epoch | Avg_Loss_D: -444.7765 | Avg_Loss_G: 3890.1939 | Total_Iter: 18828
[6276/10001] End of Epoch | Avg_Loss_D: -1567.1476 | Avg_Loss_G: 4001.3577 | Total_Iter: 18831
[6277/10001] End of Epoch | Avg_Loss_D: -1207.3100 | Avg_Loss_G: 4031.3721 | Total_Iter: 18834
[6278/10001] End of Epoch | Avg_Loss_D: -1133.6710 | Avg_Loss_G: 4083.9524 | Total_Iter: 18837
[6279/10001] End of Epoch | Avg_Loss_D: -1797.3590 | Avg_Loss_G: 4164.5680 | Total_Iter: 18840
[6280/10001] End of Epoch | Avg_Loss_D: -1684.9615 | Avg_Loss_G: 4027.7173 | Total_Iter: 18843
[6281/10001] End of Epoch | Avg_Loss_D: -1503.3998 | Avg_Loss_G: 4229.0943 | Total_Iter: 18846
[6282/10001] End of Epoch | Avg_Loss_D: -1382.5233 | Avg_Loss_G: 4086.7391 | Total_Iter: 18849
[6283/10001] End of Epoch | Avg_Loss_D: -2223.7580 | Avg_Loss_G: 4093.5590 | Total_Iter: 18852
[6284/10001] End of Epoch | Avg_Loss_D: -1968.8072 | Avg_Loss_G: 4159.2945 | Total_Iter: 18855
[6285/10001] End of Epoch | Avg_Loss_D: -1257.8365 | Avg_Loss_G: 4209.5616 | Total_Iter: 18858
[6286/10001] End of Epoch | Avg_Loss_D: -1937.3019 | Avg_Loss_G: 3945.5180 | Total_Iter: 18861
[6287/10001] End of Epoch | Avg_Loss_D: -1543.1921 | Avg_Loss_G: 4184.3229 | Total_Iter: 18864
[6288/10001] End of Epoch | Avg_Loss_D: -2296.0294 | Avg_Loss_G: 4114.2546 | Total_Iter: 18867
[6289/10001] End of Epoch | Avg_Loss_D: -1788.7901 | Avg_Loss_G: 3881.1642 | Total_Iter: 18870
[6290/10001] End of Epoch | Avg_Loss_D: -2963.3382 | Avg_Loss_G: 3778.5782 | Total_Iter: 18873
[6291/10001] End of Epoch | Avg_Loss_D: -3238.4787 | Avg_Loss_G: 4302.0549 | Total_Iter: 18876
[6292/10001] End of Epoch | Avg_Loss_D: -2613.8676 | Avg_Loss_G: 4083.4616 | Total_Iter: 18879
[6293/10001] End of Epoch | Avg_Loss_D: -1947.7448 | Avg_Loss_G: 4308.5262 | Total_Iter: 18882
[6294/10001] End of Epoch | Avg_Loss_D: -2563.1517 | Avg_Loss_G: 3810.8593 | Total_Iter: 18885
[6295/10001] End of Epoch | Avg_Loss_D: -2494.9675 | Avg_Loss_G: 3695.9923 | Total_Iter: 18888
[6296/10001] End of Epoch | Avg_Loss_D: -306.7857 | Avg_Loss_G: 4170.9980 | Total_Iter: 18891
[6297/10001] End of Epoch | Avg_Loss_D: -813.1767 | Avg_Loss_G: 3936.4848 | Total_Iter: 18894
[6298/10001] End of Epoch | Avg_Loss_D: -1068.2815 | Avg_Loss_G: 4032.2376 | Total_Iter: 18897
[6299/10001] End of Epoch | Avg_Loss_D: -1066.7447 | Avg_Loss_G: 3922.3344 | Total_Iter: 18900
[6300/10001] End of Epoch | Avg_Loss_D: -2269.6415 | Avg_Loss_G: 4217.3136 | Total_Iter: 18903
[6301/10001] End of Epoch | Avg_Loss_D: -1904.1669 | Avg_Loss_G: 4118.9977 | Total_Iter: 18906
[6302/10001] End of Epoch | Avg_Loss_D: -2319.6197 | Avg_Loss_G: 3924.4429 | Total_Iter: 18909
[6303/10001] End of Epoch | Avg_Loss_D: -1193.5728 | Avg_Loss_G: 4037.9049 | Total_Iter: 18912
[6304/10001] End of Epoch | Avg_Loss_D: -1170.7472 | Avg_Loss_G: 4222.3776 | Total_Iter: 18915
[6305/10001] End of Epoch | Avg_Loss_D: -2056.9205 | Avg_Loss_G: 4223.4234 | Total_Iter: 18918
[6306/10001] End of Epoch | Avg_Loss_D: -2137.0470 | Avg_Loss_G: 3986.2993 | Total_Iter: 18921
[6307/10001] End of Epoch | Avg_Loss_D: -745.0403 | Avg_Loss_G: 4140.6126 | Total_Iter: 18924
[6308/10001] End of Epoch | Avg_Loss_D: -853.5142 | Avg_Loss_G: 4211.6311 | Total_Iter: 18927
[6309/10001] End of Epoch | Avg_Loss_D: -800.7320 | Avg_Loss_G: 3929.4974 | Total_Iter: 18930
[6310/10001] End of Epoch | Avg_Loss_D: -1331.4409 | Avg_Loss_G: 3809.5843 | Total_Iter: 18933
[6311/10001] End of Epoch | Avg_Loss_D: -1491.2466 | Avg_Loss_G: 4057.0457 | Total_Iter: 18936
[6312/10001] End of Epoch | Avg_Loss_D: -2307.1898 | Avg_Loss_G: 3658.4350 | Total_Iter: 18939
[6313/10001] End of Epoch | Avg_Loss_D: -3044.9368 | Avg_Loss_G: 4206.8947 | Total_Iter: 18942
[6314/10001] End of Epoch | Avg_Loss_D: -2896.2559 | Avg_Loss_G: 4072.3461 | Total_Iter: 18945
[6315/10001] End of Epoch | Avg_Loss_D: -1595.6447 | Avg_Loss_G: 4108.8138 | Total_Iter: 18948
[6316/10001] End of Epoch | Avg_Loss_D: -2330.2775 | Avg_Loss_G: 4086.7259 | Total_Iter: 18951
[6317/10001] End of Epoch | Avg_Loss_D: -1897.3670 | Avg_Loss_G: 4114.4247 | Total_Iter: 18954
[6318/10001] End of Epoch | Avg_Loss_D: -1935.5110 | Avg_Loss_G: 3824.6171 | Total_Iter: 18957
[6319/10001] End of Epoch | Avg_Loss_D: -2466.7240 | Avg_Loss_G: 4067.5394 | Total_Iter: 18960
[6320/10001] End of Epoch | Avg_Loss_D: -2654.4953 | Avg_Loss_G: 3242.2132 | Total_Iter: 18963
[6321/10001] End of Epoch | Avg_Loss_D: -3321.7508 | Avg_Loss_G: 4250.3521 | Total_Iter: 18966
[6322/10001] End of Epoch | Avg_Loss_D: -3490.4062 | Avg_Loss_G: 3559.7878 | Total_Iter: 18969
[6323/10001] End of Epoch | Avg_Loss_D: -2674.6880 | Avg_Loss_G: 4093.8516 | Total_Iter: 18972
[6324/10001] End of Epoch | Avg_Loss_D: -3378.1832 | Avg_Loss_G: 3847.8969 | Total_Iter: 18975
[6325/10001] End of Epoch | Avg_Loss_D: -3570.2083 | Avg_Loss_G: 4265.8048 | Total_Iter: 18978
[6326/10001] End of Epoch | Avg_Loss_D: -3565.4941 | Avg_Loss_G: 3844.1531 | Total_Iter: 18981
[6327/10001] End of Epoch | Avg_Loss_D: -3268.9267 | Avg_Loss_G: 4345.9799 | Total_Iter: 18984
[6328/10001] End of Epoch | Avg_Loss_D: -3251.1668 | Avg_Loss_G: 4191.0769 | Total_Iter: 18987
[6329/10001] End of Epoch | Avg_Loss_D: -3708.7340 | Avg_Loss_G: 4307.4355 | Total_Iter: 18990
[6330/10001] End of Epoch | Avg_Loss_D: -3039.8084 | Avg_Loss_G: 4378.7823 | Total_Iter: 18993
[6331/10001] End of Epoch | Avg_Loss_D: -3338.2822 | Avg_Loss_G: 4184.1427 | Total_Iter: 18996
[6332/10001] End of Epoch | Avg_Loss_D: -1930.0436 | Avg_Loss_G: 3868.4867 | Total_Iter: 18999
[6333/10001] End of Epoch | Avg_Loss_D: -2692.2343 | Avg_Loss_G: 4063.5658 | Total_Iter: 19002
[6334/10001] End of Epoch | Avg_Loss_D: -3365.4304 | Avg_Loss_G: 4021.8972 | Total_Iter: 19005
[6335/10001] End of Epoch | Avg_Loss_D: -3467.2614 | Avg_Loss_G: 4178.6742 | Total_Iter: 19008
[6336/10001] End of Epoch | Avg_Loss_D: -3053.2305 | Avg_Loss_G: 4237.4395 | Total_Iter: 19011
[6337/10001] End of Epoch | Avg_Loss_D: -2993.7405 | Avg_Loss_G: 4069.0297 | Total_Iter: 19014
[6338/10001] End of Epoch | Avg_Loss_D: -3175.8206 | Avg_Loss_G: 4213.7448 | Total_Iter: 19017
[6339/10001] End of Epoch | Avg_Loss_D: -3946.5214 | Avg_Loss_G: 4080.2776 | Total_Iter: 19020
[6340/10001] End of Epoch | Avg_Loss_D: -3545.1516 | Avg_Loss_G: 4046.6936 | Total_Iter: 19023
[6341/10001] End of Epoch | Avg_Loss_D: -3541.1438 | Avg_Loss_G: 4291.3330 | Total_Iter: 19026
[6342/10001] End of Epoch | Avg_Loss_D: -3174.5873 | Avg_Loss_G: 4012.6267 | Total_Iter: 19029
[6343/10001] End of Epoch | Avg_Loss_D: -4113.3422 | Avg_Loss_G: 3873.3802 | Total_Iter: 19032
[6344/10001] End of Epoch | Avg_Loss_D: -3923.7012 | Avg_Loss_G: 4064.4385 | Total_Iter: 19035
[6345/10001] End of Epoch | Avg_Loss_D: -4622.2943 | Avg_Loss_G: 4373.2855 | Total_Iter: 19038
[6346/10001] End of Epoch | Avg_Loss_D: -4332.5220 | Avg_Loss_G: 4360.7376 | Total_Iter: 19041
[6347/10001] End of Epoch | Avg_Loss_D: -4770.4449 | Avg_Loss_G: 4338.2852 | Total_Iter: 19044
[6348/10001] End of Epoch | Avg_Loss_D: -4089.2791 | Avg_Loss_G: 4111.2467 | Total_Iter: 19047
[6349/10001] End of Epoch | Avg_Loss_D: -1552.6124 | Avg_Loss_G: 4282.5688 | Total_Iter: 19050
[6350/10001] End of Epoch | Avg_Loss_D: -2811.0101 | Avg_Loss_G: 3742.4060 | Total_Iter: 19053
[6351/10001] End of Epoch | Avg_Loss_D: -3504.0920 | Avg_Loss_G: 4224.2957 | Total_Iter: 19056
[6352/10001] End of Epoch | Avg_Loss_D: -2905.3695 | Avg_Loss_G: 4174.7027 | Total_Iter: 19059
[6353/10001] End of Epoch | Avg_Loss_D: -2058.6097 | Avg_Loss_G: 4300.1903 | Total_Iter: 19062
[6354/10001] End of Epoch | Avg_Loss_D: -3170.0997 | Avg_Loss_G: 3618.7816 | Total_Iter: 19065
[6355/10001] End of Epoch | Avg_Loss_D: -4285.4110 | Avg_Loss_G: 4175.6935 | Total_Iter: 19068
[6356/10001] End of Epoch | Avg_Loss_D: -4078.7072 | Avg_Loss_G: 3833.1300 | Total_Iter: 19071
[6357/10001] End of Epoch | Avg_Loss_D: -4665.2394 | Avg_Loss_G: 4282.2996 | Total_Iter: 19074
[6358/10001] End of Epoch | Avg_Loss_D: -4490.7336 | Avg_Loss_G: 3931.8827 | Total_Iter: 19077
[6359/10001] End of Epoch | Avg_Loss_D: -3897.3368 | Avg_Loss_G: 3756.1165 | Total_Iter: 19080
[6360/10001] End of Epoch | Avg_Loss_D: -3310.4341 | Avg_Loss_G: 4176.5723 | Total_Iter: 19083
[6361/10001] End of Epoch | Avg_Loss_D: -2954.2125 | Avg_Loss_G: 4173.9737 | Total_Iter: 19086
[6362/10001] End of Epoch | Avg_Loss_D: -3584.6656 | Avg_Loss_G: 3884.5539 | Total_Iter: 19089
[6363/10001] End of Epoch | Avg_Loss_D: -3404.5329 | Avg_Loss_G: 3847.2807 | Total_Iter: 19092
[6364/10001] End of Epoch | Avg_Loss_D: -3820.0460 | Avg_Loss_G: 4321.5098 | Total_Iter: 19095
[6365/10001] End of Epoch | Avg_Loss_D: -4182.5381 | Avg_Loss_G: 4324.3749 | Total_Iter: 19098
[6366/10001] End of Epoch | Avg_Loss_D: -4695.9461 | Avg_Loss_G: 4255.5709 | Total_Iter: 19101
[6367/10001] End of Epoch | Avg_Loss_D: -4322.7425 | Avg_Loss_G: 3968.0914 | Total_Iter: 19104
[6368/10001] End of Epoch | Avg_Loss_D: -4456.5659 | Avg_Loss_G: 4235.6505 | Total_Iter: 19107
[6369/10001] End of Epoch | Avg_Loss_D: -5129.1392 | Avg_Loss_G: 3947.4848 | Total_Iter: 19110
[6370/10001] End of Epoch | Avg_Loss_D: -3576.5649 | Avg_Loss_G: 4259.1922 | Total_Iter: 19113
[6371/10001] End of Epoch | Avg_Loss_D: -3787.1682 | Avg_Loss_G: 4175.3140 | Total_Iter: 19116
[6372/10001] End of Epoch | Avg_Loss_D: -3679.7045 | Avg_Loss_G: 3855.7942 | Total_Iter: 19119
[6373/10001] End of Epoch | Avg_Loss_D: -4386.9925 | Avg_Loss_G: 4086.4131 | Total_Iter: 19122
[6374/10001] End of Epoch | Avg_Loss_D: -1784.3092 | Avg_Loss_G: 3957.2174 | Total_Iter: 19125
[6375/10001] End of Epoch | Avg_Loss_D: -3933.7148 | Avg_Loss_G: 4018.8099 | Total_Iter: 19128
[6376/10001] End of Epoch | Avg_Loss_D: -4904.2783 | Avg_Loss_G: 3716.4156 | Total_Iter: 19131
[6377/10001] End of Epoch | Avg_Loss_D: -5864.6230 | Avg_Loss_G: 4508.3882 | Total_Iter: 19134
[6378/10001] End of Epoch | Avg_Loss_D: -4706.9983 | Avg_Loss_G: 4393.0292 | Total_Iter: 19137
[6379/10001] End of Epoch | Avg_Loss_D: -5365.9382 | Avg_Loss_G: 4523.0566 | Total_Iter: 19140
[6380/10001] End of Epoch | Avg_Loss_D: -5585.5943 | Avg_Loss_G: 4476.3082 | Total_Iter: 19143
[6381/10001] End of Epoch | Avg_Loss_D: -5319.0962 | Avg_Loss_G: 4441.8953 | Total_Iter: 19146
[6382/10001] End of Epoch | Avg_Loss_D: -4407.0952 | Avg_Loss_G: 4168.1330 | Total_Iter: 19149
[6383/10001] End of Epoch | Avg_Loss_D: -4768.0512 | Avg_Loss_G: 3884.2715 | Total_Iter: 19152
[6384/10001] End of Epoch | Avg_Loss_D: -1443.6741 | Avg_Loss_G: 4238.1099 | Total_Iter: 19155
[6385/10001] End of Epoch | Avg_Loss_D: -5049.9021 | Avg_Loss_G: 3657.5130 | Total_Iter: 19158
[6386/10001] End of Epoch | Avg_Loss_D: -3306.6208 | Avg_Loss_G: 4080.1872 | Total_Iter: 19161
[6387/10001] End of Epoch | Avg_Loss_D: -4306.5855 | Avg_Loss_G: 4315.2464 | Total_Iter: 19164
[6388/10001] End of Epoch | Avg_Loss_D: -5011.1403 | Avg_Loss_G: 4374.9996 | Total_Iter: 19167
[6389/10001] End of Epoch | Avg_Loss_D: -4917.0222 | Avg_Loss_G: 3753.8140 | Total_Iter: 19170
[6390/10001] End of Epoch | Avg_Loss_D: -5155.8384 | Avg_Loss_G: 4339.9199 | Total_Iter: 19173
[6391/10001] End of Epoch | Avg_Loss_D: -2817.6125 | Avg_Loss_G: 3867.9371 | Total_Iter: 19176
[6392/10001] End of Epoch | Avg_Loss_D: -2900.6321 | Avg_Loss_G: 3994.5645 | Total_Iter: 19179
[6393/10001] End of Epoch | Avg_Loss_D: -4936.7444 | Avg_Loss_G: 4216.5719 | Total_Iter: 19182
[6394/10001] End of Epoch | Avg_Loss_D: -5284.8881 | Avg_Loss_G: 4457.7724 | Total_Iter: 19185
[6395/10001] End of Epoch | Avg_Loss_D: -2721.2485 | Avg_Loss_G: 4242.0100 | Total_Iter: 19188
[6396/10001] End of Epoch | Avg_Loss_D: -5051.2399 | Avg_Loss_G: 4124.6992 | Total_Iter: 19191
[6397/10001] End of Epoch | Avg_Loss_D: -5588.4137 | Avg_Loss_G: 4169.1488 | Total_Iter: 19194
[6398/10001] End of Epoch | Avg_Loss_D: -3811.9091 | Avg_Loss_G: 4207.2102 | Total_Iter: 19197
[6399/10001] End of Epoch | Avg_Loss_D: -5566.5501 | Avg_Loss_G: 4294.8914 | Total_Iter: 19200
[6400/10001] End of Epoch | Avg_Loss_D: -4080.8375 | Avg_Loss_G: 4304.4715 | Total_Iter: 19203
[6401/10001] End of Epoch | Avg_Loss_D: -5601.4426 | Avg_Loss_G: 4246.1967 | Total_Iter: 19206
[6402/10001] End of Epoch | Avg_Loss_D: -5651.1648 | Avg_Loss_G: 4282.5985 | Total_Iter: 19209
[6403/10001] End of Epoch | Avg_Loss_D: -5321.2901 | Avg_Loss_G: 4305.4380 | Total_Iter: 19212
[6404/10001] End of Epoch | Avg_Loss_D: -4562.4193 | Avg_Loss_G: 3908.6341 | Total_Iter: 19215
[6405/10001] End of Epoch | Avg_Loss_D: -4779.2981 | Avg_Loss_G: 4331.3907 | Total_Iter: 19218
[6406/10001] End of Epoch | Avg_Loss_D: -5929.6120 | Avg_Loss_G: 4464.2920 | Total_Iter: 19221
[6407/10001] End of Epoch | Avg_Loss_D: -5332.2650 | Avg_Loss_G: 4384.4524 | Total_Iter: 19224
[6408/10001] End of Epoch | Avg_Loss_D: -3243.6910 | Avg_Loss_G: 3979.2340 | Total_Iter: 19227
[6409/10001] End of Epoch | Avg_Loss_D: -5660.2285 | Avg_Loss_G: 4415.9374 | Total_Iter: 19230
[6410/10001] End of Epoch | Avg_Loss_D: -5314.9730 | Avg_Loss_G: 4430.0282 | Total_Iter: 19233
[6411/10001] End of Epoch | Avg_Loss_D: -4075.6151 | Avg_Loss_G: 4495.7999 | Total_Iter: 19236
[6412/10001] End of Epoch | Avg_Loss_D: -5715.2708 | Avg_Loss_G: 4404.5448 | Total_Iter: 19239
[6413/10001] End of Epoch | Avg_Loss_D: -5047.3257 | Avg_Loss_G: 4199.2292 | Total_Iter: 19242
[6414/10001] End of Epoch | Avg_Loss_D: -3785.7174 | Avg_Loss_G: 3761.8034 | Total_Iter: 19245
[6415/10001] End of Epoch | Avg_Loss_D: 1378.2943 | Avg_Loss_G: 4407.8852 | Total_Iter: 19248
[6416/10001] End of Epoch | Avg_Loss_D: 379.0094 | Avg_Loss_G: 4489.8709 | Total_Iter: 19251
[6417/10001] End of Epoch | Avg_Loss_D: 178.3881 | Avg_Loss_G: 4546.6179 | Total_Iter: 19254
[6418/10001] End of Epoch | Avg_Loss_D: 148.9223 | Avg_Loss_G: 4567.9380 | Total_Iter: 19257
[6419/10001] End of Epoch | Avg_Loss_D: 189.9300 | Avg_Loss_G: 4565.5152 | Total_Iter: 19260
[6420/10001] End of Epoch | Avg_Loss_D: 98.6310 | Avg_Loss_G: 4581.6449 | Total_Iter: 19263
[6421/10001] End of Epoch | Avg_Loss_D: 169.0701 | Avg_Loss_G: 4579.6829 | Total_Iter: 19266
[6422/10001] End of Epoch | Avg_Loss_D: 139.9037 | Avg_Loss_G: 4580.0230 | Total_Iter: 19269
[6423/10001] End of Epoch | Avg_Loss_D: 42.4349 | Avg_Loss_G: 4589.2925 | Total_Iter: 19272
[6424/10001] End of Epoch | Avg_Loss_D: 37.9520 | Avg_Loss_G: 4594.3513 | Total_Iter: 19275
[6425/10001] End of Epoch | Avg_Loss_D: 51.3091 | Avg_Loss_G: 4581.5935 | Total_Iter: 19278
[6426/10001] End of Epoch | Avg_Loss_D: 42.4447 | Avg_Loss_G: 4590.8562 | Total_Iter: 19281
[6427/10001] End of Epoch | Avg_Loss_D: 59.1569 | Avg_Loss_G: 4589.5286 | Total_Iter: 19284
[6428/10001] End of Epoch | Avg_Loss_D: 33.1907 | Avg_Loss_G: 4595.8852 | Total_Iter: 19287
[6429/10001] End of Epoch | Avg_Loss_D: 20.2579 | Avg_Loss_G: 4592.2898 | Total_Iter: 19290
[6430/10001] End of Epoch | Avg_Loss_D: 54.5408 | Avg_Loss_G: 4601.7653 | Total_Iter: 19293
[6431/10001] End of Epoch | Avg_Loss_D: 29.8247 | Avg_Loss_G: 4598.8077 | Total_Iter: 19296
[6432/10001] End of Epoch | Avg_Loss_D: 44.5248 | Avg_Loss_G: 4591.4491 | Total_Iter: 19299
[6433/10001] End of Epoch | Avg_Loss_D: 14.5094 | Avg_Loss_G: 4602.4844 | Total_Iter: 19302
[6434/10001] End of Epoch | Avg_Loss_D: 43.2915 | Avg_Loss_G: 4611.5712 | Total_Iter: 19305
[6435/10001] End of Epoch | Avg_Loss_D: 16.8087 | Avg_Loss_G: 4604.2620 | Total_Iter: 19308
[6436/10001] End of Epoch | Avg_Loss_D: 43.6779 | Avg_Loss_G: 4608.3499 | Total_Iter: 19311
[6437/10001] End of Epoch | Avg_Loss_D: 19.3887 | Avg_Loss_G: 4609.0698 | Total_Iter: 19314
[6438/10001] End of Epoch | Avg_Loss_D: 2.5024 | Avg_Loss_G: 4616.2846 | Total_Iter: 19317
[6439/10001] End of Epoch | Avg_Loss_D: 46.2582 | Avg_Loss_G: 4606.1548 | Total_Iter: 19320
[6440/10001] End of Epoch | Avg_Loss_D: 8.3288 | Avg_Loss_G: 4609.1466 | Total_Iter: 19323
[6441/10001] End of Epoch | Avg_Loss_D: 38.6117 | Avg_Loss_G: 4606.6076 | Total_Iter: 19326
[6442/10001] End of Epoch | Avg_Loss_D: 27.7483 | Avg_Loss_G: 4609.2865 | Total_Iter: 19329
[6443/10001] End of Epoch | Avg_Loss_D: 42.4384 | Avg_Loss_G: 4610.6300 | Total_Iter: 19332
[6444/10001] End of Epoch | Avg_Loss_D: -1.4064 | Avg_Loss_G: 4608.0587 | Total_Iter: 19335
[6445/10001] End of Epoch | Avg_Loss_D: 14.9459 | Avg_Loss_G: 4622.1957 | Total_Iter: 19338
[6446/10001] End of Epoch | Avg_Loss_D: 34.5268 | Avg_Loss_G: 4616.4339 | Total_Iter: 19341
[6447/10001] End of Epoch | Avg_Loss_D: 16.2391 | Avg_Loss_G: 4614.8666 | Total_Iter: 19344
[6448/10001] End of Epoch | Avg_Loss_D: 18.5284 | Avg_Loss_G: 4615.0074 | Total_Iter: 19347
[6449/10001] End of Epoch | Avg_Loss_D: 4.9318 | Avg_Loss_G: 4622.0259 | Total_Iter: 19350
[6450/10001] End of Epoch | Avg_Loss_D: 33.8845 | Avg_Loss_G: 4617.9912 | Total_Iter: 19353
[6451/10001] End of Epoch | Avg_Loss_D: 15.7686 | Avg_Loss_G: 4611.1141 | Total_Iter: 19356
[6452/10001] End of Epoch | Avg_Loss_D: 57.9103 | Avg_Loss_G: 4613.9297 | Total_Iter: 19359
[6453/10001] End of Epoch | Avg_Loss_D: 22.3270 | Avg_Loss_G: 4618.5051 | Total_Iter: 19362
[6454/10001] End of Epoch | Avg_Loss_D: 12.6379 | Avg_Loss_G: 4619.0405 | Total_Iter: 19365
[6455/10001] End of Epoch | Avg_Loss_D: -4.2498 | Avg_Loss_G: 4629.9138 | Total_Iter: 19368
[6456/10001] End of Epoch | Avg_Loss_D: 3.7887 | Avg_Loss_G: 4619.0474 | Total_Iter: 19371
[6457/10001] End of Epoch | Avg_Loss_D: -16.1029 | Avg_Loss_G: 4620.0211 | Total_Iter: 19374
[6458/10001] End of Epoch | Avg_Loss_D: 37.9102 | Avg_Loss_G: 4613.2131 | Total_Iter: 19377
[6459/10001] End of Epoch | Avg_Loss_D: 8.8742 | Avg_Loss_G: 4614.8913 | Total_Iter: 19380
[6460/10001] End of Epoch | Avg_Loss_D: 35.2090 | Avg_Loss_G: 4624.8086 | Total_Iter: 19383
[6461/10001] End of Epoch | Avg_Loss_D: -6.5147 | Avg_Loss_G: 4612.2801 | Total_Iter: 19386
[6462/10001] End of Epoch | Avg_Loss_D: 0.6770 | Avg_Loss_G: 4621.7193 | Total_Iter: 19389
[6463/10001] End of Epoch | Avg_Loss_D: 2.3361 | Avg_Loss_G: 4621.8650 | Total_Iter: 19392
[6464/10001] End of Epoch | Avg_Loss_D: 11.7389 | Avg_Loss_G: 4624.5646 | Total_Iter: 19395
[6465/10001] End of Epoch | Avg_Loss_D: 5.2700 | Avg_Loss_G: 4625.7869 | Total_Iter: 19398
[6466/10001] End of Epoch | Avg_Loss_D: 1.1179 | Avg_Loss_G: 4626.2850 | Total_Iter: 19401
[6467/10001] End of Epoch | Avg_Loss_D: -18.9415 | Avg_Loss_G: 4629.5117 | Total_Iter: 19404
[6468/10001] End of Epoch | Avg_Loss_D: 21.2635 | Avg_Loss_G: 4632.8114 | Total_Iter: 19407
[6469/10001] End of Epoch | Avg_Loss_D: -14.0311 | Avg_Loss_G: 4624.0357 | Total_Iter: 19410
[6470/10001] End of Epoch | Avg_Loss_D: -7.1490 | Avg_Loss_G: 4626.1802 | Total_Iter: 19413
[6471/10001] End of Epoch | Avg_Loss_D: -1.6340 | Avg_Loss_G: 4625.7446 | Total_Iter: 19416
[6472/10001] End of Epoch | Avg_Loss_D: -8.2443 | Avg_Loss_G: 4631.3556 | Total_Iter: 19419
[6473/10001] End of Epoch | Avg_Loss_D: 12.2869 | Avg_Loss_G: 4629.8941 | Total_Iter: 19422
[6474/10001] End of Epoch | Avg_Loss_D: -8.5003 | Avg_Loss_G: 4634.6616 | Total_Iter: 19425
[6475/10001] End of Epoch | Avg_Loss_D: 22.7911 | Avg_Loss_G: 4640.9803 | Total_Iter: 19428
[6476/10001] End of Epoch | Avg_Loss_D: -11.9098 | Avg_Loss_G: 4634.2287 | Total_Iter: 19431
[6477/10001] End of Epoch | Avg_Loss_D: -8.8868 | Avg_Loss_G: 4638.4094 | Total_Iter: 19434
[6478/10001] End of Epoch | Avg_Loss_D: 6.8452 | Avg_Loss_G: 4626.7256 | Total_Iter: 19437
[6479/10001] End of Epoch | Avg_Loss_D: -12.0477 | Avg_Loss_G: 4628.8675 | Total_Iter: 19440
[6480/10001] End of Epoch | Avg_Loss_D: -4.7714 | Avg_Loss_G: 4632.4189 | Total_Iter: 19443
[6481/10001] End of Epoch | Avg_Loss_D: -13.4983 | Avg_Loss_G: 4622.6498 | Total_Iter: 19446
[6482/10001] End of Epoch | Avg_Loss_D: 30.2990 | Avg_Loss_G: 4632.7910 | Total_Iter: 19449
[6483/10001] End of Epoch | Avg_Loss_D: -6.4901 | Avg_Loss_G: 4636.0042 | Total_Iter: 19452
[6484/10001] End of Epoch | Avg_Loss_D: -10.9262 | Avg_Loss_G: 4629.5447 | Total_Iter: 19455
[6485/10001] End of Epoch | Avg_Loss_D: -0.1170 | Avg_Loss_G: 4632.6294 | Total_Iter: 19458
[6486/10001] End of Epoch | Avg_Loss_D: -5.8498 | Avg_Loss_G: 4638.4026 | Total_Iter: 19461
[6487/10001] End of Epoch | Avg_Loss_D: 15.6091 | Avg_Loss_G: 4632.5305 | Total_Iter: 19464
[6488/10001] End of Epoch | Avg_Loss_D: -5.7567 | Avg_Loss_G: 4638.8822 | Total_Iter: 19467
[6489/10001] End of Epoch | Avg_Loss_D: -8.8595 | Avg_Loss_G: 4636.7880 | Total_Iter: 19470
[6490/10001] End of Epoch | Avg_Loss_D: -8.3424 | Avg_Loss_G: 4632.6087 | Total_Iter: 19473
[6491/10001] End of Epoch | Avg_Loss_D: 61.3145 | Avg_Loss_G: 4641.8440 | Total_Iter: 19476
[6492/10001] End of Epoch | Avg_Loss_D: 11.0674 | Avg_Loss_G: 4642.4750 | Total_Iter: 19479
[6493/10001] End of Epoch | Avg_Loss_D: 15.1603 | Avg_Loss_G: 4638.3631 | Total_Iter: 19482
[6494/10001] End of Epoch | Avg_Loss_D: 8.1308 | Avg_Loss_G: 4635.0909 | Total_Iter: 19485
[6495/10001] End of Epoch | Avg_Loss_D: -7.7409 | Avg_Loss_G: 4638.2525 | Total_Iter: 19488
[6496/10001] End of Epoch | Avg_Loss_D: -7.6436 | Avg_Loss_G: 4636.0195 | Total_Iter: 19491
[6497/10001] End of Epoch | Avg_Loss_D: -3.5218 | Avg_Loss_G: 4640.4660 | Total_Iter: 19494
[6498/10001] End of Epoch | Avg_Loss_D: -1.6684 | Avg_Loss_G: 4632.1351 | Total_Iter: 19497
[6499/10001] End of Epoch | Avg_Loss_D: -10.6158 | Avg_Loss_G: 4639.9578 | Total_Iter: 19500
[6500/10001] End of Epoch | Avg_Loss_D: -30.0145 | Avg_Loss_G: 4644.9549 | Total_Iter: 19503
[6501/10001] End of Epoch | Avg_Loss_D: -20.1816 | Avg_Loss_G: 4645.7310 | Total_Iter: 19506
[6502/10001] End of Epoch | Avg_Loss_D: -21.7244 | Avg_Loss_G: 4642.7573 | Total_Iter: 19509
[6503/10001] End of Epoch | Avg_Loss_D: -1.8634 | Avg_Loss_G: 4642.8337 | Total_Iter: 19512
[6504/10001] End of Epoch | Avg_Loss_D: -3.8010 | Avg_Loss_G: 4642.0127 | Total_Iter: 19515
[6505/10001] End of Epoch | Avg_Loss_D: -14.3500 | Avg_Loss_G: 4640.5620 | Total_Iter: 19518
[6506/10001] End of Epoch | Avg_Loss_D: -13.7320 | Avg_Loss_G: 4641.6874 | Total_Iter: 19521
[6507/10001] End of Epoch | Avg_Loss_D: -9.4194 | Avg_Loss_G: 4640.6060 | Total_Iter: 19524
[6508/10001] End of Epoch | Avg_Loss_D: -13.5564 | Avg_Loss_G: 4639.7479 | Total_Iter: 19527
[6509/10001] End of Epoch | Avg_Loss_D: 6.1526 | Avg_Loss_G: 4633.0063 | Total_Iter: 19530
[6510/10001] End of Epoch | Avg_Loss_D: -8.3169 | Avg_Loss_G: 4644.2522 | Total_Iter: 19533
[6511/10001] End of Epoch | Avg_Loss_D: -2.7036 | Avg_Loss_G: 4636.0395 | Total_Iter: 19536
[6512/10001] End of Epoch | Avg_Loss_D: -8.5943 | Avg_Loss_G: 4639.8658 | Total_Iter: 19539
[6513/10001] End of Epoch | Avg_Loss_D: -19.2828 | Avg_Loss_G: 4643.7485 | Total_Iter: 19542
[6514/10001] End of Epoch | Avg_Loss_D: -15.3158 | Avg_Loss_G: 4652.8599 | Total_Iter: 19545
[6515/10001] End of Epoch | Avg_Loss_D: -30.3388 | Avg_Loss_G: 4640.6846 | Total_Iter: 19548
[6516/10001] End of Epoch | Avg_Loss_D: 9.2622 | Avg_Loss_G: 4636.1942 | Total_Iter: 19551
[6517/10001] End of Epoch | Avg_Loss_D: -9.6423 | Avg_Loss_G: 4641.2373 | Total_Iter: 19554
[6518/10001] End of Epoch | Avg_Loss_D: -14.2412 | Avg_Loss_G: 4644.0037 | Total_Iter: 19557
[6519/10001] End of Epoch | Avg_Loss_D: 3.9895 | Avg_Loss_G: 4644.2246 | Total_Iter: 19560
[6520/10001] End of Epoch | Avg_Loss_D: -3.3193 | Avg_Loss_G: 4637.6923 | Total_Iter: 19563
[6521/10001] End of Epoch | Avg_Loss_D: -2.8710 | Avg_Loss_G: 4645.6619 | Total_Iter: 19566
[6522/10001] End of Epoch | Avg_Loss_D: 6.2434 | Avg_Loss_G: 4651.6122 | Total_Iter: 19569
[6523/10001] End of Epoch | Avg_Loss_D: -7.4361 | Avg_Loss_G: 4648.6525 | Total_Iter: 19572
[6524/10001] End of Epoch | Avg_Loss_D: -22.1614 | Avg_Loss_G: 4647.5552 | Total_Iter: 19575
[6525/10001] End of Epoch | Avg_Loss_D: -18.4542 | Avg_Loss_G: 4647.1405 | Total_Iter: 19578
[6526/10001] End of Epoch | Avg_Loss_D: -16.9928 | Avg_Loss_G: 4645.2154 | Total_Iter: 19581
[6527/10001] End of Epoch | Avg_Loss_D: -7.2828 | Avg_Loss_G: 4639.5275 | Total_Iter: 19584
[6528/10001] End of Epoch | Avg_Loss_D: 9.3521 | Avg_Loss_G: 4637.1115 | Total_Iter: 19587
[6529/10001] End of Epoch | Avg_Loss_D: -10.3571 | Avg_Loss_G: 4645.7551 | Total_Iter: 19590
[6530/10001] End of Epoch | Avg_Loss_D: -11.0271 | Avg_Loss_G: 4635.6816 | Total_Iter: 19593
[6531/10001] End of Epoch | Avg_Loss_D: -6.1621 | Avg_Loss_G: 4639.1860 | Total_Iter: 19596
[6532/10001] End of Epoch | Avg_Loss_D: -11.9549 | Avg_Loss_G: 4638.9923 | Total_Iter: 19599
[6533/10001] End of Epoch | Avg_Loss_D: -10.3717 | Avg_Loss_G: 4642.3917 | Total_Iter: 19602
[6534/10001] End of Epoch | Avg_Loss_D: 10.4237 | Avg_Loss_G: 4638.5878 | Total_Iter: 19605
[6535/10001] End of Epoch | Avg_Loss_D: -20.7652 | Avg_Loss_G: 4648.0284 | Total_Iter: 19608
[6536/10001] End of Epoch | Avg_Loss_D: -14.1202 | Avg_Loss_G: 4647.6778 | Total_Iter: 19611
[6537/10001] End of Epoch | Avg_Loss_D: -13.5799 | Avg_Loss_G: 4639.0206 | Total_Iter: 19614
[6538/10001] End of Epoch | Avg_Loss_D: -7.2329 | Avg_Loss_G: 4638.8711 | Total_Iter: 19617
[6539/10001] End of Epoch | Avg_Loss_D: -20.5906 | Avg_Loss_G: 4638.3648 | Total_Iter: 19620
[6540/10001] End of Epoch | Avg_Loss_D: -19.1963 | Avg_Loss_G: 4653.5244 | Total_Iter: 19623
[6541/10001] End of Epoch | Avg_Loss_D: -3.5950 | Avg_Loss_G: 4646.0913 | Total_Iter: 19626
[6542/10001] End of Epoch | Avg_Loss_D: -3.8033 | Avg_Loss_G: 4644.1885 | Total_Iter: 19629
[6543/10001] End of Epoch | Avg_Loss_D: -17.6961 | Avg_Loss_G: 4647.7564 | Total_Iter: 19632
[6544/10001] End of Epoch | Avg_Loss_D: -10.9699 | Avg_Loss_G: 4647.3325 | Total_Iter: 19635
[6545/10001] End of Epoch | Avg_Loss_D: -1.6582 | Avg_Loss_G: 4643.1478 | Total_Iter: 19638
[6546/10001] End of Epoch | Avg_Loss_D: -22.7630 | Avg_Loss_G: 4657.3220 | Total_Iter: 19641
[6547/10001] End of Epoch | Avg_Loss_D: -14.8407 | Avg_Loss_G: 4654.1147 | Total_Iter: 19644
[6548/10001] End of Epoch | Avg_Loss_D: -6.8927 | Avg_Loss_G: 4652.9108 | Total_Iter: 19647
[6549/10001] End of Epoch | Avg_Loss_D: -25.5898 | Avg_Loss_G: 4648.2131 | Total_Iter: 19650
[6550/10001] End of Epoch | Avg_Loss_D: -30.0816 | Avg_Loss_G: 4658.2286 | Total_Iter: 19653
[6551/10001] End of Epoch | Avg_Loss_D: -18.7406 | Avg_Loss_G: 4653.2127 | Total_Iter: 19656
[6552/10001] End of Epoch | Avg_Loss_D: -5.4162 | Avg_Loss_G: 4646.0550 | Total_Iter: 19659
[6553/10001] End of Epoch | Avg_Loss_D: -21.3742 | Avg_Loss_G: 4648.8333 | Total_Iter: 19662
[6554/10001] End of Epoch | Avg_Loss_D: -11.0860 | Avg_Loss_G: 4639.4996 | Total_Iter: 19665
[6555/10001] End of Epoch | Avg_Loss_D: -4.5964 | Avg_Loss_G: 4649.8990 | Total_Iter: 19668
[6556/10001] End of Epoch | Avg_Loss_D: -22.4490 | Avg_Loss_G: 4649.7588 | Total_Iter: 19671
[6557/10001] End of Epoch | Avg_Loss_D: -11.2801 | Avg_Loss_G: 4650.4516 | Total_Iter: 19674
[6558/10001] End of Epoch | Avg_Loss_D: 12.3238 | Avg_Loss_G: 4644.6261 | Total_Iter: 19677
[6559/10001] End of Epoch | Avg_Loss_D: -21.3842 | Avg_Loss_G: 4648.9441 | Total_Iter: 19680
[6560/10001] End of Epoch | Avg_Loss_D: -21.0835 | Avg_Loss_G: 4650.0469 | Total_Iter: 19683
[6561/10001] End of Epoch | Avg_Loss_D: -39.8888 | Avg_Loss_G: 4653.5855 | Total_Iter: 19686
[6562/10001] End of Epoch | Avg_Loss_D: -36.8907 | Avg_Loss_G: 4646.5778 | Total_Iter: 19689
[6563/10001] End of Epoch | Avg_Loss_D: -15.1135 | Avg_Loss_G: 4650.9205 | Total_Iter: 19692
[6564/10001] End of Epoch | Avg_Loss_D: -16.2427 | Avg_Loss_G: 4646.1545 | Total_Iter: 19695
[6565/10001] End of Epoch | Avg_Loss_D: -17.1331 | Avg_Loss_G: 4650.6744 | Total_Iter: 19698
[6566/10001] End of Epoch | Avg_Loss_D: -16.6832 | Avg_Loss_G: 4649.4374 | Total_Iter: 19701
[6567/10001] End of Epoch | Avg_Loss_D: -16.1724 | Avg_Loss_G: 4657.9903 | Total_Iter: 19704
[6568/10001] End of Epoch | Avg_Loss_D: -3.0584 | Avg_Loss_G: 4652.8271 | Total_Iter: 19707
[6569/10001] End of Epoch | Avg_Loss_D: -16.9195 | Avg_Loss_G: 4661.4347 | Total_Iter: 19710
[6570/10001] End of Epoch | Avg_Loss_D: -35.1763 | Avg_Loss_G: 4646.3657 | Total_Iter: 19713
[6571/10001] End of Epoch | Avg_Loss_D: -14.9812 | Avg_Loss_G: 4650.2333 | Total_Iter: 19716
[6572/10001] End of Epoch | Avg_Loss_D: -24.4162 | Avg_Loss_G: 4651.5767 | Total_Iter: 19719
[6573/10001] End of Epoch | Avg_Loss_D: -27.8821 | Avg_Loss_G: 4647.2530 | Total_Iter: 19722
[6574/10001] End of Epoch | Avg_Loss_D: -17.4037 | Avg_Loss_G: 4659.2462 | Total_Iter: 19725
[6575/10001] End of Epoch | Avg_Loss_D: -20.6280 | Avg_Loss_G: 4651.7421 | Total_Iter: 19728
[6576/10001] End of Epoch | Avg_Loss_D: -29.1540 | Avg_Loss_G: 4654.9036 | Total_Iter: 19731
[6577/10001] End of Epoch | Avg_Loss_D: -28.6230 | Avg_Loss_G: 4659.3597 | Total_Iter: 19734
[6578/10001] End of Epoch | Avg_Loss_D: -25.4300 | Avg_Loss_G: 4656.4931 | Total_Iter: 19737
[6579/10001] End of Epoch | Avg_Loss_D: -41.2446 | Avg_Loss_G: 4648.0079 | Total_Iter: 19740
[6580/10001] End of Epoch | Avg_Loss_D: -8.9721 | Avg_Loss_G: 4656.9551 | Total_Iter: 19743
[6581/10001] End of Epoch | Avg_Loss_D: -33.8533 | Avg_Loss_G: 4640.6437 | Total_Iter: 19746
[6582/10001] End of Epoch | Avg_Loss_D: -25.1275 | Avg_Loss_G: 4635.6482 | Total_Iter: 19749
[6583/10001] End of Epoch | Avg_Loss_D: -25.1605 | Avg_Loss_G: 4654.9591 | Total_Iter: 19752
[6584/10001] End of Epoch | Avg_Loss_D: -15.3700 | Avg_Loss_G: 4634.8503 | Total_Iter: 19755
[6585/10001] End of Epoch | Avg_Loss_D: -15.8094 | Avg_Loss_G: 4656.5662 | Total_Iter: 19758
[6586/10001] End of Epoch | Avg_Loss_D: -36.1453 | Avg_Loss_G: 4634.2733 | Total_Iter: 19761
[6587/10001] End of Epoch | Avg_Loss_D: -35.0003 | Avg_Loss_G: 4650.7389 | Total_Iter: 19764
[6588/10001] End of Epoch | Avg_Loss_D: -43.3546 | Avg_Loss_G: 4657.8842 | Total_Iter: 19767
[6589/10001] End of Epoch | Avg_Loss_D: -33.3173 | Avg_Loss_G: 4651.0311 | Total_Iter: 19770
[6590/10001] End of Epoch | Avg_Loss_D: -0.7698 | Avg_Loss_G: 4647.5728 | Total_Iter: 19773
[6591/10001] End of Epoch | Avg_Loss_D: -29.6053 | Avg_Loss_G: 4652.7069 | Total_Iter: 19776
[6592/10001] End of Epoch | Avg_Loss_D: 0.4736 | Avg_Loss_G: 4659.5459 | Total_Iter: 19779
[6593/10001] End of Epoch | Avg_Loss_D: -4.9574 | Avg_Loss_G: 4653.9911 | Total_Iter: 19782
[6594/10001] End of Epoch | Avg_Loss_D: -17.5762 | Avg_Loss_G: 4646.4757 | Total_Iter: 19785
[6595/10001] End of Epoch | Avg_Loss_D: -44.7053 | Avg_Loss_G: 4642.8534 | Total_Iter: 19788
[6596/10001] End of Epoch | Avg_Loss_D: -71.1414 | Avg_Loss_G: 4658.4450 | Total_Iter: 19791
[6597/10001] End of Epoch | Avg_Loss_D: -27.0757 | Avg_Loss_G: 4652.4718 | Total_Iter: 19794
[6598/10001] End of Epoch | Avg_Loss_D: -35.7804 | Avg_Loss_G: 4657.6506 | Total_Iter: 19797
[6599/10001] End of Epoch | Avg_Loss_D: -21.3390 | Avg_Loss_G: 4662.6630 | Total_Iter: 19800
[6600/10001] End of Epoch | Avg_Loss_D: -9.9797 | Avg_Loss_G: 4667.0892 | Total_Iter: 19803
[6601/10001] End of Epoch | Avg_Loss_D: -56.5615 | Avg_Loss_G: 4660.6898 | Total_Iter: 19806
[6602/10001] End of Epoch | Avg_Loss_D: -26.6813 | Avg_Loss_G: 4655.9323 | Total_Iter: 19809
[6603/10001] End of Epoch | Avg_Loss_D: -34.2318 | Avg_Loss_G: 4658.2944 | Total_Iter: 19812
[6604/10001] End of Epoch | Avg_Loss_D: -24.5603 | Avg_Loss_G: 4643.6763 | Total_Iter: 19815
[6605/10001] End of Epoch | Avg_Loss_D: -33.0372 | Avg_Loss_G: 4671.0214 | Total_Iter: 19818
[6606/10001] End of Epoch | Avg_Loss_D: -47.9004 | Avg_Loss_G: 4660.5552 | Total_Iter: 19821
[6607/10001] End of Epoch | Avg_Loss_D: -42.7338 | Avg_Loss_G: 4652.7523 | Total_Iter: 19824
[6608/10001] End of Epoch | Avg_Loss_D: -29.8612 | Avg_Loss_G: 4656.4959 | Total_Iter: 19827
[6609/10001] End of Epoch | Avg_Loss_D: -12.3818 | Avg_Loss_G: 4658.9720 | Total_Iter: 19830
[6610/10001] End of Epoch | Avg_Loss_D: -34.0816 | Avg_Loss_G: 4664.5987 | Total_Iter: 19833
[6611/10001] End of Epoch | Avg_Loss_D: -6.4936 | Avg_Loss_G: 4632.1589 | Total_Iter: 19836
[6612/10001] End of Epoch | Avg_Loss_D: -59.1454 | Avg_Loss_G: 4667.6390 | Total_Iter: 19839
[6613/10001] End of Epoch | Avg_Loss_D: -3.1678 | Avg_Loss_G: 4659.4499 | Total_Iter: 19842
[6614/10001] End of Epoch | Avg_Loss_D: -109.7629 | Avg_Loss_G: 4668.0362 | Total_Iter: 19845
[6615/10001] End of Epoch | Avg_Loss_D: -46.1005 | Avg_Loss_G: 4656.3491 | Total_Iter: 19848
[6616/10001] End of Epoch | Avg_Loss_D: -11.7708 | Avg_Loss_G: 4629.3451 | Total_Iter: 19851
[6617/10001] End of Epoch | Avg_Loss_D: -2.1409 | Avg_Loss_G: 4670.8865 | Total_Iter: 19854
[6618/10001] End of Epoch | Avg_Loss_D: -61.3439 | Avg_Loss_G: 4633.8327 | Total_Iter: 19857
[6619/10001] End of Epoch | Avg_Loss_D: -47.5268 | Avg_Loss_G: 4635.2401 | Total_Iter: 19860
[6620/10001] End of Epoch | Avg_Loss_D: -99.3376 | Avg_Loss_G: 4656.2364 | Total_Iter: 19863
[6621/10001] End of Epoch | Avg_Loss_D: -18.1301 | Avg_Loss_G: 4676.4901 | Total_Iter: 19866
[6622/10001] End of Epoch | Avg_Loss_D: -102.3979 | Avg_Loss_G: 4652.8062 | Total_Iter: 19869
[6623/10001] End of Epoch | Avg_Loss_D: -19.6361 | Avg_Loss_G: 4662.7778 | Total_Iter: 19872
[6624/10001] End of Epoch | Avg_Loss_D: -84.5564 | Avg_Loss_G: 4664.7952 | Total_Iter: 19875
[6625/10001] End of Epoch | Avg_Loss_D: -84.3051 | Avg_Loss_G: 4654.6671 | Total_Iter: 19878
[6626/10001] End of Epoch | Avg_Loss_D: -107.8182 | Avg_Loss_G: 4637.6618 | Total_Iter: 19881
[6627/10001] End of Epoch | Avg_Loss_D: -81.8344 | Avg_Loss_G: 4643.2542 | Total_Iter: 19884
[6628/10001] End of Epoch | Avg_Loss_D: -21.2028 | Avg_Loss_G: 4668.6284 | Total_Iter: 19887
[6629/10001] End of Epoch | Avg_Loss_D: 23.7505 | Avg_Loss_G: 4676.9428 | Total_Iter: 19890
[6630/10001] End of Epoch | Avg_Loss_D: -54.5719 | Avg_Loss_G: 4594.9115 | Total_Iter: 19893
[6631/10001] End of Epoch | Avg_Loss_D: -30.6882 | Avg_Loss_G: 4682.8328 | Total_Iter: 19896
[6632/10001] End of Epoch | Avg_Loss_D: -148.3595 | Avg_Loss_G: 4652.9931 | Total_Iter: 19899
[6633/10001] End of Epoch | Avg_Loss_D: -88.2142 | Avg_Loss_G: 4664.1738 | Total_Iter: 19902
[6634/10001] End of Epoch | Avg_Loss_D: -257.4292 | Avg_Loss_G: 4692.9849 | Total_Iter: 19905
[6635/10001] End of Epoch | Avg_Loss_D: -111.2899 | Avg_Loss_G: 4674.3682 | Total_Iter: 19908
[6636/10001] End of Epoch | Avg_Loss_D: -88.1976 | Avg_Loss_G: 4730.3240 | Total_Iter: 19911
[6637/10001] End of Epoch | Avg_Loss_D: -41.3215 | Avg_Loss_G: 4621.4227 | Total_Iter: 19914
[6638/10001] End of Epoch | Avg_Loss_D: -139.9540 | Avg_Loss_G: 4568.4220 | Total_Iter: 19917
[6639/10001] End of Epoch | Avg_Loss_D: -155.9200 | Avg_Loss_G: 4650.4353 | Total_Iter: 19920
[6640/10001] End of Epoch | Avg_Loss_D: -144.6525 | Avg_Loss_G: 4692.6553 | Total_Iter: 19923
[6641/10001] End of Epoch | Avg_Loss_D: -56.5277 | Avg_Loss_G: 4702.0843 | Total_Iter: 19926
[6642/10001] End of Epoch | Avg_Loss_D: -60.6402 | Avg_Loss_G: 4691.4048 | Total_Iter: 19929
[6643/10001] End of Epoch | Avg_Loss_D: -12.4627 | Avg_Loss_G: 4602.3051 | Total_Iter: 19932
[6644/10001] End of Epoch | Avg_Loss_D: -104.3710 | Avg_Loss_G: 4718.9696 | Total_Iter: 19935
[6645/10001] End of Epoch | Avg_Loss_D: -96.9214 | Avg_Loss_G: 4681.3046 | Total_Iter: 19938
[6646/10001] End of Epoch | Avg_Loss_D: -102.3725 | Avg_Loss_G: 4730.7765 | Total_Iter: 19941
[6647/10001] End of Epoch | Avg_Loss_D: -93.6379 | Avg_Loss_G: 4668.0753 | Total_Iter: 19944
[6648/10001] End of Epoch | Avg_Loss_D: -39.0557 | Avg_Loss_G: 4710.3332 | Total_Iter: 19947
[6649/10001] End of Epoch | Avg_Loss_D: -217.0700 | Avg_Loss_G: 4601.0379 | Total_Iter: 19950
[6650/10001] End of Epoch | Avg_Loss_D: -14.5014 | Avg_Loss_G: 4715.3611 | Total_Iter: 19953
[6651/10001] End of Epoch | Avg_Loss_D: -22.0119 | Avg_Loss_G: 4565.9972 | Total_Iter: 19956
[6652/10001] End of Epoch | Avg_Loss_D: -170.0673 | Avg_Loss_G: 4507.0667 | Total_Iter: 19959
[6653/10001] End of Epoch | Avg_Loss_D: 9.8859 | Avg_Loss_G: 4616.4098 | Total_Iter: 19962
[6654/10001] End of Epoch | Avg_Loss_D: -88.1010 | Avg_Loss_G: 4626.9789 | Total_Iter: 19965
[6655/10001] End of Epoch | Avg_Loss_D: -41.7558 | Avg_Loss_G: 4714.8537 | Total_Iter: 19968
[6656/10001] End of Epoch | Avg_Loss_D: 72.1352 | Avg_Loss_G: 4662.7276 | Total_Iter: 19971
[6657/10001] End of Epoch | Avg_Loss_D: -24.7762 | Avg_Loss_G: 4618.0971 | Total_Iter: 19974
[6658/10001] End of Epoch | Avg_Loss_D: 11.9351 | Avg_Loss_G: 4691.8366 | Total_Iter: 19977
[6659/10001] End of Epoch | Avg_Loss_D: -143.4069 | Avg_Loss_G: 4706.6999 | Total_Iter: 19980
[6660/10001] End of Epoch | Avg_Loss_D: -37.9893 | Avg_Loss_G: 4613.4715 | Total_Iter: 19983
[6661/10001] End of Epoch | Avg_Loss_D: -138.7782 | Avg_Loss_G: 4667.5770 | Total_Iter: 19986
[6662/10001] End of Epoch | Avg_Loss_D: -132.3838 | Avg_Loss_G: 4652.8932 | Total_Iter: 19989
[6663/10001] End of Epoch | Avg_Loss_D: -143.6291 | Avg_Loss_G: 4731.6557 | Total_Iter: 19992
[6664/10001] End of Epoch | Avg_Loss_D: 1.3269 | Avg_Loss_G: 4650.7150 | Total_Iter: 19995
[6665/10001] End of Epoch | Avg_Loss_D: -134.5269 | Avg_Loss_G: 4726.7263 | Total_Iter: 19998
[6666/10001] End of Epoch | Avg_Loss_D: -14.9067 | Avg_Loss_G: 4657.6058 | Total_Iter: 20001
[6667/10001] End of Epoch | Avg_Loss_D: -156.0531 | Avg_Loss_G: 4746.7383 | Total_Iter: 20004
[6668/10001] End of Epoch | Avg_Loss_D: -88.6190 | Avg_Loss_G: 4742.9108 | Total_Iter: 20007
[6669/10001] End of Epoch | Avg_Loss_D: -1.4975 | Avg_Loss_G: 4681.5760 | Total_Iter: 20010
[6670/10001] End of Epoch | Avg_Loss_D: -101.6573 | Avg_Loss_G: 4716.9014 | Total_Iter: 20013
[6671/10001] End of Epoch | Avg_Loss_D: -2.0655 | Avg_Loss_G: 4736.7903 | Total_Iter: 20016
[6672/10001] End of Epoch | Avg_Loss_D: -196.5017 | Avg_Loss_G: 4683.4708 | Total_Iter: 20019
[6673/10001] End of Epoch | Avg_Loss_D: -0.6344 | Avg_Loss_G: 4605.6169 | Total_Iter: 20022
[6674/10001] End of Epoch | Avg_Loss_D: -76.2623 | Avg_Loss_G: 4636.0230 | Total_Iter: 20025
[6675/10001] End of Epoch | Avg_Loss_D: -151.6722 | Avg_Loss_G: 4544.5323 | Total_Iter: 20028
[6676/10001] End of Epoch | Avg_Loss_D: 210.3753 | Avg_Loss_G: 4608.6776 | Total_Iter: 20031
[6677/10001] End of Epoch | Avg_Loss_D: -214.5224 | Avg_Loss_G: 4651.3262 | Total_Iter: 20034
[6678/10001] End of Epoch | Avg_Loss_D: -111.8448 | Avg_Loss_G: 4580.1760 | Total_Iter: 20037
[6679/10001] End of Epoch | Avg_Loss_D: -58.8229 | Avg_Loss_G: 4564.0307 | Total_Iter: 20040
[6680/10001] End of Epoch | Avg_Loss_D: -188.6039 | Avg_Loss_G: 4629.5053 | Total_Iter: 20043
[6681/10001] End of Epoch | Avg_Loss_D: -79.7163 | Avg_Loss_G: 4624.4128 | Total_Iter: 20046
[6682/10001] End of Epoch | Avg_Loss_D: -658.1571 | Avg_Loss_G: 4634.4557 | Total_Iter: 20049
[6683/10001] End of Epoch | Avg_Loss_D: -18.3038 | Avg_Loss_G: 4558.4304 | Total_Iter: 20052
[6684/10001] End of Epoch | Avg_Loss_D: -93.8414 | Avg_Loss_G: 4520.3013 | Total_Iter: 20055
[6685/10001] End of Epoch | Avg_Loss_D: -120.2360 | Avg_Loss_G: 4602.4416 | Total_Iter: 20058
[6686/10001] End of Epoch | Avg_Loss_D: -21.1479 | Avg_Loss_G: 4569.2108 | Total_Iter: 20061
[6687/10001] End of Epoch | Avg_Loss_D: -48.9117 | Avg_Loss_G: 4680.7243 | Total_Iter: 20064
[6688/10001] End of Epoch | Avg_Loss_D: -73.7665 | Avg_Loss_G: 4698.7995 | Total_Iter: 20067
[6689/10001] End of Epoch | Avg_Loss_D: -156.2108 | Avg_Loss_G: 4648.7913 | Total_Iter: 20070
[6690/10001] End of Epoch | Avg_Loss_D: 42.4501 | Avg_Loss_G: 4505.8104 | Total_Iter: 20073
[6691/10001] End of Epoch | Avg_Loss_D: -276.8231 | Avg_Loss_G: 4600.9142 | Total_Iter: 20076
[6692/10001] End of Epoch | Avg_Loss_D: -447.8858 | Avg_Loss_G: 4706.8442 | Total_Iter: 20079
[6693/10001] End of Epoch | Avg_Loss_D: -265.4920 | Avg_Loss_G: 4686.1400 | Total_Iter: 20082
[6694/10001] End of Epoch | Avg_Loss_D: -214.9850 | Avg_Loss_G: 4638.2321 | Total_Iter: 20085
[6695/10001] End of Epoch | Avg_Loss_D: -227.6048 | Avg_Loss_G: 4580.4542 | Total_Iter: 20088
[6696/10001] End of Epoch | Avg_Loss_D: 32.3174 | Avg_Loss_G: 4413.3453 | Total_Iter: 20091
[6697/10001] End of Epoch | Avg_Loss_D: -103.0228 | Avg_Loss_G: 4527.9761 | Total_Iter: 20094
[6698/10001] End of Epoch | Avg_Loss_D: -442.0646 | Avg_Loss_G: 4591.8372 | Total_Iter: 20097
[6699/10001] End of Epoch | Avg_Loss_D: -243.5733 | Avg_Loss_G: 4728.9561 | Total_Iter: 20100
[6700/10001] End of Epoch | Avg_Loss_D: 48.0195 | Avg_Loss_G: 4606.7128 | Total_Iter: 20103
[6701/10001] End of Epoch | Avg_Loss_D: -47.8528 | Avg_Loss_G: 4650.0888 | Total_Iter: 20106
[6702/10001] End of Epoch | Avg_Loss_D: -201.5353 | Avg_Loss_G: 4683.2881 | Total_Iter: 20109
[6703/10001] End of Epoch | Avg_Loss_D: -23.9777 | Avg_Loss_G: 4724.1517 | Total_Iter: 20112
[6704/10001] End of Epoch | Avg_Loss_D: -163.6919 | Avg_Loss_G: 4612.5186 | Total_Iter: 20115
[6705/10001] End of Epoch | Avg_Loss_D: -70.1556 | Avg_Loss_G: 4612.7100 | Total_Iter: 20118
[6706/10001] End of Epoch | Avg_Loss_D: -181.1069 | Avg_Loss_G: 4588.8461 | Total_Iter: 20121
[6707/10001] End of Epoch | Avg_Loss_D: -223.9875 | Avg_Loss_G: 4591.4881 | Total_Iter: 20124
[6708/10001] End of Epoch | Avg_Loss_D: -405.7968 | Avg_Loss_G: 4582.2495 | Total_Iter: 20127
[6709/10001] End of Epoch | Avg_Loss_D: -1174.6976 | Avg_Loss_G: 4656.8920 | Total_Iter: 20130
[6710/10001] End of Epoch | Avg_Loss_D: -2387.6072 | Avg_Loss_G: 4637.2587 | Total_Iter: 20133
[6711/10001] End of Epoch | Avg_Loss_D: -3271.6616 | Avg_Loss_G: 4515.9997 | Total_Iter: 20136
[6712/10001] End of Epoch | Avg_Loss_D: -5907.1648 | Avg_Loss_G: 4572.4438 | Total_Iter: 20139
[6713/10001] End of Epoch | Avg_Loss_D: -5796.7370 | Avg_Loss_G: 4596.5456 | Total_Iter: 20142
[6714/10001] End of Epoch | Avg_Loss_D: -3103.5208 | Avg_Loss_G: 4607.2383 | Total_Iter: 20145
[6715/10001] End of Epoch | Avg_Loss_D: -7252.9750 | Avg_Loss_G: 4562.9159 | Total_Iter: 20148
[6716/10001] End of Epoch | Avg_Loss_D: -5194.8651 | Avg_Loss_G: 4587.2019 | Total_Iter: 20151
[6717/10001] End of Epoch | Avg_Loss_D: -5352.4865 | Avg_Loss_G: 4637.6094 | Total_Iter: 20154
[6718/10001] End of Epoch | Avg_Loss_D: -7510.3203 | Avg_Loss_G: 4630.6060 | Total_Iter: 20157
[6719/10001] End of Epoch | Avg_Loss_D: -3257.5572 | Avg_Loss_G: 4638.9409 | Total_Iter: 20160
[6720/10001] End of Epoch | Avg_Loss_D: -7417.9002 | Avg_Loss_G: 4665.7560 | Total_Iter: 20163
[6721/10001] End of Epoch | Avg_Loss_D: -8054.6526 | Avg_Loss_G: 4656.8332 | Total_Iter: 20166
[6722/10001] End of Epoch | Avg_Loss_D: -6090.0416 | Avg_Loss_G: 4698.4218 | Total_Iter: 20169
[6723/10001] End of Epoch | Avg_Loss_D: -5803.7311 | Avg_Loss_G: 4727.7905 | Total_Iter: 20172
[6724/10001] End of Epoch | Avg_Loss_D: -7528.4475 | Avg_Loss_G: 4735.7566 | Total_Iter: 20175
[6725/10001] End of Epoch | Avg_Loss_D: -7105.2263 | Avg_Loss_G: 4738.3725 | Total_Iter: 20178
[6726/10001] End of Epoch | Avg_Loss_D: -7956.8904 | Avg_Loss_G: 4742.4648 | Total_Iter: 20181
[6727/10001] End of Epoch | Avg_Loss_D: 48053.7389 | Avg_Loss_G: 4458.0256 | Total_Iter: 20184
[6728/10001] End of Epoch | Avg_Loss_D: 1611.0618 | Avg_Loss_G: 4442.8873 | Total_Iter: 20187
[6729/10001] End of Epoch | Avg_Loss_D: 247.7683 | Avg_Loss_G: 4509.6806 | Total_Iter: 20190
[6730/10001] End of Epoch | Avg_Loss_D: 156.5119 | Avg_Loss_G: 4512.1501 | Total_Iter: 20193
[6731/10001] End of Epoch | Avg_Loss_D: 218.9036 | Avg_Loss_G: 4534.5194 | Total_Iter: 20196
[6732/10001] End of Epoch | Avg_Loss_D: 110.6286 | Avg_Loss_G: 4544.3945 | Total_Iter: 20199
[6733/10001] End of Epoch | Avg_Loss_D: 160.5104 | Avg_Loss_G: 4554.4685 | Total_Iter: 20202
[6734/10001] End of Epoch | Avg_Loss_D: 151.3746 | Avg_Loss_G: 4552.0996 | Total_Iter: 20205
[6735/10001] End of Epoch | Avg_Loss_D: 99.5298 | Avg_Loss_G: 4569.2237 | Total_Iter: 20208
[6736/10001] End of Epoch | Avg_Loss_D: 84.0578 | Avg_Loss_G: 4571.2892 | Total_Iter: 20211
[6737/10001] End of Epoch | Avg_Loss_D: 64.8960 | Avg_Loss_G: 4572.9443 | Total_Iter: 20214
[6738/10001] End of Epoch | Avg_Loss_D: 53.2201 | Avg_Loss_G: 4574.6879 | Total_Iter: 20217
[6739/10001] End of Epoch | Avg_Loss_D: 60.6162 | Avg_Loss_G: 4582.4992 | Total_Iter: 20220
[6740/10001] End of Epoch | Avg_Loss_D: 102.1273 | Avg_Loss_G: 4581.1348 | Total_Iter: 20223
[6741/10001] End of Epoch | Avg_Loss_D: 78.4546 | Avg_Loss_G: 4583.8906 | Total_Iter: 20226
[6742/10001] End of Epoch | Avg_Loss_D: 47.9227 | Avg_Loss_G: 4581.2156 | Total_Iter: 20229
[6743/10001] End of Epoch | Avg_Loss_D: 27.4089 | Avg_Loss_G: 4581.2182 | Total_Iter: 20232
[6744/10001] End of Epoch | Avg_Loss_D: 31.4568 | Avg_Loss_G: 4586.2403 | Total_Iter: 20235
[6745/10001] End of Epoch | Avg_Loss_D: 39.7916 | Avg_Loss_G: 4586.5449 | Total_Iter: 20238
[6746/10001] End of Epoch | Avg_Loss_D: 73.1767 | Avg_Loss_G: 4591.7489 | Total_Iter: 20241
[6747/10001] End of Epoch | Avg_Loss_D: 40.9642 | Avg_Loss_G: 4587.7089 | Total_Iter: 20244
[6748/10001] End of Epoch | Avg_Loss_D: 51.6873 | Avg_Loss_G: 4593.1775 | Total_Iter: 20247
[6749/10001] End of Epoch | Avg_Loss_D: 53.9968 | Avg_Loss_G: 4594.9324 | Total_Iter: 20250
[6750/10001] End of Epoch | Avg_Loss_D: 21.1635 | Avg_Loss_G: 4590.2904 | Total_Iter: 20253
[6751/10001] End of Epoch | Avg_Loss_D: 9.7415 | Avg_Loss_G: 4594.5208 | Total_Iter: 20256
[6752/10001] End of Epoch | Avg_Loss_D: 38.0036 | Avg_Loss_G: 4592.5253 | Total_Iter: 20259
[6753/10001] End of Epoch | Avg_Loss_D: 37.8621 | Avg_Loss_G: 4595.9220 | Total_Iter: 20262
[6754/10001] End of Epoch | Avg_Loss_D: 28.3619 | Avg_Loss_G: 4597.1960 | Total_Iter: 20265
[6755/10001] End of Epoch | Avg_Loss_D: 32.6677 | Avg_Loss_G: 4603.5481 | Total_Iter: 20268
[6756/10001] End of Epoch | Avg_Loss_D: 11.3769 | Avg_Loss_G: 4603.5965 | Total_Iter: 20271
[6757/10001] End of Epoch | Avg_Loss_D: 16.7954 | Avg_Loss_G: 4599.7981 | Total_Iter: 20274
[6758/10001] End of Epoch | Avg_Loss_D: 24.3659 | Avg_Loss_G: 4599.3104 | Total_Iter: 20277
[6759/10001] End of Epoch | Avg_Loss_D: 46.1982 | Avg_Loss_G: 4603.7869 | Total_Iter: 20280
[6760/10001] End of Epoch | Avg_Loss_D: 22.4624 | Avg_Loss_G: 4605.0250 | Total_Iter: 20283
[6761/10001] End of Epoch | Avg_Loss_D: 12.8633 | Avg_Loss_G: 4605.8788 | Total_Iter: 20286
[6762/10001] End of Epoch | Avg_Loss_D: 17.3871 | Avg_Loss_G: 4605.9535 | Total_Iter: 20289
[6763/10001] End of Epoch | Avg_Loss_D: 13.0574 | Avg_Loss_G: 4612.1430 | Total_Iter: 20292
[6764/10001] End of Epoch | Avg_Loss_D: 7.8481 | Avg_Loss_G: 4607.3084 | Total_Iter: 20295
[6765/10001] End of Epoch | Avg_Loss_D: 23.1368 | Avg_Loss_G: 4609.4248 | Total_Iter: 20298
[6766/10001] End of Epoch | Avg_Loss_D: 13.0483 | Avg_Loss_G: 4610.8556 | Total_Iter: 20301
[6767/10001] End of Epoch | Avg_Loss_D: 30.0635 | Avg_Loss_G: 4612.4250 | Total_Iter: 20304
[6768/10001] End of Epoch | Avg_Loss_D: 4.8718 | Avg_Loss_G: 4611.8371 | Total_Iter: 20307
[6769/10001] End of Epoch | Avg_Loss_D: -6.4627 | Avg_Loss_G: 4613.1262 | Total_Iter: 20310
[6770/10001] End of Epoch | Avg_Loss_D: 22.0722 | Avg_Loss_G: 4614.8492 | Total_Iter: 20313
[6771/10001] End of Epoch | Avg_Loss_D: 12.3483 | Avg_Loss_G: 4612.4774 | Total_Iter: 20316
[6772/10001] End of Epoch | Avg_Loss_D: 1.8178 | Avg_Loss_G: 4619.0458 | Total_Iter: 20319
[6773/10001] End of Epoch | Avg_Loss_D: 18.8674 | Avg_Loss_G: 4619.0515 | Total_Iter: 20322
[6774/10001] End of Epoch | Avg_Loss_D: 14.2863 | Avg_Loss_G: 4611.1877 | Total_Iter: 20325
[6775/10001] End of Epoch | Avg_Loss_D: 10.0461 | Avg_Loss_G: 4605.6829 | Total_Iter: 20328
[6776/10001] End of Epoch | Avg_Loss_D: 20.5790 | Avg_Loss_G: 4619.6094 | Total_Iter: 20331
[6777/10001] End of Epoch | Avg_Loss_D: 10.8030 | Avg_Loss_G: 4620.0983 | Total_Iter: 20334
[6778/10001] End of Epoch | Avg_Loss_D: 2.7508 | Avg_Loss_G: 4621.2107 | Total_Iter: 20337
[6779/10001] End of Epoch | Avg_Loss_D: 0.4985 | Avg_Loss_G: 4620.9887 | Total_Iter: 20340
[6780/10001] End of Epoch | Avg_Loss_D: -13.7327 | Avg_Loss_G: 4614.9743 | Total_Iter: 20343
[6781/10001] End of Epoch | Avg_Loss_D: 19.1323 | Avg_Loss_G: 4624.0315 | Total_Iter: 20346
[6782/10001] End of Epoch | Avg_Loss_D: 1.2802 | Avg_Loss_G: 4624.0569 | Total_Iter: 20349
[6783/10001] End of Epoch | Avg_Loss_D: -5.3667 | Avg_Loss_G: 4627.1799 | Total_Iter: 20352
[6784/10001] End of Epoch | Avg_Loss_D: -10.1587 | Avg_Loss_G: 4622.2232 | Total_Iter: 20355
[6785/10001] End of Epoch | Avg_Loss_D: 0.9694 | Avg_Loss_G: 4618.3728 | Total_Iter: 20358
[6786/10001] End of Epoch | Avg_Loss_D: 23.4542 | Avg_Loss_G: 4625.4608 | Total_Iter: 20361
[6787/10001] End of Epoch | Avg_Loss_D: 23.1827 | Avg_Loss_G: 4628.7905 | Total_Iter: 20364
[6788/10001] End of Epoch | Avg_Loss_D: 1.0639 | Avg_Loss_G: 4623.4045 | Total_Iter: 20367
[6789/10001] End of Epoch | Avg_Loss_D: -13.9703 | Avg_Loss_G: 4622.7336 | Total_Iter: 20370
[6790/10001] End of Epoch | Avg_Loss_D: 11.4665 | Avg_Loss_G: 4622.8872 | Total_Iter: 20373
[6791/10001] End of Epoch | Avg_Loss_D: 3.7754 | Avg_Loss_G: 4629.3083 | Total_Iter: 20376
[6792/10001] End of Epoch | Avg_Loss_D: 2.5828 | Avg_Loss_G: 4629.1753 | Total_Iter: 20379
[6793/10001] End of Epoch | Avg_Loss_D: -5.5360 | Avg_Loss_G: 4630.4731 | Total_Iter: 20382
[6794/10001] End of Epoch | Avg_Loss_D: 4.7473 | Avg_Loss_G: 4629.1267 | Total_Iter: 20385
[6795/10001] End of Epoch | Avg_Loss_D: 1.3216 | Avg_Loss_G: 4632.8124 | Total_Iter: 20388
[6796/10001] End of Epoch | Avg_Loss_D: 4.0701 | Avg_Loss_G: 4631.4962 | Total_Iter: 20391
[6797/10001] End of Epoch | Avg_Loss_D: 2.7395 | Avg_Loss_G: 4633.3955 | Total_Iter: 20394
[6798/10001] End of Epoch | Avg_Loss_D: 7.6356 | Avg_Loss_G: 4633.8733 | Total_Iter: 20397
[6799/10001] End of Epoch | Avg_Loss_D: 45.8972 | Avg_Loss_G: 4636.2661 | Total_Iter: 20400
[6800/10001] End of Epoch | Avg_Loss_D: -2.4642 | Avg_Loss_G: 4632.3515 | Total_Iter: 20403
[6801/10001] End of Epoch | Avg_Loss_D: -3.8613 | Avg_Loss_G: 4628.4947 | Total_Iter: 20406
[6802/10001] End of Epoch | Avg_Loss_D: -13.2129 | Avg_Loss_G: 4632.3053 | Total_Iter: 20409
[6803/10001] End of Epoch | Avg_Loss_D: 19.4488 | Avg_Loss_G: 4629.8320 | Total_Iter: 20412
[6804/10001] End of Epoch | Avg_Loss_D: 0.3687 | Avg_Loss_G: 4634.9630 | Total_Iter: 20415
[6805/10001] End of Epoch | Avg_Loss_D: 1.6878 | Avg_Loss_G: 4632.7572 | Total_Iter: 20418
[6806/10001] End of Epoch | Avg_Loss_D: 26.4436 | Avg_Loss_G: 4642.3739 | Total_Iter: 20421
[6807/10001] End of Epoch | Avg_Loss_D: 16.8071 | Avg_Loss_G: 4645.7002 | Total_Iter: 20424
[6808/10001] End of Epoch | Avg_Loss_D: -10.6103 | Avg_Loss_G: 4638.7289 | Total_Iter: 20427
[6809/10001] End of Epoch | Avg_Loss_D: -1.7780 | Avg_Loss_G: 4641.3625 | Total_Iter: 20430
[6810/10001] End of Epoch | Avg_Loss_D: -1.8122 | Avg_Loss_G: 4635.8568 | Total_Iter: 20433
[6811/10001] End of Epoch | Avg_Loss_D: -1.0598 | Avg_Loss_G: 4637.1520 | Total_Iter: 20436
[6812/10001] End of Epoch | Avg_Loss_D: -6.6260 | Avg_Loss_G: 4640.0643 | Total_Iter: 20439
[6813/10001] End of Epoch | Avg_Loss_D: -4.3447 | Avg_Loss_G: 4643.2986 | Total_Iter: 20442
[6814/10001] End of Epoch | Avg_Loss_D: -18.7569 | Avg_Loss_G: 4650.4610 | Total_Iter: 20445
[6815/10001] End of Epoch | Avg_Loss_D: -3.3205 | Avg_Loss_G: 4638.5311 | Total_Iter: 20448
[6816/10001] End of Epoch | Avg_Loss_D: 0.4711 | Avg_Loss_G: 4643.1222 | Total_Iter: 20451
[6817/10001] End of Epoch | Avg_Loss_D: -11.0336 | Avg_Loss_G: 4642.9347 | Total_Iter: 20454
[6818/10001] End of Epoch | Avg_Loss_D: -6.9644 | Avg_Loss_G: 4640.7914 | Total_Iter: 20457
[6819/10001] End of Epoch | Avg_Loss_D: -3.3366 | Avg_Loss_G: 4649.8777 | Total_Iter: 20460
[6820/10001] End of Epoch | Avg_Loss_D: -11.7256 | Avg_Loss_G: 4643.4455 | Total_Iter: 20463
[6821/10001] End of Epoch | Avg_Loss_D: 2.9028 | Avg_Loss_G: 4643.1237 | Total_Iter: 20466
[6822/10001] End of Epoch | Avg_Loss_D: 1.8802 | Avg_Loss_G: 4643.1890 | Total_Iter: 20469
[6823/10001] End of Epoch | Avg_Loss_D: -1.7389 | Avg_Loss_G: 4639.9504 | Total_Iter: 20472
[6824/10001] End of Epoch | Avg_Loss_D: -11.8325 | Avg_Loss_G: 4643.8150 | Total_Iter: 20475
[6825/10001] End of Epoch | Avg_Loss_D: 7.5396 | Avg_Loss_G: 4648.4644 | Total_Iter: 20478
[6826/10001] End of Epoch | Avg_Loss_D: 5.4284 | Avg_Loss_G: 4644.4091 | Total_Iter: 20481
[6827/10001] End of Epoch | Avg_Loss_D: -10.5301 | Avg_Loss_G: 4655.9197 | Total_Iter: 20484
[6828/10001] End of Epoch | Avg_Loss_D: -8.7805 | Avg_Loss_G: 4649.9918 | Total_Iter: 20487
[6829/10001] End of Epoch | Avg_Loss_D: 3.9256 | Avg_Loss_G: 4645.4049 | Total_Iter: 20490
[6830/10001] End of Epoch | Avg_Loss_D: -3.4443 | Avg_Loss_G: 4651.5443 | Total_Iter: 20493
[6831/10001] End of Epoch | Avg_Loss_D: 2.3837 | Avg_Loss_G: 4643.4657 | Total_Iter: 20496
[6832/10001] End of Epoch | Avg_Loss_D: -13.1195 | Avg_Loss_G: 4638.3990 | Total_Iter: 20499
[6833/10001] End of Epoch | Avg_Loss_D: -1.8945 | Avg_Loss_G: 4644.9703 | Total_Iter: 20502
[6834/10001] End of Epoch | Avg_Loss_D: -1.3536 | Avg_Loss_G: 4649.7706 | Total_Iter: 20505
[6835/10001] End of Epoch | Avg_Loss_D: -16.4766 | Avg_Loss_G: 4650.2602 | Total_Iter: 20508
[6836/10001] End of Epoch | Avg_Loss_D: 1.3463 | Avg_Loss_G: 4650.2498 | Total_Iter: 20511
[6837/10001] End of Epoch | Avg_Loss_D: -12.2652 | Avg_Loss_G: 4650.7721 | Total_Iter: 20514
[6838/10001] End of Epoch | Avg_Loss_D: -26.6598 | Avg_Loss_G: 4654.3431 | Total_Iter: 20517
[6839/10001] End of Epoch | Avg_Loss_D: -3.1984 | Avg_Loss_G: 4651.2639 | Total_Iter: 20520
[6840/10001] End of Epoch | Avg_Loss_D: 25.4575 | Avg_Loss_G: 4653.7327 | Total_Iter: 20523
[6841/10001] End of Epoch | Avg_Loss_D: -0.8504 | Avg_Loss_G: 4660.6429 | Total_Iter: 20526
[6842/10001] End of Epoch | Avg_Loss_D: 2.5844 | Avg_Loss_G: 4654.5678 | Total_Iter: 20529
[6843/10001] End of Epoch | Avg_Loss_D: -13.3604 | Avg_Loss_G: 4650.0459 | Total_Iter: 20532
[6844/10001] End of Epoch | Avg_Loss_D: -20.2249 | Avg_Loss_G: 4649.3970 | Total_Iter: 20535
[6845/10001] End of Epoch | Avg_Loss_D: -21.3287 | Avg_Loss_G: 4651.2983 | Total_Iter: 20538
[6846/10001] End of Epoch | Avg_Loss_D: -7.8045 | Avg_Loss_G: 4657.5576 | Total_Iter: 20541
[6847/10001] End of Epoch | Avg_Loss_D: -12.7193 | Avg_Loss_G: 4654.3474 | Total_Iter: 20544
[6848/10001] End of Epoch | Avg_Loss_D: -1.7096 | Avg_Loss_G: 4647.5152 | Total_Iter: 20547
[6849/10001] End of Epoch | Avg_Loss_D: -19.3972 | Avg_Loss_G: 4653.0109 | Total_Iter: 20550
[6850/10001] End of Epoch | Avg_Loss_D: 7.0956 | Avg_Loss_G: 4648.2616 | Total_Iter: 20553
[6851/10001] End of Epoch | Avg_Loss_D: 8.7501 | Avg_Loss_G: 4654.0332 | Total_Iter: 20556
[6852/10001] End of Epoch | Avg_Loss_D: 10.0232 | Avg_Loss_G: 4654.7088 | Total_Iter: 20559
[6853/10001] End of Epoch | Avg_Loss_D: 11.7934 | Avg_Loss_G: 4654.4156 | Total_Iter: 20562
[6854/10001] End of Epoch | Avg_Loss_D: -0.1959 | Avg_Loss_G: 4651.5669 | Total_Iter: 20565
[6855/10001] End of Epoch | Avg_Loss_D: -7.1779 | Avg_Loss_G: 4650.3292 | Total_Iter: 20568
[6856/10001] End of Epoch | Avg_Loss_D: 10.7886 | Avg_Loss_G: 4650.6051 | Total_Iter: 20571
[6857/10001] End of Epoch | Avg_Loss_D: -7.7064 | Avg_Loss_G: 4648.8135 | Total_Iter: 20574
[6858/10001] End of Epoch | Avg_Loss_D: -4.1034 | Avg_Loss_G: 4651.2314 | Total_Iter: 20577
[6859/10001] End of Epoch | Avg_Loss_D: 3.0614 | Avg_Loss_G: 4652.4871 | Total_Iter: 20580
[6860/10001] End of Epoch | Avg_Loss_D: -17.0680 | Avg_Loss_G: 4656.3287 | Total_Iter: 20583
[6861/10001] End of Epoch | Avg_Loss_D: -2.5709 | Avg_Loss_G: 4651.5842 | Total_Iter: 20586
[6862/10001] End of Epoch | Avg_Loss_D: -7.4687 | Avg_Loss_G: 4655.1219 | Total_Iter: 20589
[6863/10001] End of Epoch | Avg_Loss_D: -6.8081 | Avg_Loss_G: 4659.4314 | Total_Iter: 20592
[6864/10001] End of Epoch | Avg_Loss_D: -16.1134 | Avg_Loss_G: 4661.5573 | Total_Iter: 20595
[6865/10001] End of Epoch | Avg_Loss_D: -9.2357 | Avg_Loss_G: 4657.0026 | Total_Iter: 20598
[6866/10001] End of Epoch | Avg_Loss_D: -7.2329 | Avg_Loss_G: 4651.1139 | Total_Iter: 20601
[6867/10001] End of Epoch | Avg_Loss_D: -6.0985 | Avg_Loss_G: 4653.4565 | Total_Iter: 20604
[6868/10001] End of Epoch | Avg_Loss_D: -20.2313 | Avg_Loss_G: 4660.0009 | Total_Iter: 20607
[6869/10001] End of Epoch | Avg_Loss_D: 15.5994 | Avg_Loss_G: 4656.9894 | Total_Iter: 20610
[6870/10001] End of Epoch | Avg_Loss_D: -26.2953 | Avg_Loss_G: 4660.3657 | Total_Iter: 20613
[6871/10001] End of Epoch | Avg_Loss_D: -2.2654 | Avg_Loss_G: 4656.8217 | Total_Iter: 20616
[6872/10001] End of Epoch | Avg_Loss_D: -18.5075 | Avg_Loss_G: 4659.3520 | Total_Iter: 20619
[6873/10001] End of Epoch | Avg_Loss_D: 9.0982 | Avg_Loss_G: 4659.2693 | Total_Iter: 20622
[6874/10001] End of Epoch | Avg_Loss_D: -12.7156 | Avg_Loss_G: 4657.6008 | Total_Iter: 20625
[6875/10001] End of Epoch | Avg_Loss_D: -12.9768 | Avg_Loss_G: 4652.4245 | Total_Iter: 20628
[6876/10001] End of Epoch | Avg_Loss_D: -5.4922 | Avg_Loss_G: 4653.0419 | Total_Iter: 20631
[6877/10001] End of Epoch | Avg_Loss_D: 6.2421 | Avg_Loss_G: 4658.1991 | Total_Iter: 20634
[6878/10001] End of Epoch | Avg_Loss_D: -12.7894 | Avg_Loss_G: 4658.9826 | Total_Iter: 20637
[6879/10001] End of Epoch | Avg_Loss_D: -12.5504 | Avg_Loss_G: 4653.7630 | Total_Iter: 20640
[6880/10001] End of Epoch | Avg_Loss_D: 1.7726 | Avg_Loss_G: 4655.0476 | Total_Iter: 20643
[6881/10001] End of Epoch | Avg_Loss_D: -12.5512 | Avg_Loss_G: 4654.6187 | Total_Iter: 20646
[6882/10001] End of Epoch | Avg_Loss_D: 18.0935 | Avg_Loss_G: 4657.7456 | Total_Iter: 20649
[6883/10001] End of Epoch | Avg_Loss_D: -2.1024 | Avg_Loss_G: 4658.9385 | Total_Iter: 20652
[6884/10001] End of Epoch | Avg_Loss_D: -8.6795 | Avg_Loss_G: 4658.9715 | Total_Iter: 20655
[6885/10001] End of Epoch | Avg_Loss_D: -1.0634 | Avg_Loss_G: 4656.9186 | Total_Iter: 20658
[6886/10001] End of Epoch | Avg_Loss_D: -0.8963 | Avg_Loss_G: 4660.0390 | Total_Iter: 20661
[6887/10001] End of Epoch | Avg_Loss_D: 5.8830 | Avg_Loss_G: 4665.3181 | Total_Iter: 20664
[6888/10001] End of Epoch | Avg_Loss_D: -12.0092 | Avg_Loss_G: 4659.4225 | Total_Iter: 20667
[6889/10001] End of Epoch | Avg_Loss_D: -1.1266 | Avg_Loss_G: 4655.2041 | Total_Iter: 20670
[6890/10001] End of Epoch | Avg_Loss_D: -8.1281 | Avg_Loss_G: 4659.3357 | Total_Iter: 20673
[6891/10001] End of Epoch | Avg_Loss_D: -10.2409 | Avg_Loss_G: 4657.9480 | Total_Iter: 20676
[6892/10001] End of Epoch | Avg_Loss_D: -8.1381 | Avg_Loss_G: 4656.6134 | Total_Iter: 20679
[6893/10001] End of Epoch | Avg_Loss_D: -9.0178 | Avg_Loss_G: 4658.1519 | Total_Iter: 20682
[6894/10001] End of Epoch | Avg_Loss_D: -7.0738 | Avg_Loss_G: 4662.4808 | Total_Iter: 20685
[6895/10001] End of Epoch | Avg_Loss_D: -12.9147 | Avg_Loss_G: 4663.1766 | Total_Iter: 20688
[6896/10001] End of Epoch | Avg_Loss_D: -10.6344 | Avg_Loss_G: 4655.6710 | Total_Iter: 20691
[6897/10001] End of Epoch | Avg_Loss_D: -13.4031 | Avg_Loss_G: 4659.5336 | Total_Iter: 20694
[6898/10001] End of Epoch | Avg_Loss_D: -12.2375 | Avg_Loss_G: 4662.0017 | Total_Iter: 20697
[6899/10001] End of Epoch | Avg_Loss_D: -3.8156 | Avg_Loss_G: 4666.0208 | Total_Iter: 20700
[6900/10001] End of Epoch | Avg_Loss_D: -10.2523 | Avg_Loss_G: 4660.4402 | Total_Iter: 20703
[6901/10001] End of Epoch | Avg_Loss_D: -14.6115 | Avg_Loss_G: 4661.2679 | Total_Iter: 20706
[6902/10001] End of Epoch | Avg_Loss_D: -2.2499 | Avg_Loss_G: 4655.1236 | Total_Iter: 20709
[6903/10001] End of Epoch | Avg_Loss_D: -4.8871 | Avg_Loss_G: 4658.8031 | Total_Iter: 20712
[6904/10001] End of Epoch | Avg_Loss_D: -5.5913 | Avg_Loss_G: 4659.6479 | Total_Iter: 20715
[6905/10001] End of Epoch | Avg_Loss_D: -0.2732 | Avg_Loss_G: 4660.4388 | Total_Iter: 20718
[6906/10001] End of Epoch | Avg_Loss_D: -14.9379 | Avg_Loss_G: 4660.2062 | Total_Iter: 20721
[6907/10001] End of Epoch | Avg_Loss_D: -15.3023 | Avg_Loss_G: 4666.6528 | Total_Iter: 20724
[6908/10001] End of Epoch | Avg_Loss_D: -10.2735 | Avg_Loss_G: 4669.8778 | Total_Iter: 20727
[6909/10001] End of Epoch | Avg_Loss_D: -8.6274 | Avg_Loss_G: 4663.9395 | Total_Iter: 20730
[6910/10001] End of Epoch | Avg_Loss_D: -3.8939 | Avg_Loss_G: 4661.1627 | Total_Iter: 20733
[6911/10001] End of Epoch | Avg_Loss_D: -11.7585 | Avg_Loss_G: 4657.4714 | Total_Iter: 20736
[6912/10001] End of Epoch | Avg_Loss_D: 4.6641 | Avg_Loss_G: 4657.1463 | Total_Iter: 20739
[6913/10001] End of Epoch | Avg_Loss_D: -9.5555 | Avg_Loss_G: 4657.8605 | Total_Iter: 20742
[6914/10001] End of Epoch | Avg_Loss_D: -6.0609 | Avg_Loss_G: 4664.6088 | Total_Iter: 20745
[6915/10001] End of Epoch | Avg_Loss_D: -10.4851 | Avg_Loss_G: 4665.6254 | Total_Iter: 20748
[6916/10001] End of Epoch | Avg_Loss_D: -11.0263 | Avg_Loss_G: 4665.4515 | Total_Iter: 20751
[6917/10001] End of Epoch | Avg_Loss_D: -21.9986 | Avg_Loss_G: 4664.3268 | Total_Iter: 20754
[6918/10001] End of Epoch | Avg_Loss_D: -0.5221 | Avg_Loss_G: 4665.7195 | Total_Iter: 20757
[6919/10001] End of Epoch | Avg_Loss_D: -5.3297 | Avg_Loss_G: 4658.9137 | Total_Iter: 20760
[6920/10001] End of Epoch | Avg_Loss_D: 0.9666 | Avg_Loss_G: 4659.4821 | Total_Iter: 20763
[6921/10001] End of Epoch | Avg_Loss_D: -5.6867 | Avg_Loss_G: 4663.2266 | Total_Iter: 20766
[6922/10001] End of Epoch | Avg_Loss_D: -8.0983 | Avg_Loss_G: 4666.6911 | Total_Iter: 20769
[6923/10001] End of Epoch | Avg_Loss_D: -6.4576 | Avg_Loss_G: 4663.0845 | Total_Iter: 20772
[6924/10001] End of Epoch | Avg_Loss_D: -12.6689 | Avg_Loss_G: 4657.1312 | Total_Iter: 20775
[6925/10001] End of Epoch | Avg_Loss_D: -10.2931 | Avg_Loss_G: 4658.2119 | Total_Iter: 20778
[6926/10001] End of Epoch | Avg_Loss_D: -8.2818 | Avg_Loss_G: 4659.1352 | Total_Iter: 20781
[6927/10001] End of Epoch | Avg_Loss_D: 1.8683 | Avg_Loss_G: 4661.1100 | Total_Iter: 20784
[6928/10001] End of Epoch | Avg_Loss_D: -15.4269 | Avg_Loss_G: 4664.3761 | Total_Iter: 20787
[6929/10001] End of Epoch | Avg_Loss_D: -14.9938 | Avg_Loss_G: 4659.6798 | Total_Iter: 20790
[6930/10001] End of Epoch | Avg_Loss_D: -9.7364 | Avg_Loss_G: 4656.8380 | Total_Iter: 20793
[6931/10001] End of Epoch | Avg_Loss_D: -11.6592 | Avg_Loss_G: 4660.5009 | Total_Iter: 20796
[6932/10001] End of Epoch | Avg_Loss_D: -5.5040 | Avg_Loss_G: 4660.9455 | Total_Iter: 20799
[6933/10001] End of Epoch | Avg_Loss_D: -9.0333 | Avg_Loss_G: 4658.3435 | Total_Iter: 20802
[6934/10001] End of Epoch | Avg_Loss_D: -3.0720 | Avg_Loss_G: 4657.5824 | Total_Iter: 20805
[6935/10001] End of Epoch | Avg_Loss_D: 4.3853 | Avg_Loss_G: 4661.4443 | Total_Iter: 20808
[6936/10001] End of Epoch | Avg_Loss_D: -13.4803 | Avg_Loss_G: 4659.5696 | Total_Iter: 20811
[6937/10001] End of Epoch | Avg_Loss_D: -7.6505 | Avg_Loss_G: 4660.6177 | Total_Iter: 20814
[6938/10001] End of Epoch | Avg_Loss_D: -20.2733 | Avg_Loss_G: 4663.4297 | Total_Iter: 20817
[6939/10001] End of Epoch | Avg_Loss_D: -14.4588 | Avg_Loss_G: 4661.7923 | Total_Iter: 20820
[6940/10001] End of Epoch | Avg_Loss_D: -5.8597 | Avg_Loss_G: 4663.7340 | Total_Iter: 20823
[6941/10001] End of Epoch | Avg_Loss_D: -9.0818 | Avg_Loss_G: 4659.2884 | Total_Iter: 20826
[6942/10001] End of Epoch | Avg_Loss_D: -30.3396 | Avg_Loss_G: 4663.0546 | Total_Iter: 20829
[6943/10001] End of Epoch | Avg_Loss_D: -24.5026 | Avg_Loss_G: 4661.9567 | Total_Iter: 20832
[6944/10001] End of Epoch | Avg_Loss_D: -16.2308 | Avg_Loss_G: 4666.7766 | Total_Iter: 20835
[6945/10001] End of Epoch | Avg_Loss_D: -4.8810 | Avg_Loss_G: 4665.5953 | Total_Iter: 20838
[6946/10001] End of Epoch | Avg_Loss_D: -14.1468 | Avg_Loss_G: 4661.3097 | Total_Iter: 20841
[6947/10001] End of Epoch | Avg_Loss_D: -20.2288 | Avg_Loss_G: 4659.4322 | Total_Iter: 20844
[6948/10001] End of Epoch | Avg_Loss_D: -25.6588 | Avg_Loss_G: 4669.6868 | Total_Iter: 20847
[6949/10001] End of Epoch | Avg_Loss_D: -16.1993 | Avg_Loss_G: 4663.3460 | Total_Iter: 20850
[6950/10001] End of Epoch | Avg_Loss_D: -5.2152 | Avg_Loss_G: 4664.6756 | Total_Iter: 20853
[6951/10001] End of Epoch | Avg_Loss_D: -29.4216 | Avg_Loss_G: 4666.2746 | Total_Iter: 20856
[6952/10001] End of Epoch | Avg_Loss_D: -28.6114 | Avg_Loss_G: 4665.0222 | Total_Iter: 20859
[6953/10001] End of Epoch | Avg_Loss_D: -10.9684 | Avg_Loss_G: 4663.5181 | Total_Iter: 20862
[6954/10001] End of Epoch | Avg_Loss_D: -22.9931 | Avg_Loss_G: 4667.9494 | Total_Iter: 20865
[6955/10001] End of Epoch | Avg_Loss_D: -12.2731 | Avg_Loss_G: 4665.2560 | Total_Iter: 20868
[6956/10001] End of Epoch | Avg_Loss_D: -7.0432 | Avg_Loss_G: 4675.0627 | Total_Iter: 20871
[6957/10001] End of Epoch | Avg_Loss_D: -12.6806 | Avg_Loss_G: 4662.1061 | Total_Iter: 20874
[6958/10001] End of Epoch | Avg_Loss_D: -24.9028 | Avg_Loss_G: 4667.7670 | Total_Iter: 20877
[6959/10001] End of Epoch | Avg_Loss_D: -9.8555 | Avg_Loss_G: 4672.5004 | Total_Iter: 20880
[6960/10001] End of Epoch | Avg_Loss_D: -16.1409 | Avg_Loss_G: 4665.6574 | Total_Iter: 20883
[6961/10001] End of Epoch | Avg_Loss_D: -4.9185 | Avg_Loss_G: 4664.7285 | Total_Iter: 20886
[6962/10001] End of Epoch | Avg_Loss_D: -36.9786 | Avg_Loss_G: 4663.7484 | Total_Iter: 20889
[6963/10001] End of Epoch | Avg_Loss_D: -23.9464 | Avg_Loss_G: 4671.5536 | Total_Iter: 20892
[6964/10001] End of Epoch | Avg_Loss_D: -42.9378 | Avg_Loss_G: 4674.8687 | Total_Iter: 20895
[6965/10001] End of Epoch | Avg_Loss_D: -27.7509 | Avg_Loss_G: 4659.7153 | Total_Iter: 20898
[6966/10001] End of Epoch | Avg_Loss_D: -20.0706 | Avg_Loss_G: 4670.9255 | Total_Iter: 20901
[6967/10001] End of Epoch | Avg_Loss_D: 0.8519 | Avg_Loss_G: 4661.3452 | Total_Iter: 20904
[6968/10001] End of Epoch | Avg_Loss_D: -6.2474 | Avg_Loss_G: 4663.8253 | Total_Iter: 20907
[6969/10001] End of Epoch | Avg_Loss_D: -25.9105 | Avg_Loss_G: 4663.0397 | Total_Iter: 20910
[6970/10001] End of Epoch | Avg_Loss_D: -30.0117 | Avg_Loss_G: 4663.7370 | Total_Iter: 20913
[6971/10001] End of Epoch | Avg_Loss_D: -42.2956 | Avg_Loss_G: 4671.7340 | Total_Iter: 20916
[6972/10001] End of Epoch | Avg_Loss_D: -11.5526 | Avg_Loss_G: 4655.0724 | Total_Iter: 20919
[6973/10001] End of Epoch | Avg_Loss_D: -21.8486 | Avg_Loss_G: 4670.3276 | Total_Iter: 20922
[6974/10001] End of Epoch | Avg_Loss_D: -31.9691 | Avg_Loss_G: 4638.4417 | Total_Iter: 20925
[6975/10001] End of Epoch | Avg_Loss_D: -16.2275 | Avg_Loss_G: 4662.4544 | Total_Iter: 20928
[6976/10001] End of Epoch | Avg_Loss_D: -62.1699 | Avg_Loss_G: 4666.1438 | Total_Iter: 20931
[6977/10001] End of Epoch | Avg_Loss_D: -20.3139 | Avg_Loss_G: 4652.3113 | Total_Iter: 20934
[6978/10001] End of Epoch | Avg_Loss_D: -20.3807 | Avg_Loss_G: 4666.1095 | Total_Iter: 20937
[6979/10001] End of Epoch | Avg_Loss_D: -11.3334 | Avg_Loss_G: 4650.1630 | Total_Iter: 20940
[6980/10001] End of Epoch | Avg_Loss_D: -46.2834 | Avg_Loss_G: 4663.1975 | Total_Iter: 20943
[6981/10001] End of Epoch | Avg_Loss_D: -18.6260 | Avg_Loss_G: 4674.9885 | Total_Iter: 20946
[6982/10001] End of Epoch | Avg_Loss_D: -33.1642 | Avg_Loss_G: 4664.9412 | Total_Iter: 20949
[6983/10001] End of Epoch | Avg_Loss_D: -26.3249 | Avg_Loss_G: 4675.5981 | Total_Iter: 20952
[6984/10001] End of Epoch | Avg_Loss_D: -13.7793 | Avg_Loss_G: 4671.0511 | Total_Iter: 20955
[6985/10001] End of Epoch | Avg_Loss_D: -17.9358 | Avg_Loss_G: 4676.0872 | Total_Iter: 20958
[6986/10001] End of Epoch | Avg_Loss_D: -11.4534 | Avg_Loss_G: 4673.5704 | Total_Iter: 20961
[6987/10001] End of Epoch | Avg_Loss_D: -26.0615 | Avg_Loss_G: 4675.4714 | Total_Iter: 20964
[6988/10001] End of Epoch | Avg_Loss_D: -15.5682 | Avg_Loss_G: 4677.8385 | Total_Iter: 20967
[6989/10001] End of Epoch | Avg_Loss_D: -41.4749 | Avg_Loss_G: 4670.1528 | Total_Iter: 20970
[6990/10001] End of Epoch | Avg_Loss_D: -12.6480 | Avg_Loss_G: 4677.0088 | Total_Iter: 20973
[6991/10001] End of Epoch | Avg_Loss_D: -28.5764 | Avg_Loss_G: 4667.7006 | Total_Iter: 20976
[6992/10001] End of Epoch | Avg_Loss_D: -28.5085 | Avg_Loss_G: 4670.0085 | Total_Iter: 20979
[6993/10001] End of Epoch | Avg_Loss_D: -32.4607 | Avg_Loss_G: 4650.4116 | Total_Iter: 20982
[6994/10001] End of Epoch | Avg_Loss_D: -7.3885 | Avg_Loss_G: 4677.6247 | Total_Iter: 20985
[6995/10001] End of Epoch | Avg_Loss_D: -37.2833 | Avg_Loss_G: 4662.7010 | Total_Iter: 20988
[6996/10001] End of Epoch | Avg_Loss_D: -7.0098 | Avg_Loss_G: 4669.5003 | Total_Iter: 20991
[6997/10001] End of Epoch | Avg_Loss_D: -8.1859 | Avg_Loss_G: 4674.7030 | Total_Iter: 20994
[6998/10001] End of Epoch | Avg_Loss_D: -63.3330 | Avg_Loss_G: 4666.8672 | Total_Iter: 20997
[6999/10001] End of Epoch | Avg_Loss_D: -40.6309 | Avg_Loss_G: 4673.9484 | Total_Iter: 21000
[7000/10001] End of Epoch | Avg_Loss_D: -31.0939 | Avg_Loss_G: 4682.8451 | Total_Iter: 21003
[7001/10001] End of Epoch | Avg_Loss_D: -23.8133 | Avg_Loss_G: 4672.3988 | Total_Iter: 21006
[7002/10001] End of Epoch | Avg_Loss_D: -67.6325 | Avg_Loss_G: 4673.6432 | Total_Iter: 21009
[7003/10001] End of Epoch | Avg_Loss_D: 0.0940 | Avg_Loss_G: 4677.9898 | Total_Iter: 21012
[7004/10001] End of Epoch | Avg_Loss_D: -14.1924 | Avg_Loss_G: 4672.2578 | Total_Iter: 21015
[7005/10001] End of Epoch | Avg_Loss_D: -8.0335 | Avg_Loss_G: 4657.3444 | Total_Iter: 21018
[7006/10001] End of Epoch | Avg_Loss_D: -29.2022 | Avg_Loss_G: 4667.5307 | Total_Iter: 21021
[7007/10001] End of Epoch | Avg_Loss_D: -25.9816 | Avg_Loss_G: 4673.6314 | Total_Iter: 21024
[7008/10001] End of Epoch | Avg_Loss_D: -38.3777 | Avg_Loss_G: 4675.6251 | Total_Iter: 21027
[7009/10001] End of Epoch | Avg_Loss_D: -38.1772 | Avg_Loss_G: 4654.9025 | Total_Iter: 21030
[7010/10001] End of Epoch | Avg_Loss_D: -21.0953 | Avg_Loss_G: 4676.6845 | Total_Iter: 21033
[7011/10001] End of Epoch | Avg_Loss_D: -38.1853 | Avg_Loss_G: 4676.0052 | Total_Iter: 21036
[7012/10001] End of Epoch | Avg_Loss_D: -56.4052 | Avg_Loss_G: 4672.6000 | Total_Iter: 21039
[7013/10001] End of Epoch | Avg_Loss_D: -83.4902 | Avg_Loss_G: 4665.1337 | Total_Iter: 21042
[7014/10001] End of Epoch | Avg_Loss_D: -0.6420 | Avg_Loss_G: 4679.0871 | Total_Iter: 21045
[7015/10001] End of Epoch | Avg_Loss_D: -24.1863 | Avg_Loss_G: 4686.6342 | Total_Iter: 21048
[7016/10001] End of Epoch | Avg_Loss_D: -41.0116 | Avg_Loss_G: 4683.0220 | Total_Iter: 21051
[7017/10001] End of Epoch | Avg_Loss_D: -24.7799 | Avg_Loss_G: 4682.2387 | Total_Iter: 21054
[7018/10001] End of Epoch | Avg_Loss_D: -44.8811 | Avg_Loss_G: 4681.7205 | Total_Iter: 21057
[7019/10001] End of Epoch | Avg_Loss_D: 1.4216 | Avg_Loss_G: 4688.2307 | Total_Iter: 21060
[7020/10001] End of Epoch | Avg_Loss_D: -76.7364 | Avg_Loss_G: 4680.9108 | Total_Iter: 21063
[7021/10001] End of Epoch | Avg_Loss_D: -47.7139 | Avg_Loss_G: 4658.7229 | Total_Iter: 21066
[7022/10001] End of Epoch | Avg_Loss_D: -38.0637 | Avg_Loss_G: 4670.8842 | Total_Iter: 21069
[7023/10001] End of Epoch | Avg_Loss_D: -19.1958 | Avg_Loss_G: 4683.5799 | Total_Iter: 21072
[7024/10001] End of Epoch | Avg_Loss_D: 5.9747 | Avg_Loss_G: 4690.4594 | Total_Iter: 21075
[7025/10001] End of Epoch | Avg_Loss_D: -26.1348 | Avg_Loss_G: 4668.7643 | Total_Iter: 21078
[7026/10001] End of Epoch | Avg_Loss_D: -47.7776 | Avg_Loss_G: 4681.6347 | Total_Iter: 21081
[7027/10001] End of Epoch | Avg_Loss_D: -30.3846 | Avg_Loss_G: 4684.3239 | Total_Iter: 21084
[7028/10001] End of Epoch | Avg_Loss_D: -38.3665 | Avg_Loss_G: 4678.2622 | Total_Iter: 21087
[7029/10001] End of Epoch | Avg_Loss_D: 0.6013 | Avg_Loss_G: 4684.9499 | Total_Iter: 21090
[7030/10001] End of Epoch | Avg_Loss_D: -76.5369 | Avg_Loss_G: 4668.3265 | Total_Iter: 21093
[7031/10001] End of Epoch | Avg_Loss_D: -48.8629 | Avg_Loss_G: 4684.3818 | Total_Iter: 21096
[7032/10001] End of Epoch | Avg_Loss_D: -3.3156 | Avg_Loss_G: 4700.7866 | Total_Iter: 21099
[7033/10001] End of Epoch | Avg_Loss_D: -21.2740 | Avg_Loss_G: 4694.5813 | Total_Iter: 21102
[7034/10001] End of Epoch | Avg_Loss_D: -38.3274 | Avg_Loss_G: 4695.1462 | Total_Iter: 21105
[7035/10001] End of Epoch | Avg_Loss_D: -52.2804 | Avg_Loss_G: 4688.7692 | Total_Iter: 21108
[7036/10001] End of Epoch | Avg_Loss_D: -64.0575 | Avg_Loss_G: 4678.5105 | Total_Iter: 21111
[7037/10001] End of Epoch | Avg_Loss_D: -24.7050 | Avg_Loss_G: 4674.1117 | Total_Iter: 21114
[7038/10001] End of Epoch | Avg_Loss_D: -31.7055 | Avg_Loss_G: 4670.8832 | Total_Iter: 21117
[7039/10001] End of Epoch | Avg_Loss_D: -37.1915 | Avg_Loss_G: 4682.1463 | Total_Iter: 21120
[7040/10001] End of Epoch | Avg_Loss_D: -73.8796 | Avg_Loss_G: 4692.0438 | Total_Iter: 21123
[7041/10001] End of Epoch | Avg_Loss_D: -40.2080 | Avg_Loss_G: 4700.7115 | Total_Iter: 21126
[7042/10001] End of Epoch | Avg_Loss_D: -52.5142 | Avg_Loss_G: 4702.3036 | Total_Iter: 21129
[7043/10001] End of Epoch | Avg_Loss_D: -28.6522 | Avg_Loss_G: 4680.7955 | Total_Iter: 21132
[7044/10001] End of Epoch | Avg_Loss_D: -7.5951 | Avg_Loss_G: 4678.5878 | Total_Iter: 21135
[7045/10001] End of Epoch | Avg_Loss_D: -24.8883 | Avg_Loss_G: 4690.4983 | Total_Iter: 21138
[7046/10001] End of Epoch | Avg_Loss_D: -24.1170 | Avg_Loss_G: 4695.0085 | Total_Iter: 21141
[7047/10001] End of Epoch | Avg_Loss_D: -39.0512 | Avg_Loss_G: 4664.8469 | Total_Iter: 21144
[7048/10001] End of Epoch | Avg_Loss_D: -67.3884 | Avg_Loss_G: 4702.6192 | Total_Iter: 21147
[7049/10001] End of Epoch | Avg_Loss_D: -84.2645 | Avg_Loss_G: 4694.2567 | Total_Iter: 21150
[7050/10001] End of Epoch | Avg_Loss_D: -7.3960 | Avg_Loss_G: 4707.7770 | Total_Iter: 21153
[7051/10001] End of Epoch | Avg_Loss_D: -41.1453 | Avg_Loss_G: 4690.5374 | Total_Iter: 21156
[7052/10001] End of Epoch | Avg_Loss_D: -45.0744 | Avg_Loss_G: 4676.3321 | Total_Iter: 21159
[7053/10001] End of Epoch | Avg_Loss_D: -134.2186 | Avg_Loss_G: 4664.4652 | Total_Iter: 21162
[7054/10001] End of Epoch | Avg_Loss_D: -26.7161 | Avg_Loss_G: 4690.2741 | Total_Iter: 21165
[7055/10001] End of Epoch | Avg_Loss_D: -67.3842 | Avg_Loss_G: 4706.5641 | Total_Iter: 21168
[7056/10001] End of Epoch | Avg_Loss_D: -96.6123 | Avg_Loss_G: 4682.1619 | Total_Iter: 21171
[7057/10001] End of Epoch | Avg_Loss_D: -197.8465 | Avg_Loss_G: 4664.1015 | Total_Iter: 21174
[7058/10001] End of Epoch | Avg_Loss_D: -136.4637 | Avg_Loss_G: 4706.1139 | Total_Iter: 21177
[7059/10001] End of Epoch | Avg_Loss_D: -48.1177 | Avg_Loss_G: 4693.4766 | Total_Iter: 21180
[7060/10001] End of Epoch | Avg_Loss_D: -4.7200 | Avg_Loss_G: 4684.6305 | Total_Iter: 21183
[7061/10001] End of Epoch | Avg_Loss_D: -105.1504 | Avg_Loss_G: 4720.2751 | Total_Iter: 21186
[7062/10001] End of Epoch | Avg_Loss_D: -50.2802 | Avg_Loss_G: 4701.1347 | Total_Iter: 21189
[7063/10001] End of Epoch | Avg_Loss_D: -78.4672 | Avg_Loss_G: 4697.3779 | Total_Iter: 21192
[7064/10001] End of Epoch | Avg_Loss_D: -75.7059 | Avg_Loss_G: 4699.1284 | Total_Iter: 21195
[7065/10001] End of Epoch | Avg_Loss_D: -27.8671 | Avg_Loss_G: 4651.4118 | Total_Iter: 21198
[7066/10001] End of Epoch | Avg_Loss_D: -162.5199 | Avg_Loss_G: 4703.5572 | Total_Iter: 21201
[7067/10001] End of Epoch | Avg_Loss_D: -144.2120 | Avg_Loss_G: 4720.6557 | Total_Iter: 21204
[7068/10001] End of Epoch | Avg_Loss_D: -67.1836 | Avg_Loss_G: 4706.1117 | Total_Iter: 21207
[7069/10001] End of Epoch | Avg_Loss_D: -18.9362 | Avg_Loss_G: 4689.4962 | Total_Iter: 21210
[7070/10001] End of Epoch | Avg_Loss_D: -9.6982 | Avg_Loss_G: 4706.6785 | Total_Iter: 21213
[7071/10001] End of Epoch | Avg_Loss_D: -26.8246 | Avg_Loss_G: 4724.1517 | Total_Iter: 21216
[7072/10001] End of Epoch | Avg_Loss_D: -18.1176 | Avg_Loss_G: 4692.1642 | Total_Iter: 21219
[7073/10001] End of Epoch | Avg_Loss_D: 26.2535 | Avg_Loss_G: 4730.6394 | Total_Iter: 21222
[7074/10001] End of Epoch | Avg_Loss_D: -52.4653 | Avg_Loss_G: 4693.8830 | Total_Iter: 21225
[7075/10001] End of Epoch | Avg_Loss_D: -0.5346 | Avg_Loss_G: 4688.0944 | Total_Iter: 21228
[7076/10001] End of Epoch | Avg_Loss_D: -35.6405 | Avg_Loss_G: 4684.3136 | Total_Iter: 21231
[7077/10001] End of Epoch | Avg_Loss_D: -11.3511 | Avg_Loss_G: 4677.7076 | Total_Iter: 21234
[7078/10001] End of Epoch | Avg_Loss_D: -14.5235 | Avg_Loss_G: 4692.2352 | Total_Iter: 21237
[7079/10001] End of Epoch | Avg_Loss_D: -61.8508 | Avg_Loss_G: 4654.7626 | Total_Iter: 21240
[7080/10001] End of Epoch | Avg_Loss_D: -57.9230 | Avg_Loss_G: 4712.5470 | Total_Iter: 21243
[7081/10001] End of Epoch | Avg_Loss_D: -80.4614 | Avg_Loss_G: 4701.7342 | Total_Iter: 21246
[7082/10001] End of Epoch | Avg_Loss_D: -46.9825 | Avg_Loss_G: 4738.3036 | Total_Iter: 21249
[7083/10001] End of Epoch | Avg_Loss_D: -61.1442 | Avg_Loss_G: 4712.2689 | Total_Iter: 21252
[7084/10001] End of Epoch | Avg_Loss_D: 10.8435 | Avg_Loss_G: 4745.3247 | Total_Iter: 21255
[7085/10001] End of Epoch | Avg_Loss_D: -84.4642 | Avg_Loss_G: 4714.4259 | Total_Iter: 21258
[7086/10001] End of Epoch | Avg_Loss_D: -12.0382 | Avg_Loss_G: 4753.1619 | Total_Iter: 21261
[7087/10001] End of Epoch | Avg_Loss_D: -60.1762 | Avg_Loss_G: 4742.8570 | Total_Iter: 21264
[7088/10001] End of Epoch | Avg_Loss_D: -73.9630 | Avg_Loss_G: 4730.0679 | Total_Iter: 21267
[7089/10001] End of Epoch | Avg_Loss_D: -215.0259 | Avg_Loss_G: 4756.0618 | Total_Iter: 21270
[7090/10001] End of Epoch | Avg_Loss_D: -112.5940 | Avg_Loss_G: 4692.2188 | Total_Iter: 21273
[7091/10001] End of Epoch | Avg_Loss_D: 123.4533 | Avg_Loss_G: 4734.3008 | Total_Iter: 21276
[7092/10001] End of Epoch | Avg_Loss_D: -91.5715 | Avg_Loss_G: 4719.3242 | Total_Iter: 21279
[7093/10001] End of Epoch | Avg_Loss_D: -79.5239 | Avg_Loss_G: 4732.3403 | Total_Iter: 21282
[7094/10001] End of Epoch | Avg_Loss_D: -45.7985 | Avg_Loss_G: 4750.8145 | Total_Iter: 21285
[7095/10001] End of Epoch | Avg_Loss_D: -107.7395 | Avg_Loss_G: 4718.1730 | Total_Iter: 21288
[7096/10001] End of Epoch | Avg_Loss_D: -34.3373 | Avg_Loss_G: 4682.7174 | Total_Iter: 21291
[7097/10001] End of Epoch | Avg_Loss_D: -185.4118 | Avg_Loss_G: 4757.9653 | Total_Iter: 21294
[7098/10001] End of Epoch | Avg_Loss_D: -3.0294 | Avg_Loss_G: 4706.0633 | Total_Iter: 21297
[7099/10001] End of Epoch | Avg_Loss_D: -102.1395 | Avg_Loss_G: 4756.6020 | Total_Iter: 21300
[7100/10001] End of Epoch | Avg_Loss_D: -43.6395 | Avg_Loss_G: 4744.2799 | Total_Iter: 21303
[7101/10001] End of Epoch | Avg_Loss_D: -74.5249 | Avg_Loss_G: 4749.5064 | Total_Iter: 21306
[7102/10001] End of Epoch | Avg_Loss_D: -103.2947 | Avg_Loss_G: 4755.7039 | Total_Iter: 21309
[7103/10001] End of Epoch | Avg_Loss_D: 7.5141 | Avg_Loss_G: 4742.8018 | Total_Iter: 21312
[7104/10001] End of Epoch | Avg_Loss_D: -1.1524 | Avg_Loss_G: 4716.7470 | Total_Iter: 21315
[7105/10001] End of Epoch | Avg_Loss_D: -56.0268 | Avg_Loss_G: 4740.8328 | Total_Iter: 21318
[7106/10001] End of Epoch | Avg_Loss_D: -82.4861 | Avg_Loss_G: 4717.0521 | Total_Iter: 21321
[7107/10001] End of Epoch | Avg_Loss_D: -78.7378 | Avg_Loss_G: 4743.3172 | Total_Iter: 21324
[7108/10001] End of Epoch | Avg_Loss_D: -73.9235 | Avg_Loss_G: 4744.9660 | Total_Iter: 21327
[7109/10001] End of Epoch | Avg_Loss_D: -129.0260 | Avg_Loss_G: 4720.5454 | Total_Iter: 21330
[7110/10001] End of Epoch | Avg_Loss_D: -97.3606 | Avg_Loss_G: 4674.0787 | Total_Iter: 21333
[7111/10001] End of Epoch | Avg_Loss_D: -30.2174 | Avg_Loss_G: 4704.8624 | Total_Iter: 21336
[7112/10001] End of Epoch | Avg_Loss_D: -56.5683 | Avg_Loss_G: 4742.1220 | Total_Iter: 21339
[7113/10001] End of Epoch | Avg_Loss_D: -203.8989 | Avg_Loss_G: 4753.3993 | Total_Iter: 21342
[7114/10001] End of Epoch | Avg_Loss_D: -143.7004 | Avg_Loss_G: 4700.5264 | Total_Iter: 21345
[7115/10001] End of Epoch | Avg_Loss_D: -197.5604 | Avg_Loss_G: 4736.4014 | Total_Iter: 21348
[7116/10001] End of Epoch | Avg_Loss_D: 24.5252 | Avg_Loss_G: 4693.1658 | Total_Iter: 21351
[7117/10001] End of Epoch | Avg_Loss_D: -98.4095 | Avg_Loss_G: 4724.9490 | Total_Iter: 21354
[7118/10001] End of Epoch | Avg_Loss_D: -248.5476 | Avg_Loss_G: 4454.4309 | Total_Iter: 21357
[7119/10001] End of Epoch | Avg_Loss_D: -112.7713 | Avg_Loss_G: 4783.8167 | Total_Iter: 21360
[7120/10001] End of Epoch | Avg_Loss_D: -69.6830 | Avg_Loss_G: 4562.4543 | Total_Iter: 21363
[7121/10001] End of Epoch | Avg_Loss_D: -63.9885 | Avg_Loss_G: 4774.5150 | Total_Iter: 21366
[7122/10001] End of Epoch | Avg_Loss_D: -110.8738 | Avg_Loss_G: 4746.6381 | Total_Iter: 21369
[7123/10001] End of Epoch | Avg_Loss_D: -39.3795 | Avg_Loss_G: 4665.2939 | Total_Iter: 21372
[7124/10001] End of Epoch | Avg_Loss_D: -206.9520 | Avg_Loss_G: 4659.3957 | Total_Iter: 21375
[7125/10001] End of Epoch | Avg_Loss_D: -128.7663 | Avg_Loss_G: 4698.1578 | Total_Iter: 21378
[7126/10001] End of Epoch | Avg_Loss_D: 14.1385 | Avg_Loss_G: 4697.2625 | Total_Iter: 21381
[7127/10001] End of Epoch | Avg_Loss_D: -111.9930 | Avg_Loss_G: 4742.0794 | Total_Iter: 21384
[7128/10001] End of Epoch | Avg_Loss_D: -119.2638 | Avg_Loss_G: 4793.8768 | Total_Iter: 21387
[7129/10001] End of Epoch | Avg_Loss_D: -18.2883 | Avg_Loss_G: 4777.4238 | Total_Iter: 21390
[7130/10001] End of Epoch | Avg_Loss_D: -202.9711 | Avg_Loss_G: 4797.8066 | Total_Iter: 21393
[7131/10001] End of Epoch | Avg_Loss_D: -135.0846 | Avg_Loss_G: 4772.0701 | Total_Iter: 21396
[7132/10001] End of Epoch | Avg_Loss_D: -89.2808 | Avg_Loss_G: 4848.2402 | Total_Iter: 21399
[7133/10001] End of Epoch | Avg_Loss_D: -32.8990 | Avg_Loss_G: 4849.6309 | Total_Iter: 21402
[7134/10001] End of Epoch | Avg_Loss_D: -151.2066 | Avg_Loss_G: 4833.9047 | Total_Iter: 21405
[7135/10001] End of Epoch | Avg_Loss_D: -32.9123 | Avg_Loss_G: 4818.3983 | Total_Iter: 21408
[7136/10001] End of Epoch | Avg_Loss_D: -140.4955 | Avg_Loss_G: 4813.2903 | Total_Iter: 21411
[7137/10001] End of Epoch | Avg_Loss_D: 28.9971 | Avg_Loss_G: 4773.2235 | Total_Iter: 21414
[7138/10001] End of Epoch | Avg_Loss_D: -39.7465 | Avg_Loss_G: 4784.9927 | Total_Iter: 21417
[7139/10001] End of Epoch | Avg_Loss_D: -107.6501 | Avg_Loss_G: 4772.1380 | Total_Iter: 21420
[7140/10001] End of Epoch | Avg_Loss_D: -204.7047 | Avg_Loss_G: 4863.8856 | Total_Iter: 21423
[7141/10001] End of Epoch | Avg_Loss_D: -183.3731 | Avg_Loss_G: 4697.7985 | Total_Iter: 21426
[7142/10001] End of Epoch | Avg_Loss_D: -59.0140 | Avg_Loss_G: 4646.9610 | Total_Iter: 21429
[7143/10001] End of Epoch | Avg_Loss_D: -358.2964 | Avg_Loss_G: 4811.5510 | Total_Iter: 21432
[7144/10001] End of Epoch | Avg_Loss_D: -97.6351 | Avg_Loss_G: 4715.9989 | Total_Iter: 21435
[7145/10001] End of Epoch | Avg_Loss_D: -69.6424 | Avg_Loss_G: 4791.4104 | Total_Iter: 21438
[7146/10001] End of Epoch | Avg_Loss_D: -117.5992 | Avg_Loss_G: 4797.5920 | Total_Iter: 21441
[7147/10001] End of Epoch | Avg_Loss_D: -109.6564 | Avg_Loss_G: 4772.5767 | Total_Iter: 21444
[7148/10001] End of Epoch | Avg_Loss_D: -404.2764 | Avg_Loss_G: 4781.9066 | Total_Iter: 21447
[7149/10001] End of Epoch | Avg_Loss_D: -58.2229 | Avg_Loss_G: 4838.3523 | Total_Iter: 21450
[7150/10001] End of Epoch | Avg_Loss_D: 80.1633 | Avg_Loss_G: 4753.4285 | Total_Iter: 21453
[7151/10001] End of Epoch | Avg_Loss_D: -263.6419 | Avg_Loss_G: 4723.6976 | Total_Iter: 21456
[7152/10001] End of Epoch | Avg_Loss_D: 17.8363 | Avg_Loss_G: 4749.5357 | Total_Iter: 21459
[7153/10001] End of Epoch | Avg_Loss_D: 49.9698 | Avg_Loss_G: 4675.6896 | Total_Iter: 21462
[7154/10001] End of Epoch | Avg_Loss_D: -7.6416 | Avg_Loss_G: 4714.3919 | Total_Iter: 21465
[7155/10001] End of Epoch | Avg_Loss_D: 12.8786 | Avg_Loss_G: 4689.4890 | Total_Iter: 21468
[7156/10001] End of Epoch | Avg_Loss_D: -4.2192 | Avg_Loss_G: 4688.0539 | Total_Iter: 21471
[7157/10001] End of Epoch | Avg_Loss_D: -39.4717 | Avg_Loss_G: 4695.6953 | Total_Iter: 21474
[7158/10001] End of Epoch | Avg_Loss_D: -25.4250 | Avg_Loss_G: 4692.2385 | Total_Iter: 21477
[7159/10001] End of Epoch | Avg_Loss_D: -65.6283 | Avg_Loss_G: 4673.8124 | Total_Iter: 21480
[7160/10001] End of Epoch | Avg_Loss_D: -86.9434 | Avg_Loss_G: 4718.5956 | Total_Iter: 21483
[7161/10001] End of Epoch | Avg_Loss_D: -5.4897 | Avg_Loss_G: 4699.4893 | Total_Iter: 21486
[7162/10001] End of Epoch | Avg_Loss_D: -177.2571 | Avg_Loss_G: 4750.5532 | Total_Iter: 21489
[7163/10001] End of Epoch | Avg_Loss_D: -25.4891 | Avg_Loss_G: 4608.8031 | Total_Iter: 21492
[7164/10001] End of Epoch | Avg_Loss_D: -51.7707 | Avg_Loss_G: 4793.6488 | Total_Iter: 21495
[7165/10001] End of Epoch | Avg_Loss_D: -30.9264 | Avg_Loss_G: 4779.5707 | Total_Iter: 21498
[7166/10001] End of Epoch | Avg_Loss_D: -127.8876 | Avg_Loss_G: 4768.0447 | Total_Iter: 21501
[7167/10001] End of Epoch | Avg_Loss_D: -51.7715 | Avg_Loss_G: 4807.7372 | Total_Iter: 21504
[7168/10001] End of Epoch | Avg_Loss_D: -158.8507 | Avg_Loss_G: 4817.6396 | Total_Iter: 21507
[7169/10001] End of Epoch | Avg_Loss_D: -31.9770 | Avg_Loss_G: 4856.3947 | Total_Iter: 21510
[7170/10001] End of Epoch | Avg_Loss_D: -169.4714 | Avg_Loss_G: 4790.1923 | Total_Iter: 21513
[7171/10001] End of Epoch | Avg_Loss_D: -161.7584 | Avg_Loss_G: 4820.3094 | Total_Iter: 21516
[7172/10001] End of Epoch | Avg_Loss_D: 4.3075 | Avg_Loss_G: 4846.4069 | Total_Iter: 21519
[7173/10001] End of Epoch | Avg_Loss_D: -266.1413 | Avg_Loss_G: 4800.4829 | Total_Iter: 21522
[7174/10001] End of Epoch | Avg_Loss_D: -214.2864 | Avg_Loss_G: 4632.7758 | Total_Iter: 21525
[7175/10001] End of Epoch | Avg_Loss_D: -213.6294 | Avg_Loss_G: 4863.0882 | Total_Iter: 21528
[7176/10001] End of Epoch | Avg_Loss_D: -55.7041 | Avg_Loss_G: 4753.8360 | Total_Iter: 21531
[7177/10001] End of Epoch | Avg_Loss_D: 17.4165 | Avg_Loss_G: 4873.5393 | Total_Iter: 21534
[7178/10001] End of Epoch | Avg_Loss_D: 58.6368 | Avg_Loss_G: 4891.9041 | Total_Iter: 21537
[7179/10001] End of Epoch | Avg_Loss_D: -91.6124 | Avg_Loss_G: 4868.6148 | Total_Iter: 21540
[7180/10001] End of Epoch | Avg_Loss_D: 110.5440 | Avg_Loss_G: 4869.5124 | Total_Iter: 21543
[7181/10001] End of Epoch | Avg_Loss_D: -209.0838 | Avg_Loss_G: 4869.4302 | Total_Iter: 21546
[7182/10001] End of Epoch | Avg_Loss_D: -215.5597 | Avg_Loss_G: 4910.4456 | Total_Iter: 21549
[7183/10001] End of Epoch | Avg_Loss_D: -122.1259 | Avg_Loss_G: 4790.7733 | Total_Iter: 21552
[7184/10001] End of Epoch | Avg_Loss_D: -375.4669 | Avg_Loss_G: 4746.8105 | Total_Iter: 21555
[7185/10001] End of Epoch | Avg_Loss_D: -174.4597 | Avg_Loss_G: 4885.7474 | Total_Iter: 21558
[7186/10001] End of Epoch | Avg_Loss_D: -437.1851 | Avg_Loss_G: 4848.8238 | Total_Iter: 21561
[7187/10001] End of Epoch | Avg_Loss_D: -291.4673 | Avg_Loss_G: 4595.1860 | Total_Iter: 21564
[7188/10001] End of Epoch | Avg_Loss_D: -109.0611 | Avg_Loss_G: 4467.9973 | Total_Iter: 21567
[7189/10001] End of Epoch | Avg_Loss_D: -14.1760 | Avg_Loss_G: 4624.4789 | Total_Iter: 21570
[7190/10001] End of Epoch | Avg_Loss_D: -224.3401 | Avg_Loss_G: 4782.9110 | Total_Iter: 21573
[7191/10001] End of Epoch | Avg_Loss_D: -75.4058 | Avg_Loss_G: 4826.2061 | Total_Iter: 21576
[7192/10001] End of Epoch | Avg_Loss_D: -232.7649 | Avg_Loss_G: 4818.6162 | Total_Iter: 21579
[7193/10001] End of Epoch | Avg_Loss_D: -44.5349 | Avg_Loss_G: 4800.8429 | Total_Iter: 21582
[7194/10001] End of Epoch | Avg_Loss_D: -181.9474 | Avg_Loss_G: 4812.1229 | Total_Iter: 21585
[7195/10001] End of Epoch | Avg_Loss_D: 117.0763 | Avg_Loss_G: 4906.4195 | Total_Iter: 21588
[7196/10001] End of Epoch | Avg_Loss_D: -251.7878 | Avg_Loss_G: 4741.8111 | Total_Iter: 21591
[7197/10001] End of Epoch | Avg_Loss_D: -389.2432 | Avg_Loss_G: 4856.9265 | Total_Iter: 21594
[7198/10001] End of Epoch | Avg_Loss_D: -133.5220 | Avg_Loss_G: 4843.7754 | Total_Iter: 21597
[7199/10001] End of Epoch | Avg_Loss_D: -436.2597 | Avg_Loss_G: 4761.0110 | Total_Iter: 21600
[7200/10001] End of Epoch | Avg_Loss_D: -123.7409 | Avg_Loss_G: 4798.7673 | Total_Iter: 21603
[7201/10001] End of Epoch | Avg_Loss_D: -723.6380 | Avg_Loss_G: 4689.7609 | Total_Iter: 21606
[7202/10001] End of Epoch | Avg_Loss_D: -230.4218 | Avg_Loss_G: 4231.3692 | Total_Iter: 21609
[7203/10001] End of Epoch | Avg_Loss_D: -85.6766 | Avg_Loss_G: 4737.6950 | Total_Iter: 21612
[7204/10001] End of Epoch | Avg_Loss_D: -55.3625 | Avg_Loss_G: 4831.9805 | Total_Iter: 21615
[7205/10001] End of Epoch | Avg_Loss_D: -363.1483 | Avg_Loss_G: 4724.3726 | Total_Iter: 21618
[7206/10001] End of Epoch | Avg_Loss_D: -141.3554 | Avg_Loss_G: 4754.6402 | Total_Iter: 21621
[7207/10001] End of Epoch | Avg_Loss_D: -233.6254 | Avg_Loss_G: 4717.5319 | Total_Iter: 21624
[7208/10001] End of Epoch | Avg_Loss_D: 391.4651 | Avg_Loss_G: 4850.8478 | Total_Iter: 21627
[7209/10001] End of Epoch | Avg_Loss_D: -196.0585 | Avg_Loss_G: 4857.4670 | Total_Iter: 21630
[7210/10001] End of Epoch | Avg_Loss_D: 216.3843 | Avg_Loss_G: 4313.2308 | Total_Iter: 21633
[7211/10001] End of Epoch | Avg_Loss_D: -191.5887 | Avg_Loss_G: 4698.5665 | Total_Iter: 21636
[7212/10001] End of Epoch | Avg_Loss_D: -165.5994 | Avg_Loss_G: 4826.1134 | Total_Iter: 21639
[7213/10001] End of Epoch | Avg_Loss_D: -94.7322 | Avg_Loss_G: 4550.5046 | Total_Iter: 21642
[7214/10001] End of Epoch | Avg_Loss_D: 325.1079 | Avg_Loss_G: 4747.2694 | Total_Iter: 21645
[7215/10001] End of Epoch | Avg_Loss_D: -537.6674 | Avg_Loss_G: 4657.3799 | Total_Iter: 21648
[7216/10001] End of Epoch | Avg_Loss_D: -197.9119 | Avg_Loss_G: 4765.3747 | Total_Iter: 21651
[7217/10001] End of Epoch | Avg_Loss_D: -654.2466 | Avg_Loss_G: 4618.3650 | Total_Iter: 21654
[7218/10001] End of Epoch | Avg_Loss_D: -143.6462 | Avg_Loss_G: 4375.7384 | Total_Iter: 21657
[7219/10001] End of Epoch | Avg_Loss_D: 441.4153 | Avg_Loss_G: 4698.9833 | Total_Iter: 21660
[7220/10001] End of Epoch | Avg_Loss_D: -1109.5350 | Avg_Loss_G: 4588.1733 | Total_Iter: 21663
[7221/10001] End of Epoch | Avg_Loss_D: 2.0830 | Avg_Loss_G: 4507.2602 | Total_Iter: 21666
[7222/10001] End of Epoch | Avg_Loss_D: 18.5492 | Avg_Loss_G: 4581.1657 | Total_Iter: 21669
[7223/10001] End of Epoch | Avg_Loss_D: 210.6972 | Avg_Loss_G: 4617.7232 | Total_Iter: 21672
[7224/10001] End of Epoch | Avg_Loss_D: 106.7416 | Avg_Loss_G: 4638.1203 | Total_Iter: 21675
[7225/10001] End of Epoch | Avg_Loss_D: -179.8005 | Avg_Loss_G: 4643.8937 | Total_Iter: 21678
[7226/10001] End of Epoch | Avg_Loss_D: -33.5053 | Avg_Loss_G: 4604.9087 | Total_Iter: 21681
[7227/10001] End of Epoch | Avg_Loss_D: -99.9335 | Avg_Loss_G: 4616.1325 | Total_Iter: 21684
[7228/10001] End of Epoch | Avg_Loss_D: -240.8452 | Avg_Loss_G: 4596.2718 | Total_Iter: 21687
[7229/10001] End of Epoch | Avg_Loss_D: -501.1157 | Avg_Loss_G: 4577.4890 | Total_Iter: 21690
[7230/10001] End of Epoch | Avg_Loss_D: -403.2818 | Avg_Loss_G: 4551.5237 | Total_Iter: 21693
[7231/10001] End of Epoch | Avg_Loss_D: -158.2916 | Avg_Loss_G: 4537.4589 | Total_Iter: 21696
[7232/10001] End of Epoch | Avg_Loss_D: -218.0554 | Avg_Loss_G: 4686.5175 | Total_Iter: 21699
[7233/10001] End of Epoch | Avg_Loss_D: 172.5877 | Avg_Loss_G: 4646.1037 | Total_Iter: 21702
[7234/10001] End of Epoch | Avg_Loss_D: -461.7469 | Avg_Loss_G: 4714.4691 | Total_Iter: 21705
[7235/10001] End of Epoch | Avg_Loss_D: -68.5417 | Avg_Loss_G: 4715.2271 | Total_Iter: 21708
[7236/10001] End of Epoch | Avg_Loss_D: 76.2485 | Avg_Loss_G: 4660.4210 | Total_Iter: 21711
[7237/10001] End of Epoch | Avg_Loss_D: -209.8952 | Avg_Loss_G: 4610.0881 | Total_Iter: 21714
[7238/10001] End of Epoch | Avg_Loss_D: 10.4791 | Avg_Loss_G: 4607.1021 | Total_Iter: 21717
[7239/10001] End of Epoch | Avg_Loss_D: -50.8882 | Avg_Loss_G: 4763.1405 | Total_Iter: 21720
[7240/10001] End of Epoch | Avg_Loss_D: -225.6956 | Avg_Loss_G: 4781.7216 | Total_Iter: 21723
[7241/10001] End of Epoch | Avg_Loss_D: -7.4114 | Avg_Loss_G: 4755.0592 | Total_Iter: 21726
[7242/10001] End of Epoch | Avg_Loss_D: 59.8184 | Avg_Loss_G: 4718.6933 | Total_Iter: 21729
[7243/10001] End of Epoch | Avg_Loss_D: -344.0318 | Avg_Loss_G: 4605.7391 | Total_Iter: 21732
[7244/10001] End of Epoch | Avg_Loss_D: -120.8188 | Avg_Loss_G: 4602.1401 | Total_Iter: 21735
[7245/10001] End of Epoch | Avg_Loss_D: -481.2814 | Avg_Loss_G: 4786.5964 | Total_Iter: 21738
[7246/10001] End of Epoch | Avg_Loss_D: -457.2995 | Avg_Loss_G: 4542.4983 | Total_Iter: 21741
[7247/10001] End of Epoch | Avg_Loss_D: -150.6353 | Avg_Loss_G: 4705.7763 | Total_Iter: 21744
[7248/10001] End of Epoch | Avg_Loss_D: -453.7795 | Avg_Loss_G: 4504.8108 | Total_Iter: 21747
[7249/10001] End of Epoch | Avg_Loss_D: 306.8493 | Avg_Loss_G: 4817.5783 | Total_Iter: 21750
[7250/10001] End of Epoch | Avg_Loss_D: -195.9165 | Avg_Loss_G: 4723.0485 | Total_Iter: 21753
[7251/10001] End of Epoch | Avg_Loss_D: -1016.7603 | Avg_Loss_G: 4842.2648 | Total_Iter: 21756
[7252/10001] End of Epoch | Avg_Loss_D: -155.6563 | Avg_Loss_G: 4577.7879 | Total_Iter: 21759
[7253/10001] End of Epoch | Avg_Loss_D: -259.6728 | Avg_Loss_G: 4818.6738 | Total_Iter: 21762
[7254/10001] End of Epoch | Avg_Loss_D: -488.2609 | Avg_Loss_G: 4843.3695 | Total_Iter: 21765
[7255/10001] End of Epoch | Avg_Loss_D: 42.8223 | Avg_Loss_G: 4678.1291 | Total_Iter: 21768
[7256/10001] End of Epoch | Avg_Loss_D: -138.6755 | Avg_Loss_G: 4737.5001 | Total_Iter: 21771
[7257/10001] End of Epoch | Avg_Loss_D: -964.1839 | Avg_Loss_G: 4688.0423 | Total_Iter: 21774
[7258/10001] End of Epoch | Avg_Loss_D: -1083.6277 | Avg_Loss_G: 4695.5011 | Total_Iter: 21777
[7259/10001] End of Epoch | Avg_Loss_D: -1234.8828 | Avg_Loss_G: 4633.7410 | Total_Iter: 21780
[7260/10001] End of Epoch | Avg_Loss_D: -501.4494 | Avg_Loss_G: 4555.4014 | Total_Iter: 21783
[7261/10001] End of Epoch | Avg_Loss_D: -482.4863 | Avg_Loss_G: 4637.0068 | Total_Iter: 21786
[7262/10001] End of Epoch | Avg_Loss_D: -1409.6833 | Avg_Loss_G: 4558.6989 | Total_Iter: 21789
[7263/10001] End of Epoch | Avg_Loss_D: -286.7812 | Avg_Loss_G: 4793.2247 | Total_Iter: 21792
[7264/10001] End of Epoch | Avg_Loss_D: -485.9979 | Avg_Loss_G: 4723.8748 | Total_Iter: 21795
[7265/10001] End of Epoch | Avg_Loss_D: -718.1783 | Avg_Loss_G: 4660.4314 | Total_Iter: 21798
[7266/10001] End of Epoch | Avg_Loss_D: -190.0538 | Avg_Loss_G: 4728.7272 | Total_Iter: 21801
[7267/10001] End of Epoch | Avg_Loss_D: -1499.8059 | Avg_Loss_G: 4643.5799 | Total_Iter: 21804
[7268/10001] End of Epoch | Avg_Loss_D: 482.6335 | Avg_Loss_G: 4559.6878 | Total_Iter: 21807
[7269/10001] End of Epoch | Avg_Loss_D: 270.4151 | Avg_Loss_G: 4728.5476 | Total_Iter: 21810
[7270/10001] End of Epoch | Avg_Loss_D: 133.7687 | Avg_Loss_G: 4550.3000 | Total_Iter: 21813
[7271/10001] End of Epoch | Avg_Loss_D: -356.4296 | Avg_Loss_G: 4636.4119 | Total_Iter: 21816
[7272/10001] End of Epoch | Avg_Loss_D: -546.8262 | Avg_Loss_G: 4466.6877 | Total_Iter: 21819
[7273/10001] End of Epoch | Avg_Loss_D: -516.0623 | Avg_Loss_G: 4515.6017 | Total_Iter: 21822
[7274/10001] End of Epoch | Avg_Loss_D: -262.5941 | Avg_Loss_G: 4801.3727 | Total_Iter: 21825
[7275/10001] End of Epoch | Avg_Loss_D: -1383.5075 | Avg_Loss_G: 4617.0859 | Total_Iter: 21828
[7276/10001] End of Epoch | Avg_Loss_D: -544.8867 | Avg_Loss_G: 3796.2566 | Total_Iter: 21831
[7277/10001] End of Epoch | Avg_Loss_D: -2884.3029 | Avg_Loss_G: 4546.7041 | Total_Iter: 21834
[7278/10001] End of Epoch | Avg_Loss_D: -3289.5624 | Avg_Loss_G: 4565.5610 | Total_Iter: 21837
[7279/10001] End of Epoch | Avg_Loss_D: -2233.8469 | Avg_Loss_G: 4211.0145 | Total_Iter: 21840
[7280/10001] End of Epoch | Avg_Loss_D: 69.7941 | Avg_Loss_G: 4430.2607 | Total_Iter: 21843
[7281/10001] End of Epoch | Avg_Loss_D: 37.6356 | Avg_Loss_G: 4459.5736 | Total_Iter: 21846
[7282/10001] End of Epoch | Avg_Loss_D: 26.6192 | Avg_Loss_G: 4496.2893 | Total_Iter: 21849
[7283/10001] End of Epoch | Avg_Loss_D: 104.3778 | Avg_Loss_G: 4531.0827 | Total_Iter: 21852
[7284/10001] End of Epoch | Avg_Loss_D: 52.3106 | Avg_Loss_G: 4518.0613 | Total_Iter: 21855
[7285/10001] End of Epoch | Avg_Loss_D: 46.5069 | Avg_Loss_G: 4534.6324 | Total_Iter: 21858
[7286/10001] End of Epoch | Avg_Loss_D: 26.1868 | Avg_Loss_G: 4540.3733 | Total_Iter: 21861
[7287/10001] End of Epoch | Avg_Loss_D: 4.7333 | Avg_Loss_G: 4536.6400 | Total_Iter: 21864
[7288/10001] End of Epoch | Avg_Loss_D: 11.7786 | Avg_Loss_G: 4555.7331 | Total_Iter: 21867
[7289/10001] End of Epoch | Avg_Loss_D: 47.8518 | Avg_Loss_G: 4565.2486 | Total_Iter: 21870
[7290/10001] End of Epoch | Avg_Loss_D: 26.7981 | Avg_Loss_G: 4559.0571 | Total_Iter: 21873
[7291/10001] End of Epoch | Avg_Loss_D: 4.6662 | Avg_Loss_G: 4569.7602 | Total_Iter: 21876
[7292/10001] End of Epoch | Avg_Loss_D: 26.0705 | Avg_Loss_G: 4575.6462 | Total_Iter: 21879
[7293/10001] End of Epoch | Avg_Loss_D: 5.7732 | Avg_Loss_G: 4575.6368 | Total_Iter: 21882
[7294/10001] End of Epoch | Avg_Loss_D: -7.7364 | Avg_Loss_G: 4568.4431 | Total_Iter: 21885
[7295/10001] End of Epoch | Avg_Loss_D: -21.0824 | Avg_Loss_G: 4578.3078 | Total_Iter: 21888
[7296/10001] End of Epoch | Avg_Loss_D: 26.3675 | Avg_Loss_G: 4578.9597 | Total_Iter: 21891
[7297/10001] End of Epoch | Avg_Loss_D: 3.3472 | Avg_Loss_G: 4585.2661 | Total_Iter: 21894
[7298/10001] End of Epoch | Avg_Loss_D: -2.8528 | Avg_Loss_G: 4599.3903 | Total_Iter: 21897
[7299/10001] End of Epoch | Avg_Loss_D: 13.5090 | Avg_Loss_G: 4591.4500 | Total_Iter: 21900
[7300/10001] End of Epoch | Avg_Loss_D: -18.3429 | Avg_Loss_G: 4584.9451 | Total_Iter: 21903
[7301/10001] End of Epoch | Avg_Loss_D: 6.5363 | Avg_Loss_G: 4578.2171 | Total_Iter: 21906
[7302/10001] End of Epoch | Avg_Loss_D: -1.3795 | Avg_Loss_G: 4584.2350 | Total_Iter: 21909
[7303/10001] End of Epoch | Avg_Loss_D: -1.3924 | Avg_Loss_G: 4579.8950 | Total_Iter: 21912
[7304/10001] End of Epoch | Avg_Loss_D: -25.2907 | Avg_Loss_G: 4585.7674 | Total_Iter: 21915
[7305/10001] End of Epoch | Avg_Loss_D: -29.7944 | Avg_Loss_G: 4583.4838 | Total_Iter: 21918
[7306/10001] End of Epoch | Avg_Loss_D: 13.6404 | Avg_Loss_G: 4588.2116 | Total_Iter: 21921
[7307/10001] End of Epoch | Avg_Loss_D: -6.7132 | Avg_Loss_G: 4590.0582 | Total_Iter: 21924
[7308/10001] End of Epoch | Avg_Loss_D: 7.5947 | Avg_Loss_G: 4587.5326 | Total_Iter: 21927
[7309/10001] End of Epoch | Avg_Loss_D: 5.5600 | Avg_Loss_G: 4587.1581 | Total_Iter: 21930
[7310/10001] End of Epoch | Avg_Loss_D: -7.1785 | Avg_Loss_G: 4586.0743 | Total_Iter: 21933
[7311/10001] End of Epoch | Avg_Loss_D: 9.8309 | Avg_Loss_G: 4594.7969 | Total_Iter: 21936
[7312/10001] End of Epoch | Avg_Loss_D: 16.5322 | Avg_Loss_G: 4590.3576 | Total_Iter: 21939
[7313/10001] End of Epoch | Avg_Loss_D: 3.5435 | Avg_Loss_G: 4580.7742 | Total_Iter: 21942
[7314/10001] End of Epoch | Avg_Loss_D: -1.1390 | Avg_Loss_G: 4596.6339 | Total_Iter: 21945
[7315/10001] End of Epoch | Avg_Loss_D: -4.4045 | Avg_Loss_G: 4594.5536 | Total_Iter: 21948
[7316/10001] End of Epoch | Avg_Loss_D: -31.5850 | Avg_Loss_G: 4596.9520 | Total_Iter: 21951
[7317/10001] End of Epoch | Avg_Loss_D: -19.5091 | Avg_Loss_G: 4599.6788 | Total_Iter: 21954
[7318/10001] End of Epoch | Avg_Loss_D: -14.6133 | Avg_Loss_G: 4599.1412 | Total_Iter: 21957
[7319/10001] End of Epoch | Avg_Loss_D: -0.5624 | Avg_Loss_G: 4600.3176 | Total_Iter: 21960
[7320/10001] End of Epoch | Avg_Loss_D: -3.2849 | Avg_Loss_G: 4596.7525 | Total_Iter: 21963
[7321/10001] End of Epoch | Avg_Loss_D: 3.0649 | Avg_Loss_G: 4605.2248 | Total_Iter: 21966
[7322/10001] End of Epoch | Avg_Loss_D: -28.0879 | Avg_Loss_G: 4605.7254 | Total_Iter: 21969
[7323/10001] End of Epoch | Avg_Loss_D: -47.7799 | Avg_Loss_G: 4593.6055 | Total_Iter: 21972
[7324/10001] End of Epoch | Avg_Loss_D: 5.5053 | Avg_Loss_G: 4605.9876 | Total_Iter: 21975
[7325/10001] End of Epoch | Avg_Loss_D: 1.2653 | Avg_Loss_G: 4602.5407 | Total_Iter: 21978
[7326/10001] End of Epoch | Avg_Loss_D: -22.7560 | Avg_Loss_G: 4599.3008 | Total_Iter: 21981
[7327/10001] End of Epoch | Avg_Loss_D: -33.7258 | Avg_Loss_G: 4591.1999 | Total_Iter: 21984
[7328/10001] End of Epoch | Avg_Loss_D: -58.8998 | Avg_Loss_G: 4593.8636 | Total_Iter: 21987
[7329/10001] End of Epoch | Avg_Loss_D: -20.2150 | Avg_Loss_G: 4588.2526 | Total_Iter: 21990
[7330/10001] End of Epoch | Avg_Loss_D: -17.3957 | Avg_Loss_G: 4596.8096 | Total_Iter: 21993
[7331/10001] End of Epoch | Avg_Loss_D: -48.1241 | Avg_Loss_G: 4586.1147 | Total_Iter: 21996
[7332/10001] End of Epoch | Avg_Loss_D: -8.4857 | Avg_Loss_G: 4589.5931 | Total_Iter: 21999
[7333/10001] End of Epoch | Avg_Loss_D: 13.9959 | Avg_Loss_G: 4607.7719 | Total_Iter: 22002
[7334/10001] End of Epoch | Avg_Loss_D: -12.4685 | Avg_Loss_G: 4609.6182 | Total_Iter: 22005
[7335/10001] End of Epoch | Avg_Loss_D: -79.1911 | Avg_Loss_G: 4598.6496 | Total_Iter: 22008
[7336/10001] End of Epoch | Avg_Loss_D: -109.0240 | Avg_Loss_G: 4601.2572 | Total_Iter: 22011
[7337/10001] End of Epoch | Avg_Loss_D: -10.3504 | Avg_Loss_G: 4592.7803 | Total_Iter: 22014
[7338/10001] End of Epoch | Avg_Loss_D: -7.2402 | Avg_Loss_G: 4609.8919 | Total_Iter: 22017
[7339/10001] End of Epoch | Avg_Loss_D: -0.9330 | Avg_Loss_G: 4606.4769 | Total_Iter: 22020
[7340/10001] End of Epoch | Avg_Loss_D: -13.1197 | Avg_Loss_G: 4611.9250 | Total_Iter: 22023
[7341/10001] End of Epoch | Avg_Loss_D: -41.1852 | Avg_Loss_G: 4612.0269 | Total_Iter: 22026
[7342/10001] End of Epoch | Avg_Loss_D: -45.0925 | Avg_Loss_G: 4587.9324 | Total_Iter: 22029
[7343/10001] End of Epoch | Avg_Loss_D: -33.1369 | Avg_Loss_G: 4594.8783 | Total_Iter: 22032
[7344/10001] End of Epoch | Avg_Loss_D: -30.8338 | Avg_Loss_G: 4581.6380 | Total_Iter: 22035
[7345/10001] End of Epoch | Avg_Loss_D: -23.0442 | Avg_Loss_G: 4598.0935 | Total_Iter: 22038
[7346/10001] End of Epoch | Avg_Loss_D: -20.4490 | Avg_Loss_G: 4607.7347 | Total_Iter: 22041
[7347/10001] End of Epoch | Avg_Loss_D: -28.5308 | Avg_Loss_G: 4589.5016 | Total_Iter: 22044
[7348/10001] End of Epoch | Avg_Loss_D: -27.6528 | Avg_Loss_G: 4610.9136 | Total_Iter: 22047
[7349/10001] End of Epoch | Avg_Loss_D: -59.5810 | Avg_Loss_G: 4620.8636 | Total_Iter: 22050
[7350/10001] End of Epoch | Avg_Loss_D: -16.6403 | Avg_Loss_G: 4622.3418 | Total_Iter: 22053
[7351/10001] End of Epoch | Avg_Loss_D: -23.1871 | Avg_Loss_G: 4617.6943 | Total_Iter: 22056
[7352/10001] End of Epoch | Avg_Loss_D: -101.1393 | Avg_Loss_G: 4620.5063 | Total_Iter: 22059
[7353/10001] End of Epoch | Avg_Loss_D: -26.5732 | Avg_Loss_G: 4624.1543 | Total_Iter: 22062
[7354/10001] End of Epoch | Avg_Loss_D: -12.7127 | Avg_Loss_G: 4613.0204 | Total_Iter: 22065
[7355/10001] End of Epoch | Avg_Loss_D: -21.0771 | Avg_Loss_G: 4607.4740 | Total_Iter: 22068
[7356/10001] End of Epoch | Avg_Loss_D: -52.8284 | Avg_Loss_G: 4635.1350 | Total_Iter: 22071
[7357/10001] End of Epoch | Avg_Loss_D: -4.7372 | Avg_Loss_G: 4643.0457 | Total_Iter: 22074
[7358/10001] End of Epoch | Avg_Loss_D: 2.2588 | Avg_Loss_G: 4639.9888 | Total_Iter: 22077
[7359/10001] End of Epoch | Avg_Loss_D: -37.6636 | Avg_Loss_G: 4633.1757 | Total_Iter: 22080
[7360/10001] End of Epoch | Avg_Loss_D: -41.2972 | Avg_Loss_G: 4615.8528 | Total_Iter: 22083
[7361/10001] End of Epoch | Avg_Loss_D: -1.2848 | Avg_Loss_G: 4623.1906 | Total_Iter: 22086
[7362/10001] End of Epoch | Avg_Loss_D: 10.8395 | Avg_Loss_G: 4615.6270 | Total_Iter: 22089
[7363/10001] End of Epoch | Avg_Loss_D: -18.0544 | Avg_Loss_G: 4634.0939 | Total_Iter: 22092
[7364/10001] End of Epoch | Avg_Loss_D: -76.2916 | Avg_Loss_G: 4625.1016 | Total_Iter: 22095
[7365/10001] End of Epoch | Avg_Loss_D: -29.6812 | Avg_Loss_G: 4629.4857 | Total_Iter: 22098
[7366/10001] End of Epoch | Avg_Loss_D: -50.7946 | Avg_Loss_G: 4626.4626 | Total_Iter: 22101
[7367/10001] End of Epoch | Avg_Loss_D: -111.7824 | Avg_Loss_G: 4628.4571 | Total_Iter: 22104
[7368/10001] End of Epoch | Avg_Loss_D: -48.3796 | Avg_Loss_G: 4605.6139 | Total_Iter: 22107
[7369/10001] End of Epoch | Avg_Loss_D: -1.7365 | Avg_Loss_G: 4645.5951 | Total_Iter: 22110
[7370/10001] End of Epoch | Avg_Loss_D: -101.6162 | Avg_Loss_G: 4629.0922 | Total_Iter: 22113
[7371/10001] End of Epoch | Avg_Loss_D: -32.4483 | Avg_Loss_G: 4637.2194 | Total_Iter: 22116
[7372/10001] End of Epoch | Avg_Loss_D: -72.5074 | Avg_Loss_G: 4648.9971 | Total_Iter: 22119
[7373/10001] End of Epoch | Avg_Loss_D: 19.2332 | Avg_Loss_G: 4633.4639 | Total_Iter: 22122
[7374/10001] End of Epoch | Avg_Loss_D: -48.7838 | Avg_Loss_G: 4646.2546 | Total_Iter: 22125
[7375/10001] End of Epoch | Avg_Loss_D: -103.2518 | Avg_Loss_G: 4619.7171 | Total_Iter: 22128
[7376/10001] End of Epoch | Avg_Loss_D: -38.0401 | Avg_Loss_G: 4637.4342 | Total_Iter: 22131
[7377/10001] End of Epoch | Avg_Loss_D: -70.3154 | Avg_Loss_G: 4645.1493 | Total_Iter: 22134
[7378/10001] End of Epoch | Avg_Loss_D: -30.5372 | Avg_Loss_G: 4631.2967 | Total_Iter: 22137
[7379/10001] End of Epoch | Avg_Loss_D: -66.6297 | Avg_Loss_G: 4630.4634 | Total_Iter: 22140
[7380/10001] End of Epoch | Avg_Loss_D: -65.9403 | Avg_Loss_G: 4638.5819 | Total_Iter: 22143
[7381/10001] End of Epoch | Avg_Loss_D: -143.8670 | Avg_Loss_G: 4656.5502 | Total_Iter: 22146
[7382/10001] End of Epoch | Avg_Loss_D: -72.1014 | Avg_Loss_G: 4651.0571 | Total_Iter: 22149
[7383/10001] End of Epoch | Avg_Loss_D: -30.3332 | Avg_Loss_G: 4665.9370 | Total_Iter: 22152
[7384/10001] End of Epoch | Avg_Loss_D: -56.9384 | Avg_Loss_G: 4652.8788 | Total_Iter: 22155
[7385/10001] End of Epoch | Avg_Loss_D: -32.8540 | Avg_Loss_G: 4636.8006 | Total_Iter: 22158
[7386/10001] End of Epoch | Avg_Loss_D: -46.0887 | Avg_Loss_G: 4646.2044 | Total_Iter: 22161
[7387/10001] End of Epoch | Avg_Loss_D: -8.7075 | Avg_Loss_G: 4658.5556 | Total_Iter: 22164
[7388/10001] End of Epoch | Avg_Loss_D: -55.0736 | Avg_Loss_G: 4648.8954 | Total_Iter: 22167
[7389/10001] End of Epoch | Avg_Loss_D: -69.1977 | Avg_Loss_G: 4647.7330 | Total_Iter: 22170
[7390/10001] End of Epoch | Avg_Loss_D: -43.5182 | Avg_Loss_G: 4667.8366 | Total_Iter: 22173
[7391/10001] End of Epoch | Avg_Loss_D: -9.0659 | Avg_Loss_G: 4653.1731 | Total_Iter: 22176
[7392/10001] End of Epoch | Avg_Loss_D: -145.2172 | Avg_Loss_G: 4667.3003 | Total_Iter: 22179
[7393/10001] End of Epoch | Avg_Loss_D: -261.6465 | Avg_Loss_G: 4672.0001 | Total_Iter: 22182
[7394/10001] End of Epoch | Avg_Loss_D: -7.3478 | Avg_Loss_G: 4653.8116 | Total_Iter: 22185
[7395/10001] End of Epoch | Avg_Loss_D: 14.9626 | Avg_Loss_G: 4647.3109 | Total_Iter: 22188
[7396/10001] End of Epoch | Avg_Loss_D: -163.2222 | Avg_Loss_G: 4672.5909 | Total_Iter: 22191
[7397/10001] End of Epoch | Avg_Loss_D: -44.7126 | Avg_Loss_G: 4666.4596 | Total_Iter: 22194
[7398/10001] End of Epoch | Avg_Loss_D: 90.7654 | Avg_Loss_G: 4686.9237 | Total_Iter: 22197
[7399/10001] End of Epoch | Avg_Loss_D: -83.5004 | Avg_Loss_G: 4646.0655 | Total_Iter: 22200
[7400/10001] End of Epoch | Avg_Loss_D: 15.0312 | Avg_Loss_G: 4657.7755 | Total_Iter: 22203
[7401/10001] End of Epoch | Avg_Loss_D: -174.0378 | Avg_Loss_G: 4672.9536 | Total_Iter: 22206
[7402/10001] End of Epoch | Avg_Loss_D: -67.9824 | Avg_Loss_G: 4683.5718 | Total_Iter: 22209
[7403/10001] End of Epoch | Avg_Loss_D: -0.3658 | Avg_Loss_G: 4674.4870 | Total_Iter: 22212
[7404/10001] End of Epoch | Avg_Loss_D: -186.5431 | Avg_Loss_G: 4672.3453 | Total_Iter: 22215
[7405/10001] End of Epoch | Avg_Loss_D: -59.5697 | Avg_Loss_G: 4695.8996 | Total_Iter: 22218
[7406/10001] End of Epoch | Avg_Loss_D: -49.3542 | Avg_Loss_G: 4665.3558 | Total_Iter: 22221
[7407/10001] End of Epoch | Avg_Loss_D: -286.9139 | Avg_Loss_G: 4687.9164 | Total_Iter: 22224
[7408/10001] End of Epoch | Avg_Loss_D: -245.1856 | Avg_Loss_G: 4694.9525 | Total_Iter: 22227
[7409/10001] End of Epoch | Avg_Loss_D: 48.6402 | Avg_Loss_G: 4659.7709 | Total_Iter: 22230
[7410/10001] End of Epoch | Avg_Loss_D: -62.0382 | Avg_Loss_G: 4691.3230 | Total_Iter: 22233
[7411/10001] End of Epoch | Avg_Loss_D: 30.0528 | Avg_Loss_G: 4643.7846 | Total_Iter: 22236
[7412/10001] End of Epoch | Avg_Loss_D: -48.5149 | Avg_Loss_G: 4711.8334 | Total_Iter: 22239
[7413/10001] End of Epoch | Avg_Loss_D: -189.0458 | Avg_Loss_G: 4667.5401 | Total_Iter: 22242
[7414/10001] End of Epoch | Avg_Loss_D: 43.4627 | Avg_Loss_G: 4659.6105 | Total_Iter: 22245
[7415/10001] End of Epoch | Avg_Loss_D: 4.3665 | Avg_Loss_G: 4716.0163 | Total_Iter: 22248
[7416/10001] End of Epoch | Avg_Loss_D: -38.8007 | Avg_Loss_G: 4688.0586 | Total_Iter: 22251
[7417/10001] End of Epoch | Avg_Loss_D: -24.8000 | Avg_Loss_G: 4688.7856 | Total_Iter: 22254
[7418/10001] End of Epoch | Avg_Loss_D: -195.9372 | Avg_Loss_G: 4500.4236 | Total_Iter: 22257
[7419/10001] End of Epoch | Avg_Loss_D: -45.9711 | Avg_Loss_G: 4648.2384 | Total_Iter: 22260
[7420/10001] End of Epoch | Avg_Loss_D: -412.3465 | Avg_Loss_G: 4703.2912 | Total_Iter: 22263
[7421/10001] End of Epoch | Avg_Loss_D: -262.8632 | Avg_Loss_G: 4732.0600 | Total_Iter: 22266
[7422/10001] End of Epoch | Avg_Loss_D: -334.7255 | Avg_Loss_G: 4712.9671 | Total_Iter: 22269
[7423/10001] End of Epoch | Avg_Loss_D: -74.2089 | Avg_Loss_G: 4748.5777 | Total_Iter: 22272
[7424/10001] End of Epoch | Avg_Loss_D: -157.4805 | Avg_Loss_G: 4740.9038 | Total_Iter: 22275
[7425/10001] End of Epoch | Avg_Loss_D: -355.3246 | Avg_Loss_G: 4674.6220 | Total_Iter: 22278
[7426/10001] End of Epoch | Avg_Loss_D: -80.2223 | Avg_Loss_G: 4743.8880 | Total_Iter: 22281
[7427/10001] End of Epoch | Avg_Loss_D: 36.1412 | Avg_Loss_G: 4766.6368 | Total_Iter: 22284
[7428/10001] End of Epoch | Avg_Loss_D: -3.3562 | Avg_Loss_G: 4737.1975 | Total_Iter: 22287
[7429/10001] End of Epoch | Avg_Loss_D: 0.3950 | Avg_Loss_G: 4726.3677 | Total_Iter: 22290
[7430/10001] End of Epoch | Avg_Loss_D: -423.4510 | Avg_Loss_G: 4642.1260 | Total_Iter: 22293
[7431/10001] End of Epoch | Avg_Loss_D: -82.9684 | Avg_Loss_G: 4777.4475 | Total_Iter: 22296
[7432/10001] End of Epoch | Avg_Loss_D: -250.8666 | Avg_Loss_G: 4583.4844 | Total_Iter: 22299
[7433/10001] End of Epoch | Avg_Loss_D: -9.1444 | Avg_Loss_G: 4754.8837 | Total_Iter: 22302
[7434/10001] End of Epoch | Avg_Loss_D: -203.2043 | Avg_Loss_G: 4813.1744 | Total_Iter: 22305
[7435/10001] End of Epoch | Avg_Loss_D: -744.2284 | Avg_Loss_G: 4800.0681 | Total_Iter: 22308
[7436/10001] End of Epoch | Avg_Loss_D: -485.0980 | Avg_Loss_G: 4679.3126 | Total_Iter: 22311
[7437/10001] End of Epoch | Avg_Loss_D: -100.5396 | Avg_Loss_G: 4805.3081 | Total_Iter: 22314
[7438/10001] End of Epoch | Avg_Loss_D: 31.9555 | Avg_Loss_G: 4646.9939 | Total_Iter: 22317
[7439/10001] End of Epoch | Avg_Loss_D: -283.5709 | Avg_Loss_G: 4328.3404 | Total_Iter: 22320
[7440/10001] End of Epoch | Avg_Loss_D: -76.1621 | Avg_Loss_G: 4728.6315 | Total_Iter: 22323
[7441/10001] End of Epoch | Avg_Loss_D: -211.5525 | Avg_Loss_G: 4618.7402 | Total_Iter: 22326
[7442/10001] End of Epoch | Avg_Loss_D: -619.4163 | Avg_Loss_G: 4583.3581 | Total_Iter: 22329
[7443/10001] End of Epoch | Avg_Loss_D: -97.1970 | Avg_Loss_G: 4563.7316 | Total_Iter: 22332
[7444/10001] End of Epoch | Avg_Loss_D: -13.7556 | Avg_Loss_G: 4712.5678 | Total_Iter: 22335
[7445/10001] End of Epoch | Avg_Loss_D: 422.7200 | Avg_Loss_G: 4737.0248 | Total_Iter: 22338
[7446/10001] End of Epoch | Avg_Loss_D: -243.3232 | Avg_Loss_G: 4773.9408 | Total_Iter: 22341
[7447/10001] End of Epoch | Avg_Loss_D: -194.4921 | Avg_Loss_G: 4708.5510 | Total_Iter: 22344
[7448/10001] End of Epoch | Avg_Loss_D: -49.2731 | Avg_Loss_G: 4743.0728 | Total_Iter: 22347
[7449/10001] End of Epoch | Avg_Loss_D: -267.6766 | Avg_Loss_G: 4764.3804 | Total_Iter: 22350
[7450/10001] End of Epoch | Avg_Loss_D: -236.9614 | Avg_Loss_G: 4743.8728 | Total_Iter: 22353
[7451/10001] End of Epoch | Avg_Loss_D: -321.3705 | Avg_Loss_G: 4824.5218 | Total_Iter: 22356
[7452/10001] End of Epoch | Avg_Loss_D: -545.0490 | Avg_Loss_G: 4783.2973 | Total_Iter: 22359
[7453/10001] End of Epoch | Avg_Loss_D: 185.9454 | Avg_Loss_G: 4672.1136 | Total_Iter: 22362
[7454/10001] End of Epoch | Avg_Loss_D: 25.4853 | Avg_Loss_G: 4804.0687 | Total_Iter: 22365
[7455/10001] End of Epoch | Avg_Loss_D: -180.6787 | Avg_Loss_G: 4730.5422 | Total_Iter: 22368
[7456/10001] End of Epoch | Avg_Loss_D: -650.1288 | Avg_Loss_G: 4819.2829 | Total_Iter: 22371
[7457/10001] End of Epoch | Avg_Loss_D: -254.2939 | Avg_Loss_G: 4709.8430 | Total_Iter: 22374
[7458/10001] End of Epoch | Avg_Loss_D: -729.8687 | Avg_Loss_G: 4756.5532 | Total_Iter: 22377
[7459/10001] End of Epoch | Avg_Loss_D: -356.6870 | Avg_Loss_G: 4734.3570 | Total_Iter: 22380
[7460/10001] End of Epoch | Avg_Loss_D: -385.9524 | Avg_Loss_G: 4719.6165 | Total_Iter: 22383
[7461/10001] End of Epoch | Avg_Loss_D: 57.8060 | Avg_Loss_G: 4665.1914 | Total_Iter: 22386
[7462/10001] End of Epoch | Avg_Loss_D: -562.0860 | Avg_Loss_G: 4733.6002 | Total_Iter: 22389
[7463/10001] End of Epoch | Avg_Loss_D: -134.6835 | Avg_Loss_G: 4671.0811 | Total_Iter: 22392
[7464/10001] End of Epoch | Avg_Loss_D: -597.9546 | Avg_Loss_G: 4744.0558 | Total_Iter: 22395
[7465/10001] End of Epoch | Avg_Loss_D: 17.3109 | Avg_Loss_G: 4621.8518 | Total_Iter: 22398
[7466/10001] End of Epoch | Avg_Loss_D: -616.8592 | Avg_Loss_G: 4305.7403 | Total_Iter: 22401
[7467/10001] End of Epoch | Avg_Loss_D: -103.5430 | Avg_Loss_G: 4663.8572 | Total_Iter: 22404
[7468/10001] End of Epoch | Avg_Loss_D: 280.7705 | Avg_Loss_G: 4690.5652 | Total_Iter: 22407
[7469/10001] End of Epoch | Avg_Loss_D: 113.0275 | Avg_Loss_G: 4798.1973 | Total_Iter: 22410
[7470/10001] End of Epoch | Avg_Loss_D: -378.5113 | Avg_Loss_G: 4665.3861 | Total_Iter: 22413
[7471/10001] End of Epoch | Avg_Loss_D: -268.0588 | Avg_Loss_G: 4869.6450 | Total_Iter: 22416
[7472/10001] End of Epoch | Avg_Loss_D: -500.5929 | Avg_Loss_G: 4806.0184 | Total_Iter: 22419
[7473/10001] End of Epoch | Avg_Loss_D: -694.4360 | Avg_Loss_G: 4750.6281 | Total_Iter: 22422
[7474/10001] End of Epoch | Avg_Loss_D: -586.4102 | Avg_Loss_G: 4752.4095 | Total_Iter: 22425
[7475/10001] End of Epoch | Avg_Loss_D: 54.4494 | Avg_Loss_G: 4430.4447 | Total_Iter: 22428
[7476/10001] End of Epoch | Avg_Loss_D: -1466.2548 | Avg_Loss_G: 4685.9375 | Total_Iter: 22431
[7477/10001] End of Epoch | Avg_Loss_D: 1229.1253 | Avg_Loss_G: 4698.2217 | Total_Iter: 22434
[7478/10001] End of Epoch | Avg_Loss_D: 437.2809 | Avg_Loss_G: 4786.3148 | Total_Iter: 22437
[7479/10001] End of Epoch | Avg_Loss_D: -1391.3323 | Avg_Loss_G: 4586.6172 | Total_Iter: 22440
[7480/10001] End of Epoch | Avg_Loss_D: -5.8620 | Avg_Loss_G: 3598.8197 | Total_Iter: 22443
[7481/10001] End of Epoch | Avg_Loss_D: 235.6656 | Avg_Loss_G: 4590.4757 | Total_Iter: 22446
[7482/10001] End of Epoch | Avg_Loss_D: -356.5253 | Avg_Loss_G: 4661.3175 | Total_Iter: 22449
[7483/10001] End of Epoch | Avg_Loss_D: -246.2706 | Avg_Loss_G: 4537.2365 | Total_Iter: 22452
[7484/10001] End of Epoch | Avg_Loss_D: -231.7924 | Avg_Loss_G: 3740.3630 | Total_Iter: 22455
[7485/10001] End of Epoch | Avg_Loss_D: -449.3145 | Avg_Loss_G: 4694.6427 | Total_Iter: 22458
[7486/10001] End of Epoch | Avg_Loss_D: -323.1461 | Avg_Loss_G: 4548.5518 | Total_Iter: 22461
[7487/10001] End of Epoch | Avg_Loss_D: -282.7650 | Avg_Loss_G: 4577.8014 | Total_Iter: 22464
[7488/10001] End of Epoch | Avg_Loss_D: -366.3407 | Avg_Loss_G: 4439.4286 | Total_Iter: 22467
[7489/10001] End of Epoch | Avg_Loss_D: -36.5729 | Avg_Loss_G: 4682.0372 | Total_Iter: 22470
[7490/10001] End of Epoch | Avg_Loss_D: -521.1617 | Avg_Loss_G: 4690.7079 | Total_Iter: 22473
[7491/10001] End of Epoch | Avg_Loss_D: -167.2382 | Avg_Loss_G: 4790.8199 | Total_Iter: 22476
[7492/10001] End of Epoch | Avg_Loss_D: 141.2965 | Avg_Loss_G: 4824.3086 | Total_Iter: 22479
[7493/10001] End of Epoch | Avg_Loss_D: -214.3603 | Avg_Loss_G: 4688.6353 | Total_Iter: 22482
[7494/10001] End of Epoch | Avg_Loss_D: -30.0958 | Avg_Loss_G: 4636.4567 | Total_Iter: 22485
[7495/10001] End of Epoch | Avg_Loss_D: -1341.0544 | Avg_Loss_G: 4691.5157 | Total_Iter: 22488
[7496/10001] End of Epoch | Avg_Loss_D: -959.2365 | Avg_Loss_G: 4488.6518 | Total_Iter: 22491
[7497/10001] End of Epoch | Avg_Loss_D: -535.1637 | Avg_Loss_G: 4563.0425 | Total_Iter: 22494
[7498/10001] End of Epoch | Avg_Loss_D: -328.2008 | Avg_Loss_G: 4478.0959 | Total_Iter: 22497
[7499/10001] End of Epoch | Avg_Loss_D: -1157.3365 | Avg_Loss_G: 2985.6227 | Total_Iter: 22500
[7500/10001] End of Epoch | Avg_Loss_D: -187.9821 | Avg_Loss_G: 3670.4929 | Total_Iter: 22503
[7501/10001] End of Epoch | Avg_Loss_D: 20.3134 | Avg_Loss_G: 4417.3140 | Total_Iter: 22506
[7502/10001] End of Epoch | Avg_Loss_D: -474.8353 | Avg_Loss_G: 4558.4235 | Total_Iter: 22509
[7503/10001] End of Epoch | Avg_Loss_D: -468.7603 | Avg_Loss_G: 4066.1776 | Total_Iter: 22512
[7504/10001] End of Epoch | Avg_Loss_D: -20.4246 | Avg_Loss_G: 3933.4460 | Total_Iter: 22515
[7505/10001] End of Epoch | Avg_Loss_D: -302.1161 | Avg_Loss_G: 4504.2040 | Total_Iter: 22518
[7506/10001] End of Epoch | Avg_Loss_D: 53.2133 | Avg_Loss_G: 4424.7202 | Total_Iter: 22521
[7507/10001] End of Epoch | Avg_Loss_D: -277.4983 | Avg_Loss_G: 4162.8780 | Total_Iter: 22524
[7508/10001] End of Epoch | Avg_Loss_D: -638.1468 | Avg_Loss_G: 4325.0239 | Total_Iter: 22527
[7509/10001] End of Epoch | Avg_Loss_D: -195.4451 | Avg_Loss_G: 4170.1119 | Total_Iter: 22530
[7510/10001] End of Epoch | Avg_Loss_D: -59.5485 | Avg_Loss_G: 3920.3767 | Total_Iter: 22533
[7511/10001] End of Epoch | Avg_Loss_D: -881.3313 | Avg_Loss_G: 4476.6753 | Total_Iter: 22536
[7512/10001] End of Epoch | Avg_Loss_D: -673.9962 | Avg_Loss_G: 4333.8857 | Total_Iter: 22539
[7513/10001] End of Epoch | Avg_Loss_D: 279.4944 | Avg_Loss_G: 4244.6731 | Total_Iter: 22542
[7514/10001] End of Epoch | Avg_Loss_D: -37.9094 | Avg_Loss_G: 4571.7887 | Total_Iter: 22545
[7515/10001] End of Epoch | Avg_Loss_D: -184.3671 | Avg_Loss_G: 4441.9575 | Total_Iter: 22548
[7516/10001] End of Epoch | Avg_Loss_D: -276.5839 | Avg_Loss_G: 4547.0927 | Total_Iter: 22551
[7517/10001] End of Epoch | Avg_Loss_D: -400.6935 | Avg_Loss_G: 3914.2842 | Total_Iter: 22554
[7518/10001] End of Epoch | Avg_Loss_D: -32.8501 | Avg_Loss_G: 4505.4615 | Total_Iter: 22557
[7519/10001] End of Epoch | Avg_Loss_D: -351.8632 | Avg_Loss_G: 4536.4000 | Total_Iter: 22560
[7520/10001] End of Epoch | Avg_Loss_D: -278.7656 | Avg_Loss_G: 4394.6220 | Total_Iter: 22563
[7521/10001] End of Epoch | Avg_Loss_D: -941.3128 | Avg_Loss_G: 4230.2984 | Total_Iter: 22566
[7522/10001] End of Epoch | Avg_Loss_D: 59.5401 | Avg_Loss_G: 4513.8110 | Total_Iter: 22569
[7523/10001] End of Epoch | Avg_Loss_D: -258.9265 | Avg_Loss_G: 4322.8248 | Total_Iter: 22572
[7524/10001] End of Epoch | Avg_Loss_D: -686.4219 | Avg_Loss_G: 4216.4173 | Total_Iter: 22575
[7525/10001] End of Epoch | Avg_Loss_D: -1130.0427 | Avg_Loss_G: 4487.4150 | Total_Iter: 22578
[7526/10001] End of Epoch | Avg_Loss_D: -1925.7793 | Avg_Loss_G: 4474.8767 | Total_Iter: 22581
[7527/10001] End of Epoch | Avg_Loss_D: 104.7128 | Avg_Loss_G: 4518.6381 | Total_Iter: 22584
[7528/10001] End of Epoch | Avg_Loss_D: -135.2440 | Avg_Loss_G: 4526.4574 | Total_Iter: 22587
[7529/10001] End of Epoch | Avg_Loss_D: -997.8871 | Avg_Loss_G: 4009.5109 | Total_Iter: 22590
[7530/10001] End of Epoch | Avg_Loss_D: -729.9999 | Avg_Loss_G: 4327.3407 | Total_Iter: 22593
[7531/10001] End of Epoch | Avg_Loss_D: -442.9356 | Avg_Loss_G: 4223.5479 | Total_Iter: 22596
[7532/10001] End of Epoch | Avg_Loss_D: 253.9186 | Avg_Loss_G: 4530.5635 | Total_Iter: 22599
[7533/10001] End of Epoch | Avg_Loss_D: -875.0414 | Avg_Loss_G: 4064.3292 | Total_Iter: 22602
[7534/10001] End of Epoch | Avg_Loss_D: -135.8789 | Avg_Loss_G: 4252.2885 | Total_Iter: 22605
[7535/10001] End of Epoch | Avg_Loss_D: -434.7721 | Avg_Loss_G: 4455.9490 | Total_Iter: 22608
[7536/10001] End of Epoch | Avg_Loss_D: -132.2000 | Avg_Loss_G: 3887.9232 | Total_Iter: 22611
[7537/10001] End of Epoch | Avg_Loss_D: 121.7311 | Avg_Loss_G: 3754.2893 | Total_Iter: 22614
[7538/10001] End of Epoch | Avg_Loss_D: -226.9464 | Avg_Loss_G: 4386.4628 | Total_Iter: 22617
[7539/10001] End of Epoch | Avg_Loss_D: -130.3181 | Avg_Loss_G: 4579.7895 | Total_Iter: 22620
[7540/10001] End of Epoch | Avg_Loss_D: 109.3896 | Avg_Loss_G: 4156.3022 | Total_Iter: 22623
[7541/10001] End of Epoch | Avg_Loss_D: -132.7701 | Avg_Loss_G: 4554.5988 | Total_Iter: 22626
[7542/10001] End of Epoch | Avg_Loss_D: -1334.8280 | Avg_Loss_G: 3081.7639 | Total_Iter: 22629
[7543/10001] End of Epoch | Avg_Loss_D: -97.7717 | Avg_Loss_G: 4423.8746 | Total_Iter: 22632
[7544/10001] End of Epoch | Avg_Loss_D: 11.1548 | Avg_Loss_G: 4641.3278 | Total_Iter: 22635
[7545/10001] End of Epoch | Avg_Loss_D: -1809.5259 | Avg_Loss_G: 3207.7452 | Total_Iter: 22638
[7546/10001] End of Epoch | Avg_Loss_D: 25.6293 | Avg_Loss_G: 4752.7101 | Total_Iter: 22641
[7547/10001] End of Epoch | Avg_Loss_D: -2049.4679 | Avg_Loss_G: 4839.9505 | Total_Iter: 22644
[7548/10001] End of Epoch | Avg_Loss_D: 99.2398 | Avg_Loss_G: 4567.4796 | Total_Iter: 22647
[7549/10001] End of Epoch | Avg_Loss_D: -53.7552 | Avg_Loss_G: 4680.3750 | Total_Iter: 22650
[7550/10001] End of Epoch | Avg_Loss_D: -257.0951 | Avg_Loss_G: 4747.3925 | Total_Iter: 22653
[7551/10001] End of Epoch | Avg_Loss_D: -250.7927 | Avg_Loss_G: 4591.6077 | Total_Iter: 22656
[7552/10001] End of Epoch | Avg_Loss_D: -1704.2539 | Avg_Loss_G: 4235.0103 | Total_Iter: 22659
[7553/10001] End of Epoch | Avg_Loss_D: -171.5424 | Avg_Loss_G: 3807.3466 | Total_Iter: 22662
[7554/10001] End of Epoch | Avg_Loss_D: 8075.2709 | Avg_Loss_G: 4274.8429 | Total_Iter: 22665
[7555/10001] End of Epoch | Avg_Loss_D: 1978.2364 | Avg_Loss_G: 3746.1419 | Total_Iter: 22668
[7556/10001] End of Epoch | Avg_Loss_D: 285.8679 | Avg_Loss_G: 3971.7551 | Total_Iter: 22671
[7557/10001] End of Epoch | Avg_Loss_D: 172.9387 | Avg_Loss_G: 4150.9844 | Total_Iter: 22674
[7558/10001] End of Epoch | Avg_Loss_D: 183.4318 | Avg_Loss_G: 4260.9697 | Total_Iter: 22677
[7559/10001] End of Epoch | Avg_Loss_D: 46.5123 | Avg_Loss_G: 4311.3013 | Total_Iter: 22680
[7560/10001] End of Epoch | Avg_Loss_D: 25.4515 | Avg_Loss_G: 4349.9957 | Total_Iter: 22683
[7561/10001] End of Epoch | Avg_Loss_D: -21.6088 | Avg_Loss_G: 4313.3354 | Total_Iter: 22686
[7562/10001] End of Epoch | Avg_Loss_D: 83.3385 | Avg_Loss_G: 4321.9920 | Total_Iter: 22689
[7563/10001] End of Epoch | Avg_Loss_D: 69.0375 | Avg_Loss_G: 4364.6975 | Total_Iter: 22692
[7564/10001] End of Epoch | Avg_Loss_D: -14.3309 | Avg_Loss_G: 4402.1085 | Total_Iter: 22695
[7565/10001] End of Epoch | Avg_Loss_D: 104.0650 | Avg_Loss_G: 4369.0661 | Total_Iter: 22698
[7566/10001] End of Epoch | Avg_Loss_D: 30.2355 | Avg_Loss_G: 4436.9206 | Total_Iter: 22701
[7567/10001] End of Epoch | Avg_Loss_D: -42.9969 | Avg_Loss_G: 4450.8254 | Total_Iter: 22704
[7568/10001] End of Epoch | Avg_Loss_D: -21.2912 | Avg_Loss_G: 4461.6011 | Total_Iter: 22707
[7569/10001] End of Epoch | Avg_Loss_D: 72.0709 | Avg_Loss_G: 4448.5807 | Total_Iter: 22710
[7570/10001] End of Epoch | Avg_Loss_D: -0.8225 | Avg_Loss_G: 4407.7483 | Total_Iter: 22713
[7571/10001] End of Epoch | Avg_Loss_D: -36.8654 | Avg_Loss_G: 4450.7967 | Total_Iter: 22716
[7572/10001] End of Epoch | Avg_Loss_D: -56.8761 | Avg_Loss_G: 4476.2059 | Total_Iter: 22719
[7573/10001] End of Epoch | Avg_Loss_D: -158.3877 | Avg_Loss_G: 4481.3370 | Total_Iter: 22722
[7574/10001] End of Epoch | Avg_Loss_D: 21.9724 | Avg_Loss_G: 4476.8844 | Total_Iter: 22725
[7575/10001] End of Epoch | Avg_Loss_D: -38.3024 | Avg_Loss_G: 4468.9433 | Total_Iter: 22728
[7576/10001] End of Epoch | Avg_Loss_D: -25.9486 | Avg_Loss_G: 4543.2566 | Total_Iter: 22731
[7577/10001] End of Epoch | Avg_Loss_D: -86.0851 | Avg_Loss_G: 4501.1847 | Total_Iter: 22734
[7578/10001] End of Epoch | Avg_Loss_D: -191.2248 | Avg_Loss_G: 4525.3380 | Total_Iter: 22737
[7579/10001] End of Epoch | Avg_Loss_D: -46.1529 | Avg_Loss_G: 4501.0135 | Total_Iter: 22740
[7580/10001] End of Epoch | Avg_Loss_D: -8.6928 | Avg_Loss_G: 4500.9317 | Total_Iter: 22743
[7581/10001] End of Epoch | Avg_Loss_D: 103.7713 | Avg_Loss_G: 4555.2765 | Total_Iter: 22746
[7582/10001] End of Epoch | Avg_Loss_D: 21.7891 | Avg_Loss_G: 4462.0969 | Total_Iter: 22749
[7583/10001] End of Epoch | Avg_Loss_D: -100.7318 | Avg_Loss_G: 4521.7741 | Total_Iter: 22752
[7584/10001] End of Epoch | Avg_Loss_D: -133.9197 | Avg_Loss_G: 4505.6587 | Total_Iter: 22755
[7585/10001] End of Epoch | Avg_Loss_D: -11.6499 | Avg_Loss_G: 4540.3390 | Total_Iter: 22758
[7586/10001] End of Epoch | Avg_Loss_D: -163.0519 | Avg_Loss_G: 4536.9178 | Total_Iter: 22761
[7587/10001] End of Epoch | Avg_Loss_D: -76.9628 | Avg_Loss_G: 4453.9689 | Total_Iter: 22764
[7588/10001] End of Epoch | Avg_Loss_D: -295.0131 | Avg_Loss_G: 4398.7525 | Total_Iter: 22767
[7589/10001] End of Epoch | Avg_Loss_D: -22.4349 | Avg_Loss_G: 4462.6461 | Total_Iter: 22770
[7590/10001] End of Epoch | Avg_Loss_D: 12.2864 | Avg_Loss_G: 4472.8379 | Total_Iter: 22773
[7591/10001] End of Epoch | Avg_Loss_D: -43.4439 | Avg_Loss_G: 4443.6440 | Total_Iter: 22776
[7592/10001] End of Epoch | Avg_Loss_D: 46.5363 | Avg_Loss_G: 4446.5518 | Total_Iter: 22779
[7593/10001] End of Epoch | Avg_Loss_D: -192.0193 | Avg_Loss_G: 4484.5997 | Total_Iter: 22782
[7594/10001] End of Epoch | Avg_Loss_D: -215.2171 | Avg_Loss_G: 4309.0571 | Total_Iter: 22785
[7595/10001] End of Epoch | Avg_Loss_D: -17.9237 | Avg_Loss_G: 4441.2753 | Total_Iter: 22788
[7596/10001] End of Epoch | Avg_Loss_D: -147.3287 | Avg_Loss_G: 4489.7117 | Total_Iter: 22791
[7597/10001] End of Epoch | Avg_Loss_D: -264.3520 | Avg_Loss_G: 4481.2387 | Total_Iter: 22794
[7598/10001] End of Epoch | Avg_Loss_D: -198.8456 | Avg_Loss_G: 4440.2235 | Total_Iter: 22797
[7599/10001] End of Epoch | Avg_Loss_D: -60.5918 | Avg_Loss_G: 4421.5183 | Total_Iter: 22800
[7600/10001] End of Epoch | Avg_Loss_D: -96.0016 | Avg_Loss_G: 4374.5650 | Total_Iter: 22803
[7601/10001] End of Epoch | Avg_Loss_D: -293.2769 | Avg_Loss_G: 4292.7891 | Total_Iter: 22806
[7602/10001] End of Epoch | Avg_Loss_D: 6.7875 | Avg_Loss_G: 4379.7143 | Total_Iter: 22809
[7603/10001] End of Epoch | Avg_Loss_D: -155.7330 | Avg_Loss_G: 4407.4519 | Total_Iter: 22812
[7604/10001] End of Epoch | Avg_Loss_D: -344.5805 | Avg_Loss_G: 4325.3394 | Total_Iter: 22815
[7605/10001] End of Epoch | Avg_Loss_D: -435.9645 | Avg_Loss_G: 4310.7050 | Total_Iter: 22818
[7606/10001] End of Epoch | Avg_Loss_D: -196.8795 | Avg_Loss_G: 4354.8290 | Total_Iter: 22821
[7607/10001] End of Epoch | Avg_Loss_D: -343.9707 | Avg_Loss_G: 4311.1857 | Total_Iter: 22824
[7608/10001] End of Epoch | Avg_Loss_D: -462.8915 | Avg_Loss_G: 4324.6689 | Total_Iter: 22827
[7609/10001] End of Epoch | Avg_Loss_D: -546.0008 | Avg_Loss_G: 4442.9847 | Total_Iter: 22830
[7610/10001] End of Epoch | Avg_Loss_D: -160.4813 | Avg_Loss_G: 4376.6276 | Total_Iter: 22833
[7611/10001] End of Epoch | Avg_Loss_D: -440.3735 | Avg_Loss_G: 4362.2720 | Total_Iter: 22836
[7612/10001] End of Epoch | Avg_Loss_D: -277.3509 | Avg_Loss_G: 4264.5973 | Total_Iter: 22839
[7613/10001] End of Epoch | Avg_Loss_D: -72.3213 | Avg_Loss_G: 4294.9956 | Total_Iter: 22842
[7614/10001] End of Epoch | Avg_Loss_D: -765.4653 | Avg_Loss_G: 4414.8657 | Total_Iter: 22845
[7615/10001] End of Epoch | Avg_Loss_D: 57.0328 | Avg_Loss_G: 4264.6685 | Total_Iter: 22848
[7616/10001] End of Epoch | Avg_Loss_D: -525.9610 | Avg_Loss_G: 4350.7349 | Total_Iter: 22851
[7617/10001] End of Epoch | Avg_Loss_D: -606.7856 | Avg_Loss_G: 4217.3512 | Total_Iter: 22854
[7618/10001] End of Epoch | Avg_Loss_D: -314.9560 | Avg_Loss_G: 4458.0372 | Total_Iter: 22857
[7619/10001] End of Epoch | Avg_Loss_D: -281.2186 | Avg_Loss_G: 4145.2225 | Total_Iter: 22860
[7620/10001] End of Epoch | Avg_Loss_D: -554.9818 | Avg_Loss_G: 4355.4461 | Total_Iter: 22863
[7621/10001] End of Epoch | Avg_Loss_D: -716.6273 | Avg_Loss_G: 4301.6458 | Total_Iter: 22866
[7622/10001] End of Epoch | Avg_Loss_D: -1087.2601 | Avg_Loss_G: 4196.2799 | Total_Iter: 22869
[7623/10001] End of Epoch | Avg_Loss_D: -800.1454 | Avg_Loss_G: 4255.6893 | Total_Iter: 22872
[7624/10001] End of Epoch | Avg_Loss_D: -725.1653 | Avg_Loss_G: 4397.4362 | Total_Iter: 22875
[7625/10001] End of Epoch | Avg_Loss_D: -1204.3177 | Avg_Loss_G: 4306.3038 | Total_Iter: 22878
[7626/10001] End of Epoch | Avg_Loss_D: -1183.7264 | Avg_Loss_G: 4385.8817 | Total_Iter: 22881
[7627/10001] End of Epoch | Avg_Loss_D: -605.8475 | Avg_Loss_G: 4510.8362 | Total_Iter: 22884
[7628/10001] End of Epoch | Avg_Loss_D: -1620.2445 | Avg_Loss_G: 4436.8235 | Total_Iter: 22887
[7629/10001] End of Epoch | Avg_Loss_D: -979.3947 | Avg_Loss_G: 4475.2510 | Total_Iter: 22890
[7630/10001] End of Epoch | Avg_Loss_D: -95.0764 | Avg_Loss_G: 4464.6411 | Total_Iter: 22893
[7631/10001] End of Epoch | Avg_Loss_D: -1426.4655 | Avg_Loss_G: 4357.8538 | Total_Iter: 22896
[7632/10001] End of Epoch | Avg_Loss_D: -353.0142 | Avg_Loss_G: 4352.2407 | Total_Iter: 22899
[7633/10001] End of Epoch | Avg_Loss_D: -1204.8183 | Avg_Loss_G: 4125.1683 | Total_Iter: 22902
[7634/10001] End of Epoch | Avg_Loss_D: -1540.5736 | Avg_Loss_G: 3825.3115 | Total_Iter: 22905
[7635/10001] End of Epoch | Avg_Loss_D: -1367.2851 | Avg_Loss_G: 4290.4526 | Total_Iter: 22908
[7636/10001] End of Epoch | Avg_Loss_D: -166.6470 | Avg_Loss_G: 4495.5777 | Total_Iter: 22911
[7637/10001] End of Epoch | Avg_Loss_D: -126.9756 | Avg_Loss_G: 4479.4484 | Total_Iter: 22914
[7638/10001] End of Epoch | Avg_Loss_D: -264.7216 | Avg_Loss_G: 3942.7686 | Total_Iter: 22917
[7639/10001] End of Epoch | Avg_Loss_D: -1368.7299 | Avg_Loss_G: 4399.1923 | Total_Iter: 22920
[7640/10001] End of Epoch | Avg_Loss_D: -492.1575 | Avg_Loss_G: 4439.4475 | Total_Iter: 22923
[7641/10001] End of Epoch | Avg_Loss_D: -1042.7033 | Avg_Loss_G: 4413.9185 | Total_Iter: 22926
[7642/10001] End of Epoch | Avg_Loss_D: 311.9173 | Avg_Loss_G: 4458.1522 | Total_Iter: 22929
[7643/10001] End of Epoch | Avg_Loss_D: 940.4204 | Avg_Loss_G: 4447.6568 | Total_Iter: 22932
[7644/10001] End of Epoch | Avg_Loss_D: 43.3235 | Avg_Loss_G: 4379.0451 | Total_Iter: 22935
[7645/10001] End of Epoch | Avg_Loss_D: -373.7434 | Avg_Loss_G: 4664.3812 | Total_Iter: 22938
[7646/10001] End of Epoch | Avg_Loss_D: -875.5197 | Avg_Loss_G: 4635.5125 | Total_Iter: 22941
[7647/10001] End of Epoch | Avg_Loss_D: -501.9797 | Avg_Loss_G: 4474.9982 | Total_Iter: 22944
[7648/10001] End of Epoch | Avg_Loss_D: -697.1934 | Avg_Loss_G: 4486.1580 | Total_Iter: 22947
[7649/10001] End of Epoch | Avg_Loss_D: -662.7578 | Avg_Loss_G: 4379.9578 | Total_Iter: 22950
[7650/10001] End of Epoch | Avg_Loss_D: -806.7505 | Avg_Loss_G: 4177.4922 | Total_Iter: 22953
[7651/10001] End of Epoch | Avg_Loss_D: -771.4693 | Avg_Loss_G: 4010.4795 | Total_Iter: 22956
[7652/10001] End of Epoch | Avg_Loss_D: -1137.0439 | Avg_Loss_G: 4492.5884 | Total_Iter: 22959
[7653/10001] End of Epoch | Avg_Loss_D: -579.3699 | Avg_Loss_G: 4461.2873 | Total_Iter: 22962
[7654/10001] End of Epoch | Avg_Loss_D: -1674.6497 | Avg_Loss_G: 4214.3295 | Total_Iter: 22965
[7655/10001] End of Epoch | Avg_Loss_D: -932.5046 | Avg_Loss_G: 3655.2872 | Total_Iter: 22968
[7656/10001] End of Epoch | Avg_Loss_D: -440.8749 | Avg_Loss_G: 4465.8847 | Total_Iter: 22971
[7657/10001] End of Epoch | Avg_Loss_D: -600.5256 | Avg_Loss_G: 4265.3466 | Total_Iter: 22974
[7658/10001] End of Epoch | Avg_Loss_D: -212.1991 | Avg_Loss_G: 4133.5003 | Total_Iter: 22977
[7659/10001] End of Epoch | Avg_Loss_D: -1252.4762 | Avg_Loss_G: 4042.8079 | Total_Iter: 22980
[7660/10001] End of Epoch | Avg_Loss_D: -1032.0621 | Avg_Loss_G: 4148.8998 | Total_Iter: 22983
[7661/10001] End of Epoch | Avg_Loss_D: -1589.7455 | Avg_Loss_G: 4096.8396 | Total_Iter: 22986
[7662/10001] End of Epoch | Avg_Loss_D: -2049.1331 | Avg_Loss_G: 3874.2735 | Total_Iter: 22989
[7663/10001] End of Epoch | Avg_Loss_D: -700.3991 | Avg_Loss_G: 3888.4666 | Total_Iter: 22992
[7664/10001] End of Epoch | Avg_Loss_D: -1353.5231 | Avg_Loss_G: 4143.3492 | Total_Iter: 22995
[7665/10001] End of Epoch | Avg_Loss_D: -2093.9249 | Avg_Loss_G: 4106.8452 | Total_Iter: 22998
[7666/10001] End of Epoch | Avg_Loss_D: -1953.9635 | Avg_Loss_G: 3389.7145 | Total_Iter: 23001
[7667/10001] End of Epoch | Avg_Loss_D: -190.2863 | Avg_Loss_G: 4284.3359 | Total_Iter: 23004
[7668/10001] End of Epoch | Avg_Loss_D: 177.4145 | Avg_Loss_G: 4514.7565 | Total_Iter: 23007
[7669/10001] End of Epoch | Avg_Loss_D: 93.8670 | Avg_Loss_G: 4546.0192 | Total_Iter: 23010
[7670/10001] End of Epoch | Avg_Loss_D: 121.9582 | Avg_Loss_G: 4550.6007 | Total_Iter: 23013
[7671/10001] End of Epoch | Avg_Loss_D: -27.8633 | Avg_Loss_G: 4546.3094 | Total_Iter: 23016
[7672/10001] End of Epoch | Avg_Loss_D: -41.7865 | Avg_Loss_G: 4515.1035 | Total_Iter: 23019
[7673/10001] End of Epoch | Avg_Loss_D: 1.3680 | Avg_Loss_G: 4503.3319 | Total_Iter: 23022
[7674/10001] End of Epoch | Avg_Loss_D: 19.3434 | Avg_Loss_G: 4604.3706 | Total_Iter: 23025
[7675/10001] End of Epoch | Avg_Loss_D: 54.3896 | Avg_Loss_G: 4580.0111 | Total_Iter: 23028
[7676/10001] End of Epoch | Avg_Loss_D: -56.2534 | Avg_Loss_G: 4576.0354 | Total_Iter: 23031
[7677/10001] End of Epoch | Avg_Loss_D: 18.8329 | Avg_Loss_G: 4569.2712 | Total_Iter: 23034
[7678/10001] End of Epoch | Avg_Loss_D: 8.2398 | Avg_Loss_G: 4550.8656 | Total_Iter: 23037
[7679/10001] End of Epoch | Avg_Loss_D: 67.7159 | Avg_Loss_G: 4580.0229 | Total_Iter: 23040
[7680/10001] End of Epoch | Avg_Loss_D: -44.2527 | Avg_Loss_G: 4583.1988 | Total_Iter: 23043
[7681/10001] End of Epoch | Avg_Loss_D: -46.3466 | Avg_Loss_G: 4546.2160 | Total_Iter: 23046
[7682/10001] End of Epoch | Avg_Loss_D: 45.6246 | Avg_Loss_G: 4567.0281 | Total_Iter: 23049
[7683/10001] End of Epoch | Avg_Loss_D: -136.3694 | Avg_Loss_G: 4555.6440 | Total_Iter: 23052
[7684/10001] End of Epoch | Avg_Loss_D: -109.8268 | Avg_Loss_G: 4579.5988 | Total_Iter: 23055
[7685/10001] End of Epoch | Avg_Loss_D: 1.7352 | Avg_Loss_G: 4557.3326 | Total_Iter: 23058
[7686/10001] End of Epoch | Avg_Loss_D: -67.6785 | Avg_Loss_G: 4563.6892 | Total_Iter: 23061
[7687/10001] End of Epoch | Avg_Loss_D: -28.9152 | Avg_Loss_G: 4584.5782 | Total_Iter: 23064
[7688/10001] End of Epoch | Avg_Loss_D: -67.3956 | Avg_Loss_G: 4566.8497 | Total_Iter: 23067
[7689/10001] End of Epoch | Avg_Loss_D: -43.6538 | Avg_Loss_G: 4562.6992 | Total_Iter: 23070
[7690/10001] End of Epoch | Avg_Loss_D: 41.2517 | Avg_Loss_G: 4532.4295 | Total_Iter: 23073
[7691/10001] End of Epoch | Avg_Loss_D: -112.0610 | Avg_Loss_G: 4558.1299 | Total_Iter: 23076
[7692/10001] End of Epoch | Avg_Loss_D: -178.7083 | Avg_Loss_G: 4576.1964 | Total_Iter: 23079
[7693/10001] End of Epoch | Avg_Loss_D: -118.4047 | Avg_Loss_G: 4514.1701 | Total_Iter: 23082
[7694/10001] End of Epoch | Avg_Loss_D: -134.4079 | Avg_Loss_G: 4543.9889 | Total_Iter: 23085
[7695/10001] End of Epoch | Avg_Loss_D: 21.7380 | Avg_Loss_G: 4540.3859 | Total_Iter: 23088
[7696/10001] End of Epoch | Avg_Loss_D: -199.3171 | Avg_Loss_G: 4523.0554 | Total_Iter: 23091
[7697/10001] End of Epoch | Avg_Loss_D: -77.9607 | Avg_Loss_G: 4545.0735 | Total_Iter: 23094
[7698/10001] End of Epoch | Avg_Loss_D: -123.9971 | Avg_Loss_G: 4511.0265 | Total_Iter: 23097
[7699/10001] End of Epoch | Avg_Loss_D: -59.0023 | Avg_Loss_G: 4476.4103 | Total_Iter: 23100
[7700/10001] End of Epoch | Avg_Loss_D: -169.1642 | Avg_Loss_G: 4525.8372 | Total_Iter: 23103
[7701/10001] End of Epoch | Avg_Loss_D: -326.3516 | Avg_Loss_G: 4481.4775 | Total_Iter: 23106
[7702/10001] End of Epoch | Avg_Loss_D: 47.4638 | Avg_Loss_G: 4538.5281 | Total_Iter: 23109
[7703/10001] End of Epoch | Avg_Loss_D: -394.1494 | Avg_Loss_G: 4527.9243 | Total_Iter: 23112
[7704/10001] End of Epoch | Avg_Loss_D: 47.0755 | Avg_Loss_G: 4534.9176 | Total_Iter: 23115
[7705/10001] End of Epoch | Avg_Loss_D: -321.8352 | Avg_Loss_G: 4557.0713 | Total_Iter: 23118
[7706/10001] End of Epoch | Avg_Loss_D: -634.5785 | Avg_Loss_G: 4564.3005 | Total_Iter: 23121
[7707/10001] End of Epoch | Avg_Loss_D: -132.7557 | Avg_Loss_G: 4577.2191 | Total_Iter: 23124
[7708/10001] End of Epoch | Avg_Loss_D: -463.3047 | Avg_Loss_G: 4531.1482 | Total_Iter: 23127
[7709/10001] End of Epoch | Avg_Loss_D: -358.6086 | Avg_Loss_G: 3883.6259 | Total_Iter: 23130
[7710/10001] End of Epoch | Avg_Loss_D: -314.7231 | Avg_Loss_G: 4640.0319 | Total_Iter: 23133
[7711/10001] End of Epoch | Avg_Loss_D: -240.5762 | Avg_Loss_G: 4506.3752 | Total_Iter: 23136
[7712/10001] End of Epoch | Avg_Loss_D: -228.0800 | Avg_Loss_G: 4525.2909 | Total_Iter: 23139
[7713/10001] End of Epoch | Avg_Loss_D: -697.0027 | Avg_Loss_G: 4529.5987 | Total_Iter: 23142
[7714/10001] End of Epoch | Avg_Loss_D: -1148.5778 | Avg_Loss_G: 4437.1120 | Total_Iter: 23145
[7715/10001] End of Epoch | Avg_Loss_D: -118.5324 | Avg_Loss_G: 4668.1533 | Total_Iter: 23148
[7716/10001] End of Epoch | Avg_Loss_D: -755.4126 | Avg_Loss_G: 4658.2172 | Total_Iter: 23151
[7717/10001] End of Epoch | Avg_Loss_D: 132.5822 | Avg_Loss_G: 4150.0929 | Total_Iter: 23154
[7718/10001] End of Epoch | Avg_Loss_D: -552.9194 | Avg_Loss_G: 4397.0028 | Total_Iter: 23157
[7719/10001] End of Epoch | Avg_Loss_D: -1373.1628 | Avg_Loss_G: 4592.7717 | Total_Iter: 23160
[7720/10001] End of Epoch | Avg_Loss_D: -434.4742 | Avg_Loss_G: 4457.1221 | Total_Iter: 23163
[7721/10001] End of Epoch | Avg_Loss_D: -948.7124 | Avg_Loss_G: 4561.6406 | Total_Iter: 23166
[7722/10001] End of Epoch | Avg_Loss_D: -661.8931 | Avg_Loss_G: 4630.1445 | Total_Iter: 23169
[7723/10001] End of Epoch | Avg_Loss_D: -338.6034 | Avg_Loss_G: 4365.2120 | Total_Iter: 23172
[7724/10001] End of Epoch | Avg_Loss_D: -558.8651 | Avg_Loss_G: 4672.6809 | Total_Iter: 23175
[7725/10001] End of Epoch | Avg_Loss_D: -430.6881 | Avg_Loss_G: 4600.7029 | Total_Iter: 23178
[7726/10001] End of Epoch | Avg_Loss_D: -648.1020 | Avg_Loss_G: 3407.5894 | Total_Iter: 23181
[7727/10001] End of Epoch | Avg_Loss_D: -2810.8118 | Avg_Loss_G: 4386.8018 | Total_Iter: 23184
[7728/10001] End of Epoch | Avg_Loss_D: -1030.3898 | Avg_Loss_G: 4438.0543 | Total_Iter: 23187
[7729/10001] End of Epoch | Avg_Loss_D: -859.7231 | Avg_Loss_G: 4224.4650 | Total_Iter: 23190
[7730/10001] End of Epoch | Avg_Loss_D: -431.8194 | Avg_Loss_G: 4400.3053 | Total_Iter: 23193
[7731/10001] End of Epoch | Avg_Loss_D: -808.6864 | Avg_Loss_G: 4311.3200 | Total_Iter: 23196
[7732/10001] End of Epoch | Avg_Loss_D: -253.7943 | Avg_Loss_G: 3155.5642 | Total_Iter: 23199
[7733/10001] End of Epoch | Avg_Loss_D: -2295.0642 | Avg_Loss_G: 4392.5163 | Total_Iter: 23202
[7734/10001] End of Epoch | Avg_Loss_D: 556.8588 | Avg_Loss_G: 4567.7063 | Total_Iter: 23205
[7735/10001] End of Epoch | Avg_Loss_D: -391.7814 | Avg_Loss_G: 4530.2386 | Total_Iter: 23208
[7736/10001] End of Epoch | Avg_Loss_D: -531.4704 | Avg_Loss_G: 4244.0679 | Total_Iter: 23211
[7737/10001] End of Epoch | Avg_Loss_D: -394.3670 | Avg_Loss_G: 4234.7350 | Total_Iter: 23214
[7738/10001] End of Epoch | Avg_Loss_D: -712.1633 | Avg_Loss_G: 4605.6278 | Total_Iter: 23217
[7739/10001] End of Epoch | Avg_Loss_D: -630.4988 | Avg_Loss_G: 4598.2177 | Total_Iter: 23220
[7740/10001] End of Epoch | Avg_Loss_D: -1215.9333 | Avg_Loss_G: 4588.2849 | Total_Iter: 23223
[7741/10001] End of Epoch | Avg_Loss_D: -185.9394 | Avg_Loss_G: 3968.6248 | Total_Iter: 23226
[7742/10001] End of Epoch | Avg_Loss_D: 71.9226 | Avg_Loss_G: 4668.6726 | Total_Iter: 23229
[7743/10001] End of Epoch | Avg_Loss_D: -1010.5815 | Avg_Loss_G: 4616.7052 | Total_Iter: 23232
[7744/10001] End of Epoch | Avg_Loss_D: -643.3327 | Avg_Loss_G: 4722.8107 | Total_Iter: 23235
[7745/10001] End of Epoch | Avg_Loss_D: -373.3382 | Avg_Loss_G: 4324.1939 | Total_Iter: 23238
[7746/10001] End of Epoch | Avg_Loss_D: -746.5156 | Avg_Loss_G: 3973.2742 | Total_Iter: 23241
[7747/10001] End of Epoch | Avg_Loss_D: -37.6583 | Avg_Loss_G: 4554.3447 | Total_Iter: 23244
[7748/10001] End of Epoch | Avg_Loss_D: -1965.5911 | Avg_Loss_G: 4447.7441 | Total_Iter: 23247
[7749/10001] End of Epoch | Avg_Loss_D: -3639.1666 | Avg_Loss_G: 4432.4644 | Total_Iter: 23250
[7750/10001] End of Epoch | Avg_Loss_D: -1287.9689 | Avg_Loss_G: 4512.7891 | Total_Iter: 23253
[7751/10001] End of Epoch | Avg_Loss_D: -1517.8073 | Avg_Loss_G: 4561.8933 | Total_Iter: 23256
[7752/10001] End of Epoch | Avg_Loss_D: -3733.4202 | Avg_Loss_G: 4551.2977 | Total_Iter: 23259
[7753/10001] End of Epoch | Avg_Loss_D: 6926.5146 | Avg_Loss_G: 4523.4905 | Total_Iter: 23262
[7754/10001] End of Epoch | Avg_Loss_D: -1196.4688 | Avg_Loss_G: 4456.5177 | Total_Iter: 23265
[7755/10001] End of Epoch | Avg_Loss_D: -641.5678 | Avg_Loss_G: 4480.3021 | Total_Iter: 23268
[7756/10001] End of Epoch | Avg_Loss_D: -2550.6494 | Avg_Loss_G: 4497.9094 | Total_Iter: 23271
[7757/10001] End of Epoch | Avg_Loss_D: -1495.5394 | Avg_Loss_G: 4482.9827 | Total_Iter: 23274
[7758/10001] End of Epoch | Avg_Loss_D: -313.3652 | Avg_Loss_G: 4475.1286 | Total_Iter: 23277
[7759/10001] End of Epoch | Avg_Loss_D: 12928.2727 | Avg_Loss_G: 4457.3913 | Total_Iter: 23280
[7760/10001] End of Epoch | Avg_Loss_D: -403.4054 | Avg_Loss_G: 4424.7716 | Total_Iter: 23283
[7761/10001] End of Epoch | Avg_Loss_D: -614.0481 | Avg_Loss_G: 4443.7783 | Total_Iter: 23286
[7762/10001] End of Epoch | Avg_Loss_D: -108.2972 | Avg_Loss_G: 4454.2340 | Total_Iter: 23289
[7763/10001] End of Epoch | Avg_Loss_D: -560.4223 | Avg_Loss_G: 4480.9813 | Total_Iter: 23292
[7764/10001] End of Epoch | Avg_Loss_D: -150.9492 | Avg_Loss_G: 4488.9163 | Total_Iter: 23295
[7765/10001] End of Epoch | Avg_Loss_D: -1329.2784 | Avg_Loss_G: 4467.8646 | Total_Iter: 23298
[7766/10001] End of Epoch | Avg_Loss_D: -784.5812 | Avg_Loss_G: 4472.1890 | Total_Iter: 23301
[7767/10001] End of Epoch | Avg_Loss_D: -392.3246 | Avg_Loss_G: 4490.8607 | Total_Iter: 23304
[7768/10001] End of Epoch | Avg_Loss_D: -1320.7875 | Avg_Loss_G: 4508.2146 | Total_Iter: 23307
[7769/10001] End of Epoch | Avg_Loss_D: -2537.1549 | Avg_Loss_G: 4497.8085 | Total_Iter: 23310
[7770/10001] End of Epoch | Avg_Loss_D: -1130.3103 | Avg_Loss_G: 4506.9281 | Total_Iter: 23313
[7771/10001] End of Epoch | Avg_Loss_D: -1676.8275 | Avg_Loss_G: 4510.0885 | Total_Iter: 23316
[7772/10001] End of Epoch | Avg_Loss_D: -1443.7969 | Avg_Loss_G: 4542.8260 | Total_Iter: 23319
[7773/10001] End of Epoch | Avg_Loss_D: -2969.6762 | Avg_Loss_G: 4554.1576 | Total_Iter: 23322
[7774/10001] End of Epoch | Avg_Loss_D: -3464.9176 | Avg_Loss_G: 4539.4092 | Total_Iter: 23325
[7775/10001] End of Epoch | Avg_Loss_D: -1696.8426 | Avg_Loss_G: 4536.3169 | Total_Iter: 23328
[7776/10001] End of Epoch | Avg_Loss_D: -4886.2331 | Avg_Loss_G: 4548.4885 | Total_Iter: 23331
[7777/10001] End of Epoch | Avg_Loss_D: -4882.6217 | Avg_Loss_G: 4529.8211 | Total_Iter: 23334
[7778/10001] End of Epoch | Avg_Loss_D: -2741.8496 | Avg_Loss_G: 4562.6229 | Total_Iter: 23337
[7779/10001] End of Epoch | Avg_Loss_D: -3793.8941 | Avg_Loss_G: 4532.0114 | Total_Iter: 23340
[7780/10001] End of Epoch | Avg_Loss_D: -4796.3423 | Avg_Loss_G: 4534.4771 | Total_Iter: 23343
[7781/10001] End of Epoch | Avg_Loss_D: -3476.3638 | Avg_Loss_G: 4544.0990 | Total_Iter: 23346
[7782/10001] End of Epoch | Avg_Loss_D: 4048.1929 | Avg_Loss_G: 4252.3069 | Total_Iter: 23349
[7783/10001] End of Epoch | Avg_Loss_D: 18.4429 | Avg_Loss_G: 4477.7412 | Total_Iter: 23352
[7784/10001] End of Epoch | Avg_Loss_D: -55.4721 | Avg_Loss_G: 4417.7119 | Total_Iter: 23355
[7785/10001] End of Epoch | Avg_Loss_D: -23.4052 | Avg_Loss_G: 4454.3872 | Total_Iter: 23358
[7786/10001] End of Epoch | Avg_Loss_D: 119.0425 | Avg_Loss_G: 4403.2941 | Total_Iter: 23361
[7787/10001] End of Epoch | Avg_Loss_D: -11.6898 | Avg_Loss_G: 4518.2221 | Total_Iter: 23364
[7788/10001] End of Epoch | Avg_Loss_D: -260.7566 | Avg_Loss_G: 4472.9384 | Total_Iter: 23367
[7789/10001] End of Epoch | Avg_Loss_D: -282.3384 | Avg_Loss_G: 4257.4173 | Total_Iter: 23370
[7790/10001] End of Epoch | Avg_Loss_D: 224.5529 | Avg_Loss_G: 4512.1209 | Total_Iter: 23373
[7791/10001] End of Epoch | Avg_Loss_D: -538.5685 | Avg_Loss_G: 4206.4721 | Total_Iter: 23376
[7792/10001] End of Epoch | Avg_Loss_D: -642.7853 | Avg_Loss_G: 4078.1990 | Total_Iter: 23379
[7793/10001] End of Epoch | Avg_Loss_D: -517.7529 | Avg_Loss_G: 3739.8441 | Total_Iter: 23382
[7794/10001] End of Epoch | Avg_Loss_D: -584.4111 | Avg_Loss_G: 4462.0065 | Total_Iter: 23385
[7795/10001] End of Epoch | Avg_Loss_D: -508.3006 | Avg_Loss_G: 4304.9699 | Total_Iter: 23388
[7796/10001] End of Epoch | Avg_Loss_D: 11.5456 | Avg_Loss_G: 3383.9785 | Total_Iter: 23391
[7797/10001] End of Epoch | Avg_Loss_D: -314.3154 | Avg_Loss_G: 4055.2198 | Total_Iter: 23394
[7798/10001] End of Epoch | Avg_Loss_D: -6.3715 | Avg_Loss_G: 3869.8403 | Total_Iter: 23397
[7799/10001] End of Epoch | Avg_Loss_D: -2272.2568 | Avg_Loss_G: 3880.7375 | Total_Iter: 23400
[7800/10001] End of Epoch | Avg_Loss_D: -216.3686 | Avg_Loss_G: 3895.5548 | Total_Iter: 23403
[7801/10001] End of Epoch | Avg_Loss_D: -875.0685 | Avg_Loss_G: 3461.3442 | Total_Iter: 23406
[7802/10001] End of Epoch | Avg_Loss_D: -295.7621 | Avg_Loss_G: 3918.5331 | Total_Iter: 23409
[7803/10001] End of Epoch | Avg_Loss_D: -981.3065 | Avg_Loss_G: 3916.3455 | Total_Iter: 23412
[7804/10001] End of Epoch | Avg_Loss_D: -514.2450 | Avg_Loss_G: 3947.9769 | Total_Iter: 23415
[7805/10001] End of Epoch | Avg_Loss_D: -2354.3894 | Avg_Loss_G: 4214.5683 | Total_Iter: 23418
[7806/10001] End of Epoch | Avg_Loss_D: -2539.9806 | Avg_Loss_G: 3265.7677 | Total_Iter: 23421
[7807/10001] End of Epoch | Avg_Loss_D: -1466.0863 | Avg_Loss_G: 4024.3420 | Total_Iter: 23424
[7808/10001] End of Epoch | Avg_Loss_D: -1549.0208 | Avg_Loss_G: 3740.7432 | Total_Iter: 23427
[7809/10001] End of Epoch | Avg_Loss_D: -1842.5681 | Avg_Loss_G: 3650.5367 | Total_Iter: 23430
[7810/10001] End of Epoch | Avg_Loss_D: -1155.8171 | Avg_Loss_G: 3314.1106 | Total_Iter: 23433
[7811/10001] End of Epoch | Avg_Loss_D: -1385.2916 | Avg_Loss_G: 4042.8398 | Total_Iter: 23436
[7812/10001] End of Epoch | Avg_Loss_D: -1155.5543 | Avg_Loss_G: 4011.6019 | Total_Iter: 23439
[7813/10001] End of Epoch | Avg_Loss_D: -2368.4971 | Avg_Loss_G: 4078.1160 | Total_Iter: 23442
[7814/10001] End of Epoch | Avg_Loss_D: -1130.7869 | Avg_Loss_G: 4170.8607 | Total_Iter: 23445
[7815/10001] End of Epoch | Avg_Loss_D: -1951.5407 | Avg_Loss_G: 3618.7159 | Total_Iter: 23448
[7816/10001] End of Epoch | Avg_Loss_D: -2792.1646 | Avg_Loss_G: 3565.5711 | Total_Iter: 23451
[7817/10001] End of Epoch | Avg_Loss_D: -3184.0713 | Avg_Loss_G: 3883.8678 | Total_Iter: 23454
[7818/10001] End of Epoch | Avg_Loss_D: -2274.3804 | Avg_Loss_G: 4070.2298 | Total_Iter: 23457
[7819/10001] End of Epoch | Avg_Loss_D: -1435.2039 | Avg_Loss_G: 3895.1069 | Total_Iter: 23460
[7820/10001] End of Epoch | Avg_Loss_D: -2656.9794 | Avg_Loss_G: 3379.0154 | Total_Iter: 23463
[7821/10001] End of Epoch | Avg_Loss_D: -3929.9395 | Avg_Loss_G: 3483.2134 | Total_Iter: 23466
[7822/10001] End of Epoch | Avg_Loss_D: -2110.6592 | Avg_Loss_G: 3945.8747 | Total_Iter: 23469
[7823/10001] End of Epoch | Avg_Loss_D: -1020.3610 | Avg_Loss_G: 3767.5123 | Total_Iter: 23472
[7824/10001] End of Epoch | Avg_Loss_D: -2372.7367 | Avg_Loss_G: 4195.3997 | Total_Iter: 23475
[7825/10001] End of Epoch | Avg_Loss_D: -3011.5033 | Avg_Loss_G: 3320.9615 | Total_Iter: 23478
[7826/10001] End of Epoch | Avg_Loss_D: -3418.1889 | Avg_Loss_G: 3879.7799 | Total_Iter: 23481
[7827/10001] End of Epoch | Avg_Loss_D: -3084.5653 | Avg_Loss_G: 3892.6126 | Total_Iter: 23484
[7828/10001] End of Epoch | Avg_Loss_D: -1083.8344 | Avg_Loss_G: 4314.8117 | Total_Iter: 23487
[7829/10001] End of Epoch | Avg_Loss_D: -1642.5273 | Avg_Loss_G: 3813.6329 | Total_Iter: 23490
[7830/10001] End of Epoch | Avg_Loss_D: -3037.5729 | Avg_Loss_G: 4126.7696 | Total_Iter: 23493
[7831/10001] End of Epoch | Avg_Loss_D: -2749.1819 | Avg_Loss_G: 3445.9691 | Total_Iter: 23496
[7832/10001] End of Epoch | Avg_Loss_D: -4759.2868 | Avg_Loss_G: 4148.8154 | Total_Iter: 23499
[7833/10001] End of Epoch | Avg_Loss_D: -3656.1743 | Avg_Loss_G: 3624.9003 | Total_Iter: 23502
[7834/10001] End of Epoch | Avg_Loss_D: -3185.0079 | Avg_Loss_G: 3862.8060 | Total_Iter: 23505
[7835/10001] End of Epoch | Avg_Loss_D: -2523.0814 | Avg_Loss_G: 3834.5966 | Total_Iter: 23508
[7836/10001] End of Epoch | Avg_Loss_D: 1546.9109 | Avg_Loss_G: 4354.6738 | Total_Iter: 23511
[7837/10001] End of Epoch | Avg_Loss_D: -883.0413 | Avg_Loss_G: 4132.8410 | Total_Iter: 23514
[7838/10001] End of Epoch | Avg_Loss_D: -292.6512 | Avg_Loss_G: 4100.4211 | Total_Iter: 23517
[7839/10001] End of Epoch | Avg_Loss_D: -1023.9308 | Avg_Loss_G: 4023.7376 | Total_Iter: 23520
[7840/10001] End of Epoch | Avg_Loss_D: -2501.6527 | Avg_Loss_G: 4331.0058 | Total_Iter: 23523
[7841/10001] End of Epoch | Avg_Loss_D: -163.4291 | Avg_Loss_G: 4240.3741 | Total_Iter: 23526
[7842/10001] End of Epoch | Avg_Loss_D: -1186.7807 | Avg_Loss_G: 3893.6688 | Total_Iter: 23529
[7843/10001] End of Epoch | Avg_Loss_D: -1660.7051 | Avg_Loss_G: 3763.4239 | Total_Iter: 23532
[7844/10001] End of Epoch | Avg_Loss_D: -4171.7858 | Avg_Loss_G: 3815.9801 | Total_Iter: 23535
[7845/10001] End of Epoch | Avg_Loss_D: -2608.8399 | Avg_Loss_G: 4210.7835 | Total_Iter: 23538
[7846/10001] End of Epoch | Avg_Loss_D: -1726.7589 | Avg_Loss_G: 4032.7860 | Total_Iter: 23541
[7847/10001] End of Epoch | Avg_Loss_D: -2970.2357 | Avg_Loss_G: 3891.2044 | Total_Iter: 23544
[7848/10001] End of Epoch | Avg_Loss_D: -4034.0403 | Avg_Loss_G: 3995.6024 | Total_Iter: 23547
[7849/10001] End of Epoch | Avg_Loss_D: -3216.2747 | Avg_Loss_G: 3900.3678 | Total_Iter: 23550
[7850/10001] End of Epoch | Avg_Loss_D: -3515.4686 | Avg_Loss_G: 4235.0749 | Total_Iter: 23553
[7851/10001] End of Epoch | Avg_Loss_D: -3631.7463 | Avg_Loss_G: 3677.2150 | Total_Iter: 23556
[7852/10001] End of Epoch | Avg_Loss_D: -2758.3924 | Avg_Loss_G: 3667.0577 | Total_Iter: 23559
[7853/10001] End of Epoch | Avg_Loss_D: -2578.0262 | Avg_Loss_G: 3536.8174 | Total_Iter: 23562
[7854/10001] End of Epoch | Avg_Loss_D: -3154.3674 | Avg_Loss_G: 2917.4635 | Total_Iter: 23565
[7855/10001] End of Epoch | Avg_Loss_D: -4660.3575 | Avg_Loss_G: 3677.5598 | Total_Iter: 23568
[7856/10001] End of Epoch | Avg_Loss_D: -3504.3547 | Avg_Loss_G: 3420.4579 | Total_Iter: 23571
[7857/10001] End of Epoch | Avg_Loss_D: -2392.8099 | Avg_Loss_G: 3982.1688 | Total_Iter: 23574
[7858/10001] End of Epoch | Avg_Loss_D: -3020.9250 | Avg_Loss_G: 3380.3657 | Total_Iter: 23577
[7859/10001] End of Epoch | Avg_Loss_D: -709.7089 | Avg_Loss_G: 4365.1702 | Total_Iter: 23580
[7860/10001] End of Epoch | Avg_Loss_D: -4825.6713 | Avg_Loss_G: 4236.9586 | Total_Iter: 23583
[7861/10001] End of Epoch | Avg_Loss_D: -2795.5130 | Avg_Loss_G: 3620.0999 | Total_Iter: 23586
[7862/10001] End of Epoch | Avg_Loss_D: -4323.9521 | Avg_Loss_G: 3825.3828 | Total_Iter: 23589
[7863/10001] End of Epoch | Avg_Loss_D: -4603.5289 | Avg_Loss_G: 3301.8185 | Total_Iter: 23592
[7864/10001] End of Epoch | Avg_Loss_D: -4458.7611 | Avg_Loss_G: 3849.2869 | Total_Iter: 23595
[7865/10001] End of Epoch | Avg_Loss_D: -5002.7937 | Avg_Loss_G: 3769.3484 | Total_Iter: 23598
[7866/10001] End of Epoch | Avg_Loss_D: -3384.7509 | Avg_Loss_G: 4207.1082 | Total_Iter: 23601
[7867/10001] End of Epoch | Avg_Loss_D: -3907.4780 | Avg_Loss_G: 4210.9265 | Total_Iter: 23604
[7868/10001] End of Epoch | Avg_Loss_D: -4110.7703 | Avg_Loss_G: 4002.3048 | Total_Iter: 23607
[7869/10001] End of Epoch | Avg_Loss_D: -2067.6504 | Avg_Loss_G: 3728.3014 | Total_Iter: 23610
[7870/10001] End of Epoch | Avg_Loss_D: -4382.1453 | Avg_Loss_G: 3174.3069 | Total_Iter: 23613
[7871/10001] End of Epoch | Avg_Loss_D: -2712.4488 | Avg_Loss_G: 3083.9995 | Total_Iter: 23616
[7872/10001] End of Epoch | Avg_Loss_D: -4851.3346 | Avg_Loss_G: 4330.4889 | Total_Iter: 23619
[7873/10001] End of Epoch | Avg_Loss_D: -4591.7141 | Avg_Loss_G: 3906.7756 | Total_Iter: 23622
[7874/10001] End of Epoch | Avg_Loss_D: -4575.8519 | Avg_Loss_G: 4257.6598 | Total_Iter: 23625
[7875/10001] End of Epoch | Avg_Loss_D: -2411.0756 | Avg_Loss_G: 3623.4279 | Total_Iter: 23628
[7876/10001] End of Epoch | Avg_Loss_D: -4321.6381 | Avg_Loss_G: 4268.3198 | Total_Iter: 23631
[7877/10001] End of Epoch | Avg_Loss_D: -1268.6503 | Avg_Loss_G: 4231.0528 | Total_Iter: 23634
[7878/10001] End of Epoch | Avg_Loss_D: -3551.3990 | Avg_Loss_G: 4102.3067 | Total_Iter: 23637
[7879/10001] End of Epoch | Avg_Loss_D: -4671.9991 | Avg_Loss_G: 2827.4266 | Total_Iter: 23640
[7880/10001] End of Epoch | Avg_Loss_D: 12183.5310 | Avg_Loss_G: 4478.8473 | Total_Iter: 23643
[7881/10001] End of Epoch | Avg_Loss_D: 155.0879 | Avg_Loss_G: 4575.0346 | Total_Iter: 23646
[7882/10001] End of Epoch | Avg_Loss_D: 142.9526 | Avg_Loss_G: 4660.3515 | Total_Iter: 23649
[7883/10001] End of Epoch | Avg_Loss_D: 50.2145 | Avg_Loss_G: 4687.2434 | Total_Iter: 23652
[7884/10001] End of Epoch | Avg_Loss_D: 154.4261 | Avg_Loss_G: 4670.7222 | Total_Iter: 23655
[7885/10001] End of Epoch | Avg_Loss_D: 39.8788 | Avg_Loss_G: 4691.3012 | Total_Iter: 23658
[7886/10001] End of Epoch | Avg_Loss_D: -58.4420 | Avg_Loss_G: 4679.5314 | Total_Iter: 23661
[7887/10001] End of Epoch | Avg_Loss_D: 79.1576 | Avg_Loss_G: 4690.1385 | Total_Iter: 23664
[7888/10001] End of Epoch | Avg_Loss_D: -101.2011 | Avg_Loss_G: 4713.7271 | Total_Iter: 23667
[7889/10001] End of Epoch | Avg_Loss_D: 101.9378 | Avg_Loss_G: 4710.1280 | Total_Iter: 23670
[7890/10001] End of Epoch | Avg_Loss_D: -42.6002 | Avg_Loss_G: 4686.4519 | Total_Iter: 23673
[7891/10001] End of Epoch | Avg_Loss_D: 196.0800 | Avg_Loss_G: 4754.5107 | Total_Iter: 23676
[7892/10001] End of Epoch | Avg_Loss_D: -292.1443 | Avg_Loss_G: 4733.2920 | Total_Iter: 23679
[7893/10001] End of Epoch | Avg_Loss_D: -14.7726 | Avg_Loss_G: 4641.8915 | Total_Iter: 23682
[7894/10001] End of Epoch | Avg_Loss_D: -780.1522 | Avg_Loss_G: 4567.9680 | Total_Iter: 23685
[7895/10001] End of Epoch | Avg_Loss_D: -609.5687 | Avg_Loss_G: 4406.5712 | Total_Iter: 23688
[7896/10001] End of Epoch | Avg_Loss_D: -585.0402 | Avg_Loss_G: 4428.5742 | Total_Iter: 23691
[7897/10001] End of Epoch | Avg_Loss_D: -336.3320 | Avg_Loss_G: 4246.9410 | Total_Iter: 23694
[7898/10001] End of Epoch | Avg_Loss_D: -1774.8196 | Avg_Loss_G: 3571.6680 | Total_Iter: 23697
[7899/10001] End of Epoch | Avg_Loss_D: -1302.7717 | Avg_Loss_G: 4266.0639 | Total_Iter: 23700
[7900/10001] End of Epoch | Avg_Loss_D: -1084.9315 | Avg_Loss_G: 3931.2755 | Total_Iter: 23703
[7901/10001] End of Epoch | Avg_Loss_D: -1541.4984 | Avg_Loss_G: 3805.5205 | Total_Iter: 23706
[7902/10001] End of Epoch | Avg_Loss_D: -2053.7544 | Avg_Loss_G: 3354.3372 | Total_Iter: 23709
[7903/10001] End of Epoch | Avg_Loss_D: -2641.2731 | Avg_Loss_G: 3618.9548 | Total_Iter: 23712
[7904/10001] End of Epoch | Avg_Loss_D: -736.6375 | Avg_Loss_G: 4358.5982 | Total_Iter: 23715
[7905/10001] End of Epoch | Avg_Loss_D: -2840.3912 | Avg_Loss_G: 3839.3933 | Total_Iter: 23718
[7906/10001] End of Epoch | Avg_Loss_D: -2350.4394 | Avg_Loss_G: 2364.2160 | Total_Iter: 23721
[7907/10001] End of Epoch | Avg_Loss_D: -1836.2587 | Avg_Loss_G: 3734.6797 | Total_Iter: 23724
[7908/10001] End of Epoch | Avg_Loss_D: -2448.9453 | Avg_Loss_G: 3978.3955 | Total_Iter: 23727
[7909/10001] End of Epoch | Avg_Loss_D: -1437.4563 | Avg_Loss_G: 3349.1265 | Total_Iter: 23730
[7910/10001] End of Epoch | Avg_Loss_D: -1713.8401 | Avg_Loss_G: 3699.9633 | Total_Iter: 23733
[7911/10001] End of Epoch | Avg_Loss_D: -2722.5801 | Avg_Loss_G: 3910.1284 | Total_Iter: 23736
[7912/10001] End of Epoch | Avg_Loss_D: -4174.5948 | Avg_Loss_G: 3794.7250 | Total_Iter: 23739
[7913/10001] End of Epoch | Avg_Loss_D: -2320.1713 | Avg_Loss_G: 3950.7754 | Total_Iter: 23742
[7914/10001] End of Epoch | Avg_Loss_D: -2633.0859 | Avg_Loss_G: 3877.7878 | Total_Iter: 23745
[7915/10001] End of Epoch | Avg_Loss_D: -2902.1727 | Avg_Loss_G: 3398.7184 | Total_Iter: 23748
[7916/10001] End of Epoch | Avg_Loss_D: -3476.6002 | Avg_Loss_G: 2968.8384 | Total_Iter: 23751
[7917/10001] End of Epoch | Avg_Loss_D: -3911.2209 | Avg_Loss_G: 3880.4791 | Total_Iter: 23754
[7918/10001] End of Epoch | Avg_Loss_D: -4485.0751 | Avg_Loss_G: 3811.1375 | Total_Iter: 23757
[7919/10001] End of Epoch | Avg_Loss_D: -4958.5168 | Avg_Loss_G: 4314.1489 | Total_Iter: 23760
[7920/10001] End of Epoch | Avg_Loss_D: -3183.8977 | Avg_Loss_G: 3216.0905 | Total_Iter: 23763
[7921/10001] End of Epoch | Avg_Loss_D: -5106.4698 | Avg_Loss_G: 4161.6038 | Total_Iter: 23766
[7922/10001] End of Epoch | Avg_Loss_D: -4686.9183 | Avg_Loss_G: 3954.2465 | Total_Iter: 23769
[7923/10001] End of Epoch | Avg_Loss_D: -4811.0973 | Avg_Loss_G: 3887.7534 | Total_Iter: 23772
[7924/10001] End of Epoch | Avg_Loss_D: -2588.1443 | Avg_Loss_G: 3966.2227 | Total_Iter: 23775
[7925/10001] End of Epoch | Avg_Loss_D: -3253.4946 | Avg_Loss_G: 3833.5250 | Total_Iter: 23778
[7926/10001] End of Epoch | Avg_Loss_D: 794.0200 | Avg_Loss_G: 3949.7942 | Total_Iter: 23781
[7927/10001] End of Epoch | Avg_Loss_D: -162.2665 | Avg_Loss_G: 4587.0468 | Total_Iter: 23784
[7928/10001] End of Epoch | Avg_Loss_D: -471.4308 | Avg_Loss_G: 4558.2840 | Total_Iter: 23787
[7929/10001] End of Epoch | Avg_Loss_D: -848.8558 | Avg_Loss_G: 4208.0929 | Total_Iter: 23790
[7930/10001] End of Epoch | Avg_Loss_D: 148.7197 | Avg_Loss_G: 4119.9944 | Total_Iter: 23793
[7931/10001] End of Epoch | Avg_Loss_D: -256.2120 | Avg_Loss_G: 4538.6216 | Total_Iter: 23796
[7932/10001] End of Epoch | Avg_Loss_D: -1078.2273 | Avg_Loss_G: 3821.9921 | Total_Iter: 23799
[7933/10001] End of Epoch | Avg_Loss_D: -2179.8611 | Avg_Loss_G: 4142.5603 | Total_Iter: 23802
[7934/10001] End of Epoch | Avg_Loss_D: -1539.6814 | Avg_Loss_G: 3489.8306 | Total_Iter: 23805
[7935/10001] End of Epoch | Avg_Loss_D: -4214.7242 | Avg_Loss_G: 4013.1806 | Total_Iter: 23808
[7936/10001] End of Epoch | Avg_Loss_D: -4217.9682 | Avg_Loss_G: 4291.1222 | Total_Iter: 23811
[7937/10001] End of Epoch | Avg_Loss_D: -4891.5177 | Avg_Loss_G: 4060.9929 | Total_Iter: 23814
[7938/10001] End of Epoch | Avg_Loss_D: -3293.8458 | Avg_Loss_G: 4117.4948 | Total_Iter: 23817
[7939/10001] End of Epoch | Avg_Loss_D: -4635.0346 | Avg_Loss_G: 4089.2507 | Total_Iter: 23820
[7940/10001] End of Epoch | Avg_Loss_D: -3745.5647 | Avg_Loss_G: 3025.3474 | Total_Iter: 23823
[7941/10001] End of Epoch | Avg_Loss_D: -2833.6998 | Avg_Loss_G: 3683.3548 | Total_Iter: 23826
[7942/10001] End of Epoch | Avg_Loss_D: -4658.6075 | Avg_Loss_G: 2840.2831 | Total_Iter: 23829
[7943/10001] End of Epoch | Avg_Loss_D: -4403.4613 | Avg_Loss_G: 4178.6441 | Total_Iter: 23832
[7944/10001] End of Epoch | Avg_Loss_D: -4953.4677 | Avg_Loss_G: 3902.7372 | Total_Iter: 23835
[7945/10001] End of Epoch | Avg_Loss_D: -2581.5549 | Avg_Loss_G: 4230.9327 | Total_Iter: 23838
[7946/10001] End of Epoch | Avg_Loss_D: -4473.8661 | Avg_Loss_G: 3786.6791 | Total_Iter: 23841
[7947/10001] End of Epoch | Avg_Loss_D: -3689.7382 | Avg_Loss_G: 4307.2500 | Total_Iter: 23844
[7948/10001] End of Epoch | Avg_Loss_D: -1877.8761 | Avg_Loss_G: 3882.3750 | Total_Iter: 23847
[7949/10001] End of Epoch | Avg_Loss_D: -3567.8256 | Avg_Loss_G: 3334.0398 | Total_Iter: 23850
[7950/10001] End of Epoch | Avg_Loss_D: -5005.8576 | Avg_Loss_G: 4016.1173 | Total_Iter: 23853
[7951/10001] End of Epoch | Avg_Loss_D: -3791.7495 | Avg_Loss_G: 3494.6298 | Total_Iter: 23856
[7952/10001] End of Epoch | Avg_Loss_D: -5395.0112 | Avg_Loss_G: 3325.8273 | Total_Iter: 23859
[7953/10001] End of Epoch | Avg_Loss_D: -3821.6989 | Avg_Loss_G: 4325.3038 | Total_Iter: 23862
[7954/10001] End of Epoch | Avg_Loss_D: -5471.7626 | Avg_Loss_G: 4305.0347 | Total_Iter: 23865
[7955/10001] End of Epoch | Avg_Loss_D: -5361.5192 | Avg_Loss_G: 4498.7083 | Total_Iter: 23868
[7956/10001] End of Epoch | Avg_Loss_D: -5848.1350 | Avg_Loss_G: 3413.5436 | Total_Iter: 23871
[7957/10001] End of Epoch | Avg_Loss_D: -4112.4838 | Avg_Loss_G: 2676.5314 | Total_Iter: 23874
[7958/10001] End of Epoch | Avg_Loss_D: -2925.5285 | Avg_Loss_G: 4030.6373 | Total_Iter: 23877
[7959/10001] End of Epoch | Avg_Loss_D: -3481.0986 | Avg_Loss_G: 3528.5435 | Total_Iter: 23880
[7960/10001] End of Epoch | Avg_Loss_D: -5686.9964 | Avg_Loss_G: 4406.9786 | Total_Iter: 23883
[7961/10001] End of Epoch | Avg_Loss_D: -5758.1612 | Avg_Loss_G: 4193.7823 | Total_Iter: 23886
[7962/10001] End of Epoch | Avg_Loss_D: -3796.6376 | Avg_Loss_G: 3998.3965 | Total_Iter: 23889
[7963/10001] End of Epoch | Avg_Loss_D: -5079.7728 | Avg_Loss_G: 3753.3500 | Total_Iter: 23892
[7964/10001] End of Epoch | Avg_Loss_D: -5491.1656 | Avg_Loss_G: 3358.0240 | Total_Iter: 23895
[7965/10001] End of Epoch | Avg_Loss_D: -5256.3423 | Avg_Loss_G: 3426.2340 | Total_Iter: 23898
[7966/10001] End of Epoch | Avg_Loss_D: -3554.8613 | Avg_Loss_G: 3968.5226 | Total_Iter: 23901
[7967/10001] End of Epoch | Avg_Loss_D: -4427.6064 | Avg_Loss_G: 4129.3152 | Total_Iter: 23904
[7968/10001] End of Epoch | Avg_Loss_D: -5419.2895 | Avg_Loss_G: 4158.6698 | Total_Iter: 23907
[7969/10001] End of Epoch | Avg_Loss_D: -5705.1719 | Avg_Loss_G: 2930.0511 | Total_Iter: 23910
[7970/10001] End of Epoch | Avg_Loss_D: -5089.1744 | Avg_Loss_G: 4348.2633 | Total_Iter: 23913
[7971/10001] End of Epoch | Avg_Loss_D: -4656.9846 | Avg_Loss_G: 2635.4970 | Total_Iter: 23916
[7972/10001] End of Epoch | Avg_Loss_D: -4917.0988 | Avg_Loss_G: 3840.7702 | Total_Iter: 23919
[7973/10001] End of Epoch | Avg_Loss_D: -5774.3683 | Avg_Loss_G: 4266.7808 | Total_Iter: 23922
[7974/10001] End of Epoch | Avg_Loss_D: -4638.1936 | Avg_Loss_G: 4320.5863 | Total_Iter: 23925
[7975/10001] End of Epoch | Avg_Loss_D: -3059.6650 | Avg_Loss_G: 4354.5681 | Total_Iter: 23928
[7976/10001] End of Epoch | Avg_Loss_D: -5442.9310 | Avg_Loss_G: 3629.3635 | Total_Iter: 23931
[7977/10001] End of Epoch | Avg_Loss_D: -4982.5379 | Avg_Loss_G: 4415.9513 | Total_Iter: 23934
[7978/10001] End of Epoch | Avg_Loss_D: -5484.0676 | Avg_Loss_G: 4266.5909 | Total_Iter: 23937
[7979/10001] End of Epoch | Avg_Loss_D: -2593.6970 | Avg_Loss_G: 3521.9990 | Total_Iter: 23940
[7980/10001] End of Epoch | Avg_Loss_D: -4228.9113 | Avg_Loss_G: 3851.0306 | Total_Iter: 23943
[7981/10001] End of Epoch | Avg_Loss_D: -3781.0470 | Avg_Loss_G: 4037.7232 | Total_Iter: 23946
[7982/10001] End of Epoch | Avg_Loss_D: -4712.7489 | Avg_Loss_G: 3823.1300 | Total_Iter: 23949
[7983/10001] End of Epoch | Avg_Loss_D: -5463.7497 | Avg_Loss_G: 4102.3743 | Total_Iter: 23952
[7984/10001] End of Epoch | Avg_Loss_D: -5279.4536 | Avg_Loss_G: 3791.4614 | Total_Iter: 23955
[7985/10001] End of Epoch | Avg_Loss_D: -4679.2801 | Avg_Loss_G: 2887.5261 | Total_Iter: 23958
[7986/10001] End of Epoch | Avg_Loss_D: -5088.6864 | Avg_Loss_G: 3892.9441 | Total_Iter: 23961
[7987/10001] End of Epoch | Avg_Loss_D: -2835.6265 | Avg_Loss_G: 3355.2561 | Total_Iter: 23964
[7988/10001] End of Epoch | Avg_Loss_D: -4672.3946 | Avg_Loss_G: 4240.2898 | Total_Iter: 23967
[7989/10001] End of Epoch | Avg_Loss_D: -4337.0599 | Avg_Loss_G: 4117.2246 | Total_Iter: 23970
[7990/10001] End of Epoch | Avg_Loss_D: -6129.1311 | Avg_Loss_G: 4498.0693 | Total_Iter: 23973
[7991/10001] End of Epoch | Avg_Loss_D: -4206.1868 | Avg_Loss_G: 4226.9131 | Total_Iter: 23976
[7992/10001] End of Epoch | Avg_Loss_D: -6343.3179 | Avg_Loss_G: 4269.4303 | Total_Iter: 23979
[7993/10001] End of Epoch | Avg_Loss_D: -6655.8872 | Avg_Loss_G: 2770.9808 | Total_Iter: 23982
[7994/10001] End of Epoch | Avg_Loss_D: -4129.1730 | Avg_Loss_G: 4131.2888 | Total_Iter: 23985
[7995/10001] End of Epoch | Avg_Loss_D: -5129.8562 | Avg_Loss_G: 4276.4185 | Total_Iter: 23988
[7996/10001] End of Epoch | Avg_Loss_D: -4146.6249 | Avg_Loss_G: 4095.3609 | Total_Iter: 23991
[7997/10001] End of Epoch | Avg_Loss_D: -3581.1072 | Avg_Loss_G: 3996.2954 | Total_Iter: 23994
[7998/10001] End of Epoch | Avg_Loss_D: -5380.0779 | Avg_Loss_G: 3932.4747 | Total_Iter: 23997
[7999/10001] End of Epoch | Avg_Loss_D: -4275.7266 | Avg_Loss_G: 3602.9412 | Total_Iter: 24000
[8000/10001] End of Epoch | Avg_Loss_D: -3832.5858 | Avg_Loss_G: 3882.2861 | Total_Iter: 24003
[8001/10001] End of Epoch | Avg_Loss_D: -4852.3276 | Avg_Loss_G: 3858.2875 | Total_Iter: 24006
[8002/10001] End of Epoch | Avg_Loss_D: -4952.9106 | Avg_Loss_G: 4538.8674 | Total_Iter: 24009
[8003/10001] End of Epoch | Avg_Loss_D: -3085.5783 | Avg_Loss_G: 4403.4799 | Total_Iter: 24012
[8004/10001] End of Epoch | Avg_Loss_D: -4810.2819 | Avg_Loss_G: 4365.9098 | Total_Iter: 24015
[8005/10001] End of Epoch | Avg_Loss_D: -5854.5074 | Avg_Loss_G: 3475.6090 | Total_Iter: 24018
[8006/10001] End of Epoch | Avg_Loss_D: -4321.4459 | Avg_Loss_G: 4511.9501 | Total_Iter: 24021
[8007/10001] End of Epoch | Avg_Loss_D: -4581.3033 | Avg_Loss_G: 3436.5005 | Total_Iter: 24024
[8008/10001] End of Epoch | Avg_Loss_D: -5873.4810 | Avg_Loss_G: 3532.5011 | Total_Iter: 24027
[8009/10001] End of Epoch | Avg_Loss_D: -3769.1296 | Avg_Loss_G: 3396.0772 | Total_Iter: 24030
[8010/10001] End of Epoch | Avg_Loss_D: -5266.4008 | Avg_Loss_G: 3871.3043 | Total_Iter: 24033
[8011/10001] End of Epoch | Avg_Loss_D: -6055.6467 | Avg_Loss_G: 3306.4187 | Total_Iter: 24036
[8012/10001] End of Epoch | Avg_Loss_D: -6410.3229 | Avg_Loss_G: 4436.0864 | Total_Iter: 24039
[8013/10001] End of Epoch | Avg_Loss_D: -4787.5900 | Avg_Loss_G: 4126.8329 | Total_Iter: 24042
[8014/10001] End of Epoch | Avg_Loss_D: -6201.2664 | Avg_Loss_G: 4102.3978 | Total_Iter: 24045
[8015/10001] End of Epoch | Avg_Loss_D: -5008.1615 | Avg_Loss_G: 4403.1764 | Total_Iter: 24048
[8016/10001] End of Epoch | Avg_Loss_D: -4056.5741 | Avg_Loss_G: 4286.8714 | Total_Iter: 24051
[8017/10001] End of Epoch | Avg_Loss_D: -4986.2955 | Avg_Loss_G: 3256.0273 | Total_Iter: 24054
[8018/10001] End of Epoch | Avg_Loss_D: -4768.3566 | Avg_Loss_G: 4200.6852 | Total_Iter: 24057
[8019/10001] End of Epoch | Avg_Loss_D: -5717.9447 | Avg_Loss_G: 4325.1168 | Total_Iter: 24060
[8020/10001] End of Epoch | Avg_Loss_D: -5148.5794 | Avg_Loss_G: 4157.6921 | Total_Iter: 24063
[8021/10001] End of Epoch | Avg_Loss_D: -5962.7120 | Avg_Loss_G: 3035.2676 | Total_Iter: 24066
[8022/10001] End of Epoch | Avg_Loss_D: -4186.1664 | Avg_Loss_G: 4175.1603 | Total_Iter: 24069
[8023/10001] End of Epoch | Avg_Loss_D: 457.6204 | Avg_Loss_G: 4682.0014 | Total_Iter: 24072
[8024/10001] End of Epoch | Avg_Loss_D: 282.6386 | Avg_Loss_G: 4673.1034 | Total_Iter: 24075
[8025/10001] End of Epoch | Avg_Loss_D: 185.9825 | Avg_Loss_G: 4715.5977 | Total_Iter: 24078
[8026/10001] End of Epoch | Avg_Loss_D: 219.8390 | Avg_Loss_G: 4693.9910 | Total_Iter: 24081
[8027/10001] End of Epoch | Avg_Loss_D: -181.1582 | Avg_Loss_G: 4713.4871 | Total_Iter: 24084
[8028/10001] End of Epoch | Avg_Loss_D: -147.3734 | Avg_Loss_G: 4607.9535 | Total_Iter: 24087
[8029/10001] End of Epoch | Avg_Loss_D: -285.4755 | Avg_Loss_G: 4627.6972 | Total_Iter: 24090
[8030/10001] End of Epoch | Avg_Loss_D: -56.9231 | Avg_Loss_G: 4428.5312 | Total_Iter: 24093
[8031/10001] End of Epoch | Avg_Loss_D: -232.3482 | Avg_Loss_G: 4340.5082 | Total_Iter: 24096
[8032/10001] End of Epoch | Avg_Loss_D: -1482.3750 | Avg_Loss_G: 4219.6418 | Total_Iter: 24099
[8033/10001] End of Epoch | Avg_Loss_D: -1739.3564 | Avg_Loss_G: 3478.7292 | Total_Iter: 24102
[8034/10001] End of Epoch | Avg_Loss_D: -1798.6273 | Avg_Loss_G: 3113.9472 | Total_Iter: 24105
[8035/10001] End of Epoch | Avg_Loss_D: -1675.7688 | Avg_Loss_G: 3132.9146 | Total_Iter: 24108
[8036/10001] End of Epoch | Avg_Loss_D: -3726.5039 | Avg_Loss_G: 4003.3352 | Total_Iter: 24111
[8037/10001] End of Epoch | Avg_Loss_D: -3849.2539 | Avg_Loss_G: 3641.6774 | Total_Iter: 24114
[8038/10001] End of Epoch | Avg_Loss_D: -2774.4065 | Avg_Loss_G: 3337.2185 | Total_Iter: 24117
[8039/10001] End of Epoch | Avg_Loss_D: -4696.5813 | Avg_Loss_G: 3918.2972 | Total_Iter: 24120
[8040/10001] End of Epoch | Avg_Loss_D: -5294.3290 | Avg_Loss_G: 4380.3521 | Total_Iter: 24123
[8041/10001] End of Epoch | Avg_Loss_D: -4749.1863 | Avg_Loss_G: 3739.2857 | Total_Iter: 24126
[8042/10001] End of Epoch | Avg_Loss_D: -5507.2815 | Avg_Loss_G: 4227.8365 | Total_Iter: 24129
[8043/10001] End of Epoch | Avg_Loss_D: -5793.0581 | Avg_Loss_G: 4040.2660 | Total_Iter: 24132
[8044/10001] End of Epoch | Avg_Loss_D: -5124.1304 | Avg_Loss_G: 4143.2660 | Total_Iter: 24135
[8045/10001] End of Epoch | Avg_Loss_D: -5822.1359 | Avg_Loss_G: 4321.8298 | Total_Iter: 24138
[8046/10001] End of Epoch | Avg_Loss_D: -5025.4113 | Avg_Loss_G: 3901.7807 | Total_Iter: 24141
[8047/10001] End of Epoch | Avg_Loss_D: -5357.3115 | Avg_Loss_G: 3931.7125 | Total_Iter: 24144
[8048/10001] End of Epoch | Avg_Loss_D: -3275.0316 | Avg_Loss_G: 3858.9858 | Total_Iter: 24147
[8049/10001] End of Epoch | Avg_Loss_D: -5041.1155 | Avg_Loss_G: 3037.0150 | Total_Iter: 24150
[8050/10001] End of Epoch | Avg_Loss_D: 849.5163 | Avg_Loss_G: 3747.5291 | Total_Iter: 24153
[8051/10001] End of Epoch | Avg_Loss_D: 2041.2687 | Avg_Loss_G: 4200.4057 | Total_Iter: 24156
[8052/10001] End of Epoch | Avg_Loss_D: 673.8850 | Avg_Loss_G: 4870.2240 | Total_Iter: 24159
[8053/10001] End of Epoch | Avg_Loss_D: 209.4499 | Avg_Loss_G: 4826.0836 | Total_Iter: 24162
[8054/10001] End of Epoch | Avg_Loss_D: 141.0052 | Avg_Loss_G: 4793.8001 | Total_Iter: 24165
[8055/10001] End of Epoch | Avg_Loss_D: 135.8804 | Avg_Loss_G: 4799.4924 | Total_Iter: 24168
[8056/10001] End of Epoch | Avg_Loss_D: -5.0531 | Avg_Loss_G: 4777.9902 | Total_Iter: 24171
[8057/10001] End of Epoch | Avg_Loss_D: 89.2839 | Avg_Loss_G: 4741.9785 | Total_Iter: 24174
[8058/10001] End of Epoch | Avg_Loss_D: -147.2488 | Avg_Loss_G: 4741.4010 | Total_Iter: 24177
[8059/10001] End of Epoch | Avg_Loss_D: -62.0104 | Avg_Loss_G: 4658.5050 | Total_Iter: 24180
[8060/10001] End of Epoch | Avg_Loss_D: -97.2970 | Avg_Loss_G: 4712.8839 | Total_Iter: 24183
[8061/10001] End of Epoch | Avg_Loss_D: -235.2717 | Avg_Loss_G: 4487.6051 | Total_Iter: 24186
[8062/10001] End of Epoch | Avg_Loss_D: -11.4733 | Avg_Loss_G: 3904.1098 | Total_Iter: 24189
[8063/10001] End of Epoch | Avg_Loss_D: -1700.3401 | Avg_Loss_G: 3435.4938 | Total_Iter: 24192
[8064/10001] End of Epoch | Avg_Loss_D: 207.1611 | Avg_Loss_G: 3663.0355 | Total_Iter: 24195
[8065/10001] End of Epoch | Avg_Loss_D: -3961.4576 | Avg_Loss_G: 2071.9086 | Total_Iter: 24198
[8066/10001] End of Epoch | Avg_Loss_D: -1348.3989 | Avg_Loss_G: 4274.1976 | Total_Iter: 24201
[8067/10001] End of Epoch | Avg_Loss_D: -2698.0958 | Avg_Loss_G: 3849.4252 | Total_Iter: 24204
[8068/10001] End of Epoch | Avg_Loss_D: -5157.7436 | Avg_Loss_G: 4092.0998 | Total_Iter: 24207
[8069/10001] End of Epoch | Avg_Loss_D: -3750.8557 | Avg_Loss_G: 3971.5298 | Total_Iter: 24210
[8070/10001] End of Epoch | Avg_Loss_D: -1690.7347 | Avg_Loss_G: 4167.8640 | Total_Iter: 24213
[8071/10001] End of Epoch | Avg_Loss_D: -4796.1824 | Avg_Loss_G: 3153.4515 | Total_Iter: 24216
[8072/10001] End of Epoch | Avg_Loss_D: -6743.8702 | Avg_Loss_G: 4294.3813 | Total_Iter: 24219
[8073/10001] End of Epoch | Avg_Loss_D: -4844.2292 | Avg_Loss_G: 4337.9201 | Total_Iter: 24222
[8074/10001] End of Epoch | Avg_Loss_D: -2569.8362 | Avg_Loss_G: 3397.1281 | Total_Iter: 24225
[8075/10001] End of Epoch | Avg_Loss_D: -6074.4870 | Avg_Loss_G: 4548.1455 | Total_Iter: 24228
[8076/10001] End of Epoch | Avg_Loss_D: -3786.5808 | Avg_Loss_G: 4262.9938 | Total_Iter: 24231
[8077/10001] End of Epoch | Avg_Loss_D: -998.5768 | Avg_Loss_G: 3463.8432 | Total_Iter: 24234
[8078/10001] End of Epoch | Avg_Loss_D: -2538.7633 | Avg_Loss_G: 4077.5179 | Total_Iter: 24237
[8079/10001] End of Epoch | Avg_Loss_D: -5174.1796 | Avg_Loss_G: 4139.4653 | Total_Iter: 24240
[8080/10001] End of Epoch | Avg_Loss_D: -5877.0711 | Avg_Loss_G: 3979.0690 | Total_Iter: 24243
[8081/10001] End of Epoch | Avg_Loss_D: -6411.6879 | Avg_Loss_G: 4108.9712 | Total_Iter: 24246
[8082/10001] End of Epoch | Avg_Loss_D: -4018.4818 | Avg_Loss_G: 3728.4977 | Total_Iter: 24249
[8083/10001] End of Epoch | Avg_Loss_D: -5076.5162 | Avg_Loss_G: 4272.2974 | Total_Iter: 24252
[8084/10001] End of Epoch | Avg_Loss_D: -6618.8610 | Avg_Loss_G: 4477.2126 | Total_Iter: 24255
[8085/10001] End of Epoch | Avg_Loss_D: -5717.9916 | Avg_Loss_G: 3792.3932 | Total_Iter: 24258
[8086/10001] End of Epoch | Avg_Loss_D: -5702.8574 | Avg_Loss_G: 4443.7288 | Total_Iter: 24261
[8087/10001] End of Epoch | Avg_Loss_D: -3446.8790 | Avg_Loss_G: 4414.4711 | Total_Iter: 24264
[8088/10001] End of Epoch | Avg_Loss_D: -7185.9058 | Avg_Loss_G: 4235.8168 | Total_Iter: 24267
[8089/10001] End of Epoch | Avg_Loss_D: -6290.1838 | Avg_Loss_G: 4046.2243 | Total_Iter: 24270
[8090/10001] End of Epoch | Avg_Loss_D: -2792.9656 | Avg_Loss_G: 3758.3226 | Total_Iter: 24273
[8091/10001] End of Epoch | Avg_Loss_D: -6249.0282 | Avg_Loss_G: 4204.5267 | Total_Iter: 24276
[8092/10001] End of Epoch | Avg_Loss_D: -5847.6088 | Avg_Loss_G: 3229.1109 | Total_Iter: 24279
[8093/10001] End of Epoch | Avg_Loss_D: -3761.5323 | Avg_Loss_G: 4051.2637 | Total_Iter: 24282
[8094/10001] End of Epoch | Avg_Loss_D: -1019.9682 | Avg_Loss_G: 4288.3554 | Total_Iter: 24285
[8095/10001] End of Epoch | Avg_Loss_D: -5318.4965 | Avg_Loss_G: 2766.1155 | Total_Iter: 24288
[8096/10001] End of Epoch | Avg_Loss_D: -6991.4974 | Avg_Loss_G: 4809.4990 | Total_Iter: 24291
[8097/10001] End of Epoch | Avg_Loss_D: -6951.0242 | Avg_Loss_G: 4003.0165 | Total_Iter: 24294
[8098/10001] End of Epoch | Avg_Loss_D: -5109.2081 | Avg_Loss_G: 4721.8911 | Total_Iter: 24297
[8099/10001] End of Epoch | Avg_Loss_D: -7200.1013 | Avg_Loss_G: 4142.1163 | Total_Iter: 24300
[8100/10001] End of Epoch | Avg_Loss_D: -5530.7741 | Avg_Loss_G: 4557.7246 | Total_Iter: 24303
[8101/10001] End of Epoch | Avg_Loss_D: -6980.5805 | Avg_Loss_G: 3707.7121 | Total_Iter: 24306
[8102/10001] End of Epoch | Avg_Loss_D: -123.2014 | Avg_Loss_G: 4126.2438 | Total_Iter: 24309
[8103/10001] End of Epoch | Avg_Loss_D: -3057.0972 | Avg_Loss_G: 3575.9301 | Total_Iter: 24312
[8104/10001] End of Epoch | Avg_Loss_D: -3017.5705 | Avg_Loss_G: 3794.5939 | Total_Iter: 24315
[8105/10001] End of Epoch | Avg_Loss_D: -4711.7811 | Avg_Loss_G: 4232.9641 | Total_Iter: 24318
[8106/10001] End of Epoch | Avg_Loss_D: -3331.2799 | Avg_Loss_G: 4262.2161 | Total_Iter: 24321
[8107/10001] End of Epoch | Avg_Loss_D: -4430.3834 | Avg_Loss_G: 4529.4224 | Total_Iter: 24324
[8108/10001] End of Epoch | Avg_Loss_D: -3712.8661 | Avg_Loss_G: 3871.5401 | Total_Iter: 24327
[8109/10001] End of Epoch | Avg_Loss_D: -6033.8334 | Avg_Loss_G: 3266.0960 | Total_Iter: 24330
[8110/10001] End of Epoch | Avg_Loss_D: -6586.2381 | Avg_Loss_G: 3986.6026 | Total_Iter: 24333
[8111/10001] End of Epoch | Avg_Loss_D: -5837.9484 | Avg_Loss_G: 4434.3222 | Total_Iter: 24336
[8112/10001] End of Epoch | Avg_Loss_D: -6268.0788 | Avg_Loss_G: 3616.5864 | Total_Iter: 24339
[8113/10001] End of Epoch | Avg_Loss_D: 5120.7236 | Avg_Loss_G: 4015.9586 | Total_Iter: 24342
[8114/10001] End of Epoch | Avg_Loss_D: -1413.3262 | Avg_Loss_G: 4602.5436 | Total_Iter: 24345
[8115/10001] End of Epoch | Avg_Loss_D: -2169.6487 | Avg_Loss_G: 3483.5388 | Total_Iter: 24348
[8116/10001] End of Epoch | Avg_Loss_D: -2896.7849 | Avg_Loss_G: 4349.8186 | Total_Iter: 24351
[8117/10001] End of Epoch | Avg_Loss_D: -2738.0565 | Avg_Loss_G: 3615.4862 | Total_Iter: 24354
[8118/10001] End of Epoch | Avg_Loss_D: -4438.9803 | Avg_Loss_G: 4580.9530 | Total_Iter: 24357
[8119/10001] End of Epoch | Avg_Loss_D: -4503.2478 | Avg_Loss_G: 3979.1688 | Total_Iter: 24360
[8120/10001] End of Epoch | Avg_Loss_D: -5096.3034 | Avg_Loss_G: 4067.0556 | Total_Iter: 24363
[8121/10001] End of Epoch | Avg_Loss_D: -6563.3902 | Avg_Loss_G: 4610.1873 | Total_Iter: 24366
[8122/10001] End of Epoch | Avg_Loss_D: -5932.9569 | Avg_Loss_G: 2901.6948 | Total_Iter: 24369
[8123/10001] End of Epoch | Avg_Loss_D: -3434.0733 | Avg_Loss_G: 3841.6300 | Total_Iter: 24372
[8124/10001] End of Epoch | Avg_Loss_D: -5917.1143 | Avg_Loss_G: 4220.1338 | Total_Iter: 24375
[8125/10001] End of Epoch | Avg_Loss_D: -2080.5371 | Avg_Loss_G: 4214.9944 | Total_Iter: 24378
[8126/10001] End of Epoch | Avg_Loss_D: -5282.1821 | Avg_Loss_G: 2825.6161 | Total_Iter: 24381
[8127/10001] End of Epoch | Avg_Loss_D: -4368.0185 | Avg_Loss_G: 4561.1058 | Total_Iter: 24384
[8128/10001] End of Epoch | Avg_Loss_D: -6494.6250 | Avg_Loss_G: 4159.0417 | Total_Iter: 24387
[8129/10001] End of Epoch | Avg_Loss_D: -4748.7599 | Avg_Loss_G: 3867.3848 | Total_Iter: 24390
[8130/10001] End of Epoch | Avg_Loss_D: -5377.2231 | Avg_Loss_G: 3731.0773 | Total_Iter: 24393
[8131/10001] End of Epoch | Avg_Loss_D: -7142.4095 | Avg_Loss_G: 4522.5150 | Total_Iter: 24396
[8132/10001] End of Epoch | Avg_Loss_D: -5903.5780 | Avg_Loss_G: 3364.8351 | Total_Iter: 24399
[8133/10001] End of Epoch | Avg_Loss_D: -7305.5128 | Avg_Loss_G: 4494.6279 | Total_Iter: 24402
[8134/10001] End of Epoch | Avg_Loss_D: -3183.7141 | Avg_Loss_G: 4732.2369 | Total_Iter: 24405
[8135/10001] End of Epoch | Avg_Loss_D: -6733.9060 | Avg_Loss_G: 3846.7856 | Total_Iter: 24408
[8136/10001] End of Epoch | Avg_Loss_D: -7231.6183 | Avg_Loss_G: 3941.3928 | Total_Iter: 24411
[8137/10001] End of Epoch | Avg_Loss_D: -6111.8477 | Avg_Loss_G: 4612.0410 | Total_Iter: 24414
[8138/10001] End of Epoch | Avg_Loss_D: -7098.9852 | Avg_Loss_G: 4171.2713 | Total_Iter: 24417
[8139/10001] End of Epoch | Avg_Loss_D: -5857.5499 | Avg_Loss_G: 3678.6112 | Total_Iter: 24420
[8140/10001] End of Epoch | Avg_Loss_D: -6130.9766 | Avg_Loss_G: 4691.5913 | Total_Iter: 24423
[8141/10001] End of Epoch | Avg_Loss_D: -6681.4907 | Avg_Loss_G: 4648.7464 | Total_Iter: 24426
[8142/10001] End of Epoch | Avg_Loss_D: -6656.2036 | Avg_Loss_G: 4421.0607 | Total_Iter: 24429
[8143/10001] End of Epoch | Avg_Loss_D: -6946.2027 | Avg_Loss_G: 4559.5897 | Total_Iter: 24432
[8144/10001] End of Epoch | Avg_Loss_D: -6037.1551 | Avg_Loss_G: 4613.3219 | Total_Iter: 24435
[8145/10001] End of Epoch | Avg_Loss_D: -4014.6027 | Avg_Loss_G: 4135.5035 | Total_Iter: 24438
[8146/10001] End of Epoch | Avg_Loss_D: -5281.3814 | Avg_Loss_G: 3367.9808 | Total_Iter: 24441
[8147/10001] End of Epoch | Avg_Loss_D: -6900.3765 | Avg_Loss_G: 4646.0720 | Total_Iter: 24444
[8148/10001] End of Epoch | Avg_Loss_D: -5915.4838 | Avg_Loss_G: 4153.3606 | Total_Iter: 24447
[8149/10001] End of Epoch | Avg_Loss_D: -4593.6600 | Avg_Loss_G: 4753.2619 | Total_Iter: 24450
[8150/10001] End of Epoch | Avg_Loss_D: -7113.4102 | Avg_Loss_G: 4521.8752 | Total_Iter: 24453
[8151/10001] End of Epoch | Avg_Loss_D: -6034.6017 | Avg_Loss_G: 4285.7661 | Total_Iter: 24456
[8152/10001] End of Epoch | Avg_Loss_D: -6845.0634 | Avg_Loss_G: 4014.3286 | Total_Iter: 24459
[8153/10001] End of Epoch | Avg_Loss_D: -7561.0033 | Avg_Loss_G: 3719.3716 | Total_Iter: 24462
[8154/10001] End of Epoch | Avg_Loss_D: -5874.0232 | Avg_Loss_G: 2477.3274 | Total_Iter: 24465
[8155/10001] End of Epoch | Avg_Loss_D: -5843.1434 | Avg_Loss_G: 4535.3767 | Total_Iter: 24468
[8156/10001] End of Epoch | Avg_Loss_D: -5087.8200 | Avg_Loss_G: 4285.7396 | Total_Iter: 24471
[8157/10001] End of Epoch | Avg_Loss_D: -5822.6111 | Avg_Loss_G: 3845.6339 | Total_Iter: 24474
[8158/10001] End of Epoch | Avg_Loss_D: -4633.9600 | Avg_Loss_G: 4318.7788 | Total_Iter: 24477
[8159/10001] End of Epoch | Avg_Loss_D: -6461.3934 | Avg_Loss_G: 4478.3006 | Total_Iter: 24480
[8160/10001] End of Epoch | Avg_Loss_D: -5694.0304 | Avg_Loss_G: 4215.8315 | Total_Iter: 24483
[8161/10001] End of Epoch | Avg_Loss_D: -5831.0113 | Avg_Loss_G: 4029.8298 | Total_Iter: 24486
[8162/10001] End of Epoch | Avg_Loss_D: -4852.9683 | Avg_Loss_G: 4220.8278 | Total_Iter: 24489
[8163/10001] End of Epoch | Avg_Loss_D: -5767.0740 | Avg_Loss_G: 3931.1738 | Total_Iter: 24492
[8164/10001] End of Epoch | Avg_Loss_D: -6028.5872 | Avg_Loss_G: 3776.7823 | Total_Iter: 24495
[8165/10001] End of Epoch | Avg_Loss_D: -4275.7541 | Avg_Loss_G: 4573.3579 | Total_Iter: 24498
[8166/10001] End of Epoch | Avg_Loss_D: -5791.5130 | Avg_Loss_G: 4148.9244 | Total_Iter: 24501
[8167/10001] End of Epoch | Avg_Loss_D: -6657.6415 | Avg_Loss_G: 3544.6363 | Total_Iter: 24504
[8168/10001] End of Epoch | Avg_Loss_D: -6790.5697 | Avg_Loss_G: 4490.2242 | Total_Iter: 24507
[8169/10001] End of Epoch | Avg_Loss_D: -7371.5840 | Avg_Loss_G: 3803.2457 | Total_Iter: 24510
[8170/10001] End of Epoch | Avg_Loss_D: -4045.8449 | Avg_Loss_G: 3434.8433 | Total_Iter: 24513
[8171/10001] End of Epoch | Avg_Loss_D: -7719.1806 | Avg_Loss_G: 3671.7478 | Total_Iter: 24516
[8172/10001] End of Epoch | Avg_Loss_D: -5368.3123 | Avg_Loss_G: 4757.0331 | Total_Iter: 24519
[8173/10001] End of Epoch | Avg_Loss_D: -6273.3334 | Avg_Loss_G: 4270.7387 | Total_Iter: 24522
[8174/10001] End of Epoch | Avg_Loss_D: -7077.2716 | Avg_Loss_G: 3826.9334 | Total_Iter: 24525
[8175/10001] End of Epoch | Avg_Loss_D: -4140.2881 | Avg_Loss_G: 4794.7191 | Total_Iter: 24528
[8176/10001] End of Epoch | Avg_Loss_D: -7937.4180 | Avg_Loss_G: 4832.2475 | Total_Iter: 24531
[8177/10001] End of Epoch | Avg_Loss_D: -7502.7229 | Avg_Loss_G: 3632.4333 | Total_Iter: 24534
[8178/10001] End of Epoch | Avg_Loss_D: -6096.4654 | Avg_Loss_G: 4199.7726 | Total_Iter: 24537
[8179/10001] End of Epoch | Avg_Loss_D: -7576.8681 | Avg_Loss_G: 4406.6128 | Total_Iter: 24540
[8180/10001] End of Epoch | Avg_Loss_D: -3787.5136 | Avg_Loss_G: 4732.9983 | Total_Iter: 24543
[8181/10001] End of Epoch | Avg_Loss_D: -7777.2209 | Avg_Loss_G: 4675.2965 | Total_Iter: 24546
[8182/10001] End of Epoch | Avg_Loss_D: -4771.5522 | Avg_Loss_G: 4843.9096 | Total_Iter: 24549
[8183/10001] End of Epoch | Avg_Loss_D: -3860.2628 | Avg_Loss_G: 4489.9929 | Total_Iter: 24552
[8184/10001] End of Epoch | Avg_Loss_D: -6714.2059 | Avg_Loss_G: 4330.3800 | Total_Iter: 24555
[8185/10001] End of Epoch | Avg_Loss_D: -4199.2806 | Avg_Loss_G: 4602.2439 | Total_Iter: 24558
[8186/10001] End of Epoch | Avg_Loss_D: -5364.9364 | Avg_Loss_G: 3612.3161 | Total_Iter: 24561
[8187/10001] End of Epoch | Avg_Loss_D: 5214.2838 | Avg_Loss_G: 4411.3057 | Total_Iter: 24564
[8188/10001] End of Epoch | Avg_Loss_D: -298.7839 | Avg_Loss_G: 4784.4911 | Total_Iter: 24567
[8189/10001] End of Epoch | Avg_Loss_D: 459.5718 | Avg_Loss_G: 4558.0017 | Total_Iter: 24570
[8190/10001] End of Epoch | Avg_Loss_D: -1809.8604 | Avg_Loss_G: 3923.4546 | Total_Iter: 24573
[8191/10001] End of Epoch | Avg_Loss_D: -4924.3097 | Avg_Loss_G: 3786.5837 | Total_Iter: 24576
[8192/10001] End of Epoch | Avg_Loss_D: -3059.8622 | Avg_Loss_G: 4671.5562 | Total_Iter: 24579
[8193/10001] End of Epoch | Avg_Loss_D: -7375.7565 | Avg_Loss_G: 4090.0437 | Total_Iter: 24582
[8194/10001] End of Epoch | Avg_Loss_D: -7362.2904 | Avg_Loss_G: 4537.1521 | Total_Iter: 24585
[8195/10001] End of Epoch | Avg_Loss_D: -7121.3118 | Avg_Loss_G: 3516.3930 | Total_Iter: 24588
[8196/10001] End of Epoch | Avg_Loss_D: -7819.6695 | Avg_Loss_G: 4697.5739 | Total_Iter: 24591
[8197/10001] End of Epoch | Avg_Loss_D: -6377.4776 | Avg_Loss_G: 3571.0381 | Total_Iter: 24594
[8198/10001] End of Epoch | Avg_Loss_D: -6496.0408 | Avg_Loss_G: 4596.8460 | Total_Iter: 24597
[8199/10001] End of Epoch | Avg_Loss_D: -4517.5908 | Avg_Loss_G: 4369.1351 | Total_Iter: 24600
[8200/10001] End of Epoch | Avg_Loss_D: -4991.2829 | Avg_Loss_G: 4655.9157 | Total_Iter: 24603
[8201/10001] End of Epoch | Avg_Loss_D: -3278.4324 | Avg_Loss_G: 4010.4310 | Total_Iter: 24606
[8202/10001] End of Epoch | Avg_Loss_D: -6514.1235 | Avg_Loss_G: 4679.1089 | Total_Iter: 24609
[8203/10001] End of Epoch | Avg_Loss_D: -4598.0431 | Avg_Loss_G: 4281.1680 | Total_Iter: 24612
[8204/10001] End of Epoch | Avg_Loss_D: -5180.1625 | Avg_Loss_G: 2099.5567 | Total_Iter: 24615
[8205/10001] End of Epoch | Avg_Loss_D: -513.8300 | Avg_Loss_G: 4587.9972 | Total_Iter: 24618
[8206/10001] End of Epoch | Avg_Loss_D: -382.2004 | Avg_Loss_G: 4712.8005 | Total_Iter: 24621
[8207/10001] End of Epoch | Avg_Loss_D: 426.3572 | Avg_Loss_G: 4545.8577 | Total_Iter: 24624
[8208/10001] End of Epoch | Avg_Loss_D: -790.4878 | Avg_Loss_G: 4216.6302 | Total_Iter: 24627
[8209/10001] End of Epoch | Avg_Loss_D: -2713.0453 | Avg_Loss_G: 4295.1155 | Total_Iter: 24630
[8210/10001] End of Epoch | Avg_Loss_D: -4645.9578 | Avg_Loss_G: 4160.8535 | Total_Iter: 24633
[8211/10001] End of Epoch | Avg_Loss_D: -3275.5527 | Avg_Loss_G: 2269.0109 | Total_Iter: 24636
[8212/10001] End of Epoch | Avg_Loss_D: -7684.2984 | Avg_Loss_G: 4604.1979 | Total_Iter: 24639
[8213/10001] End of Epoch | Avg_Loss_D: -5615.0254 | Avg_Loss_G: 3970.8627 | Total_Iter: 24642
[8214/10001] End of Epoch | Avg_Loss_D: -6203.6026 | Avg_Loss_G: 3944.6836 | Total_Iter: 24645
[8215/10001] End of Epoch | Avg_Loss_D: -6169.9477 | Avg_Loss_G: 4838.7744 | Total_Iter: 24648
[8216/10001] End of Epoch | Avg_Loss_D: -6163.8732 | Avg_Loss_G: 3565.4262 | Total_Iter: 24651
[8217/10001] End of Epoch | Avg_Loss_D: -6368.8343 | Avg_Loss_G: 2297.1768 | Total_Iter: 24654
[8218/10001] End of Epoch | Avg_Loss_D: -5636.1287 | Avg_Loss_G: 4717.7457 | Total_Iter: 24657
[8219/10001] End of Epoch | Avg_Loss_D: -5137.8063 | Avg_Loss_G: 3684.4328 | Total_Iter: 24660
[8220/10001] End of Epoch | Avg_Loss_D: -5655.0193 | Avg_Loss_G: 4272.9857 | Total_Iter: 24663
[8221/10001] End of Epoch | Avg_Loss_D: -4999.0737 | Avg_Loss_G: 3801.1866 | Total_Iter: 24666
[8222/10001] End of Epoch | Avg_Loss_D: -7232.4071 | Avg_Loss_G: 2537.5773 | Total_Iter: 24669
[8223/10001] End of Epoch | Avg_Loss_D: -6394.8266 | Avg_Loss_G: 4209.4427 | Total_Iter: 24672
[8224/10001] End of Epoch | Avg_Loss_D: -8365.2500 | Avg_Loss_G: 4942.7426 | Total_Iter: 24675
[8225/10001] End of Epoch | Avg_Loss_D: -6507.1778 | Avg_Loss_G: 3095.7189 | Total_Iter: 24678
[8226/10001] End of Epoch | Avg_Loss_D: -6919.8203 | Avg_Loss_G: 4312.0077 | Total_Iter: 24681
[8227/10001] End of Epoch | Avg_Loss_D: -6769.1280 | Avg_Loss_G: 4170.6698 | Total_Iter: 24684
[8228/10001] End of Epoch | Avg_Loss_D: -7021.4277 | Avg_Loss_G: 3773.4167 | Total_Iter: 24687
[8229/10001] End of Epoch | Avg_Loss_D: -7552.4796 | Avg_Loss_G: 3491.6315 | Total_Iter: 24690
[8230/10001] End of Epoch | Avg_Loss_D: 803.7370 | Avg_Loss_G: 5094.5728 | Total_Iter: 24693
[8231/10001] End of Epoch | Avg_Loss_D: 333.8907 | Avg_Loss_G: 5147.5544 | Total_Iter: 24696
[8232/10001] End of Epoch | Avg_Loss_D: 290.4586 | Avg_Loss_G: 5146.7363 | Total_Iter: 24699
[8233/10001] End of Epoch | Avg_Loss_D: 171.6768 | Avg_Loss_G: 5154.9054 | Total_Iter: 24702
[8234/10001] End of Epoch | Avg_Loss_D: 409.7288 | Avg_Loss_G: 5145.9847 | Total_Iter: 24705
[8235/10001] End of Epoch | Avg_Loss_D: 157.1091 | Avg_Loss_G: 5161.9997 | Total_Iter: 24708
[8236/10001] End of Epoch | Avg_Loss_D: 148.5064 | Avg_Loss_G: 5161.2115 | Total_Iter: 24711
[8237/10001] End of Epoch | Avg_Loss_D: 136.5101 | Avg_Loss_G: 5157.6301 | Total_Iter: 24714
[8238/10001] End of Epoch | Avg_Loss_D: 70.4216 | Avg_Loss_G: 5164.1784 | Total_Iter: 24717
[8239/10001] End of Epoch | Avg_Loss_D: 66.1800 | Avg_Loss_G: 5159.8631 | Total_Iter: 24720
[8240/10001] End of Epoch | Avg_Loss_D: 112.3506 | Avg_Loss_G: 5164.1811 | Total_Iter: 24723
[8241/10001] End of Epoch | Avg_Loss_D: 74.9875 | Avg_Loss_G: 5162.4787 | Total_Iter: 24726
[8242/10001] End of Epoch | Avg_Loss_D: 94.9720 | Avg_Loss_G: 5150.4327 | Total_Iter: 24729
[8243/10001] End of Epoch | Avg_Loss_D: 95.5255 | Avg_Loss_G: 5162.1661 | Total_Iter: 24732
[8244/10001] End of Epoch | Avg_Loss_D: 73.0649 | Avg_Loss_G: 5162.6817 | Total_Iter: 24735
[8245/10001] End of Epoch | Avg_Loss_D: 111.1330 | Avg_Loss_G: 5152.9026 | Total_Iter: 24738
[8246/10001] End of Epoch | Avg_Loss_D: 67.2456 | Avg_Loss_G: 5160.7921 | Total_Iter: 24741
[8247/10001] End of Epoch | Avg_Loss_D: 36.3260 | Avg_Loss_G: 5161.0066 | Total_Iter: 24744
[8248/10001] End of Epoch | Avg_Loss_D: 59.0529 | Avg_Loss_G: 5144.4251 | Total_Iter: 24747
[8249/10001] End of Epoch | Avg_Loss_D: 45.0074 | Avg_Loss_G: 5168.4897 | Total_Iter: 24750
[8250/10001] End of Epoch | Avg_Loss_D: 65.4132 | Avg_Loss_G: 5155.0352 | Total_Iter: 24753
[8251/10001] End of Epoch | Avg_Loss_D: 44.1304 | Avg_Loss_G: 5162.6376 | Total_Iter: 24756
[8252/10001] End of Epoch | Avg_Loss_D: 86.3293 | Avg_Loss_G: 5151.2959 | Total_Iter: 24759
[8253/10001] End of Epoch | Avg_Loss_D: 95.9732 | Avg_Loss_G: 5162.0344 | Total_Iter: 24762
[8254/10001] End of Epoch | Avg_Loss_D: 74.4962 | Avg_Loss_G: 5160.8681 | Total_Iter: 24765
[8255/10001] End of Epoch | Avg_Loss_D: 40.6676 | Avg_Loss_G: 5160.6145 | Total_Iter: 24768
[8256/10001] End of Epoch | Avg_Loss_D: 72.1043 | Avg_Loss_G: 5161.5913 | Total_Iter: 24771
[8257/10001] End of Epoch | Avg_Loss_D: 49.9326 | Avg_Loss_G: 5162.4553 | Total_Iter: 24774
[8258/10001] End of Epoch | Avg_Loss_D: 52.4363 | Avg_Loss_G: 5165.4954 | Total_Iter: 24777
[8259/10001] End of Epoch | Avg_Loss_D: 35.7936 | Avg_Loss_G: 5160.6411 | Total_Iter: 24780
[8260/10001] End of Epoch | Avg_Loss_D: 57.4226 | Avg_Loss_G: 5164.1753 | Total_Iter: 24783
[8261/10001] End of Epoch | Avg_Loss_D: 35.4910 | Avg_Loss_G: 5165.8721 | Total_Iter: 24786
[8262/10001] End of Epoch | Avg_Loss_D: 34.2559 | Avg_Loss_G: 5160.3207 | Total_Iter: 24789
[8263/10001] End of Epoch | Avg_Loss_D: 21.8981 | Avg_Loss_G: 5159.2013 | Total_Iter: 24792
[8264/10001] End of Epoch | Avg_Loss_D: 27.1236 | Avg_Loss_G: 5161.1553 | Total_Iter: 24795
[8265/10001] End of Epoch | Avg_Loss_D: 26.3757 | Avg_Loss_G: 5160.9237 | Total_Iter: 24798
[8266/10001] End of Epoch | Avg_Loss_D: 44.1441 | Avg_Loss_G: 5161.8633 | Total_Iter: 24801
[8267/10001] End of Epoch | Avg_Loss_D: 12.8845 | Avg_Loss_G: 5164.6666 | Total_Iter: 24804
[8268/10001] End of Epoch | Avg_Loss_D: 33.1935 | Avg_Loss_G: 5162.0718 | Total_Iter: 24807
[8269/10001] End of Epoch | Avg_Loss_D: 31.6840 | Avg_Loss_G: 5165.6337 | Total_Iter: 24810
[8270/10001] End of Epoch | Avg_Loss_D: 27.4834 | Avg_Loss_G: 5162.8503 | Total_Iter: 24813
[8271/10001] End of Epoch | Avg_Loss_D: 19.9174 | Avg_Loss_G: 5165.5864 | Total_Iter: 24816
[8272/10001] End of Epoch | Avg_Loss_D: 16.6365 | Avg_Loss_G: 5160.5336 | Total_Iter: 24819
[8273/10001] End of Epoch | Avg_Loss_D: 10.1335 | Avg_Loss_G: 5161.6093 | Total_Iter: 24822
[8274/10001] End of Epoch | Avg_Loss_D: 71.8602 | Avg_Loss_G: 5153.0275 | Total_Iter: 24825
[8275/10001] End of Epoch | Avg_Loss_D: 22.2593 | Avg_Loss_G: 5164.8136 | Total_Iter: 24828
[8276/10001] End of Epoch | Avg_Loss_D: 37.4432 | Avg_Loss_G: 5163.6711 | Total_Iter: 24831
[8277/10001] End of Epoch | Avg_Loss_D: 18.2338 | Avg_Loss_G: 5158.2644 | Total_Iter: 24834
[8278/10001] End of Epoch | Avg_Loss_D: 26.5659 | Avg_Loss_G: 5159.1517 | Total_Iter: 24837
[8279/10001] End of Epoch | Avg_Loss_D: 19.0361 | Avg_Loss_G: 5165.3478 | Total_Iter: 24840
[8280/10001] End of Epoch | Avg_Loss_D: 11.6529 | Avg_Loss_G: 5165.5161 | Total_Iter: 24843
[8281/10001] End of Epoch | Avg_Loss_D: 47.8059 | Avg_Loss_G: 5148.2602 | Total_Iter: 24846
[8282/10001] End of Epoch | Avg_Loss_D: 24.9935 | Avg_Loss_G: 5156.5798 | Total_Iter: 24849
[8283/10001] End of Epoch | Avg_Loss_D: 6.5896 | Avg_Loss_G: 5164.2831 | Total_Iter: 24852
[8284/10001] End of Epoch | Avg_Loss_D: 16.8816 | Avg_Loss_G: 5157.7538 | Total_Iter: 24855
[8285/10001] End of Epoch | Avg_Loss_D: 19.8722 | Avg_Loss_G: 5158.0183 | Total_Iter: 24858
[8286/10001] End of Epoch | Avg_Loss_D: 54.6737 | Avg_Loss_G: 5163.5926 | Total_Iter: 24861
[8287/10001] End of Epoch | Avg_Loss_D: -4.1717 | Avg_Loss_G: 5159.2271 | Total_Iter: 24864
[8288/10001] End of Epoch | Avg_Loss_D: 28.9056 | Avg_Loss_G: 5158.4111 | Total_Iter: 24867
[8289/10001] End of Epoch | Avg_Loss_D: -24.4059 | Avg_Loss_G: 5155.2179 | Total_Iter: 24870
[8290/10001] End of Epoch | Avg_Loss_D: 2.9026 | Avg_Loss_G: 5157.5794 | Total_Iter: 24873
[8291/10001] End of Epoch | Avg_Loss_D: 33.0571 | Avg_Loss_G: 5161.7715 | Total_Iter: 24876
[8292/10001] End of Epoch | Avg_Loss_D: 5.7687 | Avg_Loss_G: 5157.2564 | Total_Iter: 24879
[8293/10001] End of Epoch | Avg_Loss_D: 9.5306 | Avg_Loss_G: 5157.0370 | Total_Iter: 24882
[8294/10001] End of Epoch | Avg_Loss_D: 27.6308 | Avg_Loss_G: 5156.3072 | Total_Iter: 24885
[8295/10001] End of Epoch | Avg_Loss_D: 30.5822 | Avg_Loss_G: 5159.2215 | Total_Iter: 24888
[8296/10001] End of Epoch | Avg_Loss_D: 31.6501 | Avg_Loss_G: 5138.3625 | Total_Iter: 24891
[8297/10001] End of Epoch | Avg_Loss_D: -21.9337 | Avg_Loss_G: 5158.9382 | Total_Iter: 24894
[8298/10001] End of Epoch | Avg_Loss_D: 17.1711 | Avg_Loss_G: 5166.9435 | Total_Iter: 24897
[8299/10001] End of Epoch | Avg_Loss_D: 15.1398 | Avg_Loss_G: 5156.8893 | Total_Iter: 24900
[8300/10001] End of Epoch | Avg_Loss_D: 30.6250 | Avg_Loss_G: 5156.1073 | Total_Iter: 24903
[8301/10001] End of Epoch | Avg_Loss_D: -17.1249 | Avg_Loss_G: 5161.5795 | Total_Iter: 24906
[8302/10001] End of Epoch | Avg_Loss_D: 8.7238 | Avg_Loss_G: 5156.5430 | Total_Iter: 24909
[8303/10001] End of Epoch | Avg_Loss_D: -5.1863 | Avg_Loss_G: 5148.0474 | Total_Iter: 24912
[8304/10001] End of Epoch | Avg_Loss_D: -13.7681 | Avg_Loss_G: 5158.9712 | Total_Iter: 24915
[8305/10001] End of Epoch | Avg_Loss_D: -27.6212 | Avg_Loss_G: 5158.7444 | Total_Iter: 24918
[8306/10001] End of Epoch | Avg_Loss_D: 13.3573 | Avg_Loss_G: 5162.1861 | Total_Iter: 24921
[8307/10001] End of Epoch | Avg_Loss_D: 6.5482 | Avg_Loss_G: 5150.6436 | Total_Iter: 24924
[8308/10001] End of Epoch | Avg_Loss_D: 21.5735 | Avg_Loss_G: 5164.6201 | Total_Iter: 24927
[8309/10001] End of Epoch | Avg_Loss_D: 15.0493 | Avg_Loss_G: 5161.4701 | Total_Iter: 24930
[8310/10001] End of Epoch | Avg_Loss_D: -32.3632 | Avg_Loss_G: 5154.9896 | Total_Iter: 24933
[8311/10001] End of Epoch | Avg_Loss_D: 18.2639 | Avg_Loss_G: 5160.8724 | Total_Iter: 24936
[8312/10001] End of Epoch | Avg_Loss_D: -49.9004 | Avg_Loss_G: 5158.0035 | Total_Iter: 24939
[8313/10001] End of Epoch | Avg_Loss_D: -5.3732 | Avg_Loss_G: 5158.0934 | Total_Iter: 24942
[8314/10001] End of Epoch | Avg_Loss_D: 9.6484 | Avg_Loss_G: 5154.9900 | Total_Iter: 24945
[8315/10001] End of Epoch | Avg_Loss_D: -15.7726 | Avg_Loss_G: 5156.6297 | Total_Iter: 24948
[8316/10001] End of Epoch | Avg_Loss_D: 34.5453 | Avg_Loss_G: 5156.7193 | Total_Iter: 24951
[8317/10001] End of Epoch | Avg_Loss_D: 2.2692 | Avg_Loss_G: 5136.6020 | Total_Iter: 24954
[8318/10001] End of Epoch | Avg_Loss_D: -8.5290 | Avg_Loss_G: 5151.3737 | Total_Iter: 24957
[8319/10001] End of Epoch | Avg_Loss_D: -2.1532 | Avg_Loss_G: 5124.5398 | Total_Iter: 24960
[8320/10001] End of Epoch | Avg_Loss_D: 10.4551 | Avg_Loss_G: 5158.0012 | Total_Iter: 24963
[8321/10001] End of Epoch | Avg_Loss_D: 4.9092 | Avg_Loss_G: 5162.8669 | Total_Iter: 24966
[8322/10001] End of Epoch | Avg_Loss_D: 6.4029 | Avg_Loss_G: 5162.7107 | Total_Iter: 24969
[8323/10001] End of Epoch | Avg_Loss_D: 4.5007 | Avg_Loss_G: 5151.2560 | Total_Iter: 24972
[8324/10001] End of Epoch | Avg_Loss_D: 0.2228 | Avg_Loss_G: 5160.8612 | Total_Iter: 24975
[8325/10001] End of Epoch | Avg_Loss_D: -7.4368 | Avg_Loss_G: 5163.1476 | Total_Iter: 24978
[8326/10001] End of Epoch | Avg_Loss_D: -6.7261 | Avg_Loss_G: 5148.6737 | Total_Iter: 24981
[8327/10001] End of Epoch | Avg_Loss_D: 8.4843 | Avg_Loss_G: 5162.7996 | Total_Iter: 24984
[8328/10001] End of Epoch | Avg_Loss_D: -34.5774 | Avg_Loss_G: 5170.0377 | Total_Iter: 24987
[8329/10001] End of Epoch | Avg_Loss_D: 24.7068 | Avg_Loss_G: 5149.8105 | Total_Iter: 24990
[8330/10001] End of Epoch | Avg_Loss_D: -2.1246 | Avg_Loss_G: 5154.1227 | Total_Iter: 24993
[8331/10001] End of Epoch | Avg_Loss_D: -13.2396 | Avg_Loss_G: 5156.1782 | Total_Iter: 24996
[8332/10001] End of Epoch | Avg_Loss_D: -12.8667 | Avg_Loss_G: 5152.3915 | Total_Iter: 24999
[8333/10001] End of Epoch | Avg_Loss_D: -17.4542 | Avg_Loss_G: 5160.1969 | Total_Iter: 25002
[8334/10001] End of Epoch | Avg_Loss_D: -0.3663 | Avg_Loss_G: 5144.5924 | Total_Iter: 25005
[8335/10001] End of Epoch | Avg_Loss_D: 1.2968 | Avg_Loss_G: 5154.3939 | Total_Iter: 25008
[8336/10001] End of Epoch | Avg_Loss_D: -64.4134 | Avg_Loss_G: 5158.6033 | Total_Iter: 25011
[8337/10001] End of Epoch | Avg_Loss_D: 28.6682 | Avg_Loss_G: 5149.7235 | Total_Iter: 25014
[8338/10001] End of Epoch | Avg_Loss_D: 14.2402 | Avg_Loss_G: 5099.4426 | Total_Iter: 25017
[8339/10001] End of Epoch | Avg_Loss_D: -8.8507 | Avg_Loss_G: 5169.7530 | Total_Iter: 25020
[8340/10001] End of Epoch | Avg_Loss_D: -51.8595 | Avg_Loss_G: 5144.8770 | Total_Iter: 25023
[8341/10001] End of Epoch | Avg_Loss_D: 16.6665 | Avg_Loss_G: 5159.1049 | Total_Iter: 25026
[8342/10001] End of Epoch | Avg_Loss_D: -17.0987 | Avg_Loss_G: 5161.9131 | Total_Iter: 25029
[8343/10001] End of Epoch | Avg_Loss_D: -14.5331 | Avg_Loss_G: 5168.4806 | Total_Iter: 25032
[8344/10001] End of Epoch | Avg_Loss_D: 3.0721 | Avg_Loss_G: 5157.8601 | Total_Iter: 25035
[8345/10001] End of Epoch | Avg_Loss_D: 21.3982 | Avg_Loss_G: 5172.5681 | Total_Iter: 25038
[8346/10001] End of Epoch | Avg_Loss_D: -69.9498 | Avg_Loss_G: 5144.3365 | Total_Iter: 25041
[8347/10001] End of Epoch | Avg_Loss_D: -154.6213 | Avg_Loss_G: 5166.4039 | Total_Iter: 25044
[8348/10001] End of Epoch | Avg_Loss_D: -68.6691 | Avg_Loss_G: 5162.3232 | Total_Iter: 25047
[8349/10001] End of Epoch | Avg_Loss_D: 2.6390 | Avg_Loss_G: 5147.5569 | Total_Iter: 25050
[8350/10001] End of Epoch | Avg_Loss_D: -113.4742 | Avg_Loss_G: 5150.9354 | Total_Iter: 25053
[8351/10001] End of Epoch | Avg_Loss_D: -7.4307 | Avg_Loss_G: 5141.2585 | Total_Iter: 25056
[8352/10001] End of Epoch | Avg_Loss_D: 20.4727 | Avg_Loss_G: 5150.8687 | Total_Iter: 25059
[8353/10001] End of Epoch | Avg_Loss_D: -88.3533 | Avg_Loss_G: 5158.3523 | Total_Iter: 25062
[8354/10001] End of Epoch | Avg_Loss_D: 19.0528 | Avg_Loss_G: 5091.3805 | Total_Iter: 25065
[8355/10001] End of Epoch | Avg_Loss_D: 46.7287 | Avg_Loss_G: 5154.4646 | Total_Iter: 25068
[8356/10001] End of Epoch | Avg_Loss_D: 6.8377 | Avg_Loss_G: 5162.9013 | Total_Iter: 25071
[8357/10001] End of Epoch | Avg_Loss_D: -17.6133 | Avg_Loss_G: 5173.9016 | Total_Iter: 25074
[8358/10001] End of Epoch | Avg_Loss_D: -19.3563 | Avg_Loss_G: 5126.7823 | Total_Iter: 25077
[8359/10001] End of Epoch | Avg_Loss_D: -70.8780 | Avg_Loss_G: 5122.1769 | Total_Iter: 25080
[8360/10001] End of Epoch | Avg_Loss_D: 9.0369 | Avg_Loss_G: 5168.3498 | Total_Iter: 25083
[8361/10001] End of Epoch | Avg_Loss_D: -13.8291 | Avg_Loss_G: 5063.4109 | Total_Iter: 25086
[8362/10001] End of Epoch | Avg_Loss_D: -125.9118 | Avg_Loss_G: 5175.8249 | Total_Iter: 25089
[8363/10001] End of Epoch | Avg_Loss_D: -11.7067 | Avg_Loss_G: 5169.4117 | Total_Iter: 25092
[8364/10001] End of Epoch | Avg_Loss_D: -78.3619 | Avg_Loss_G: 5127.6580 | Total_Iter: 25095
[8365/10001] End of Epoch | Avg_Loss_D: -16.6980 | Avg_Loss_G: 5139.3296 | Total_Iter: 25098
[8366/10001] End of Epoch | Avg_Loss_D: -89.6639 | Avg_Loss_G: 5168.4258 | Total_Iter: 25101
[8367/10001] End of Epoch | Avg_Loss_D: -176.0375 | Avg_Loss_G: 5129.7465 | Total_Iter: 25104
[8368/10001] End of Epoch | Avg_Loss_D: -178.0258 | Avg_Loss_G: 5168.7310 | Total_Iter: 25107
[8369/10001] End of Epoch | Avg_Loss_D: -64.7496 | Avg_Loss_G: 5160.7107 | Total_Iter: 25110
[8370/10001] End of Epoch | Avg_Loss_D: 20.1581 | Avg_Loss_G: 5150.1653 | Total_Iter: 25113
[8371/10001] End of Epoch | Avg_Loss_D: 29.9221 | Avg_Loss_G: 5170.9538 | Total_Iter: 25116
[8372/10001] End of Epoch | Avg_Loss_D: 6.9907 | Avg_Loss_G: 5158.2389 | Total_Iter: 25119
[8373/10001] End of Epoch | Avg_Loss_D: -108.0006 | Avg_Loss_G: 5171.7004 | Total_Iter: 25122
[8374/10001] End of Epoch | Avg_Loss_D: 42.7843 | Avg_Loss_G: 5153.4510 | Total_Iter: 25125
[8375/10001] End of Epoch | Avg_Loss_D: 68.2156 | Avg_Loss_G: 5179.2601 | Total_Iter: 25128
[8376/10001] End of Epoch | Avg_Loss_D: -10.4938 | Avg_Loss_G: 5055.0283 | Total_Iter: 25131
[8377/10001] End of Epoch | Avg_Loss_D: -25.7409 | Avg_Loss_G: 5105.4472 | Total_Iter: 25134
[8378/10001] End of Epoch | Avg_Loss_D: -212.2505 | Avg_Loss_G: 5142.5005 | Total_Iter: 25137
[8379/10001] End of Epoch | Avg_Loss_D: -355.4003 | Avg_Loss_G: 5164.7655 | Total_Iter: 25140
[8380/10001] End of Epoch | Avg_Loss_D: -48.2610 | Avg_Loss_G: 5168.5460 | Total_Iter: 25143
[8381/10001] End of Epoch | Avg_Loss_D: 27.3730 | Avg_Loss_G: 5142.6340 | Total_Iter: 25146
[8382/10001] End of Epoch | Avg_Loss_D: -79.9704 | Avg_Loss_G: 5173.0193 | Total_Iter: 25149
[8383/10001] End of Epoch | Avg_Loss_D: -120.7591 | Avg_Loss_G: 5128.9958 | Total_Iter: 25152
[8384/10001] End of Epoch | Avg_Loss_D: 24.8352 | Avg_Loss_G: 5175.7397 | Total_Iter: 25155
[8385/10001] End of Epoch | Avg_Loss_D: -33.2618 | Avg_Loss_G: 5124.2225 | Total_Iter: 25158
[8386/10001] End of Epoch | Avg_Loss_D: -260.9487 | Avg_Loss_G: 5179.9231 | Total_Iter: 25161
[8387/10001] End of Epoch | Avg_Loss_D: -103.5304 | Avg_Loss_G: 5183.6076 | Total_Iter: 25164
[8388/10001] End of Epoch | Avg_Loss_D: -156.0254 | Avg_Loss_G: 5137.5277 | Total_Iter: 25167
[8389/10001] End of Epoch | Avg_Loss_D: -6.7330 | Avg_Loss_G: 5159.7901 | Total_Iter: 25170
[8390/10001] End of Epoch | Avg_Loss_D: 7.3952 | Avg_Loss_G: 5165.0516 | Total_Iter: 25173
[8391/10001] End of Epoch | Avg_Loss_D: -99.0966 | Avg_Loss_G: 5187.7754 | Total_Iter: 25176
[8392/10001] End of Epoch | Avg_Loss_D: 20.3503 | Avg_Loss_G: 5142.2300 | Total_Iter: 25179
[8393/10001] End of Epoch | Avg_Loss_D: 9.2146 | Avg_Loss_G: 5181.5687 | Total_Iter: 25182
[8394/10001] End of Epoch | Avg_Loss_D: -31.3144 | Avg_Loss_G: 5085.1018 | Total_Iter: 25185
[8395/10001] End of Epoch | Avg_Loss_D: -285.9744 | Avg_Loss_G: 5124.9023 | Total_Iter: 25188
[8396/10001] End of Epoch | Avg_Loss_D: 28.4527 | Avg_Loss_G: 4937.9335 | Total_Iter: 25191
[8397/10001] End of Epoch | Avg_Loss_D: -7.3314 | Avg_Loss_G: 5009.4644 | Total_Iter: 25194
[8398/10001] End of Epoch | Avg_Loss_D: 133.3405 | Avg_Loss_G: 5039.8376 | Total_Iter: 25197
[8399/10001] End of Epoch | Avg_Loss_D: -13.4718 | Avg_Loss_G: 5177.0219 | Total_Iter: 25200
[8400/10001] End of Epoch | Avg_Loss_D: -5.8936 | Avg_Loss_G: 5197.7615 | Total_Iter: 25203
[8401/10001] End of Epoch | Avg_Loss_D: -340.9739 | Avg_Loss_G: 5182.6848 | Total_Iter: 25206
[8402/10001] End of Epoch | Avg_Loss_D: 32.2814 | Avg_Loss_G: 5068.1704 | Total_Iter: 25209
[8403/10001] End of Epoch | Avg_Loss_D: -316.3842 | Avg_Loss_G: 5107.6518 | Total_Iter: 25212
[8404/10001] End of Epoch | Avg_Loss_D: 3.4921 | Avg_Loss_G: 5180.6453 | Total_Iter: 25215
[8405/10001] End of Epoch | Avg_Loss_D: 57.0821 | Avg_Loss_G: 5200.8746 | Total_Iter: 25218
[8406/10001] End of Epoch | Avg_Loss_D: -33.2677 | Avg_Loss_G: 5200.5531 | Total_Iter: 25221
[8407/10001] End of Epoch | Avg_Loss_D: -15.7790 | Avg_Loss_G: 5183.6758 | Total_Iter: 25224
[8408/10001] End of Epoch | Avg_Loss_D: 12.6111 | Avg_Loss_G: 5174.1007 | Total_Iter: 25227
[8409/10001] End of Epoch | Avg_Loss_D: 0.8857 | Avg_Loss_G: 5199.5674 | Total_Iter: 25230
[8410/10001] End of Epoch | Avg_Loss_D: -7.1525 | Avg_Loss_G: 5177.4286 | Total_Iter: 25233
[8411/10001] End of Epoch | Avg_Loss_D: 58.6904 | Avg_Loss_G: 5217.1335 | Total_Iter: 25236
[8412/10001] End of Epoch | Avg_Loss_D: -6.2287 | Avg_Loss_G: 5168.2849 | Total_Iter: 25239
[8413/10001] End of Epoch | Avg_Loss_D: 16.8108 | Avg_Loss_G: 5159.8573 | Total_Iter: 25242
[8414/10001] End of Epoch | Avg_Loss_D: -50.5191 | Avg_Loss_G: 5143.7509 | Total_Iter: 25245
[8415/10001] End of Epoch | Avg_Loss_D: -732.6583 | Avg_Loss_G: 5166.6178 | Total_Iter: 25248
[8416/10001] End of Epoch | Avg_Loss_D: -25.5150 | Avg_Loss_G: 5160.7571 | Total_Iter: 25251
[8417/10001] End of Epoch | Avg_Loss_D: -4.3081 | Avg_Loss_G: 5188.7342 | Total_Iter: 25254
[8418/10001] End of Epoch | Avg_Loss_D: -12.8360 | Avg_Loss_G: 5170.0215 | Total_Iter: 25257
[8419/10001] End of Epoch | Avg_Loss_D: -140.1259 | Avg_Loss_G: 5203.0741 | Total_Iter: 25260
[8420/10001] End of Epoch | Avg_Loss_D: 189.7217 | Avg_Loss_G: 5209.8487 | Total_Iter: 25263
[8421/10001] End of Epoch | Avg_Loss_D: -165.3684 | Avg_Loss_G: 5189.4736 | Total_Iter: 25266
[8422/10001] End of Epoch | Avg_Loss_D: 47.9099 | Avg_Loss_G: 5083.4877 | Total_Iter: 25269
[8423/10001] End of Epoch | Avg_Loss_D: 48.0661 | Avg_Loss_G: 5163.3665 | Total_Iter: 25272
[8424/10001] End of Epoch | Avg_Loss_D: 13.5230 | Avg_Loss_G: 5116.7173 | Total_Iter: 25275
[8425/10001] End of Epoch | Avg_Loss_D: -188.4690 | Avg_Loss_G: 5173.5605 | Total_Iter: 25278
[8426/10001] End of Epoch | Avg_Loss_D: -1405.3760 | Avg_Loss_G: 5165.5122 | Total_Iter: 25281
[8427/10001] End of Epoch | Avg_Loss_D: 63.2324 | Avg_Loss_G: 4780.8712 | Total_Iter: 25284
[8428/10001] End of Epoch | Avg_Loss_D: 70.5852 | Avg_Loss_G: 5055.6774 | Total_Iter: 25287
[8429/10001] End of Epoch | Avg_Loss_D: 644.2927 | Avg_Loss_G: 4702.0980 | Total_Iter: 25290
[8430/10001] End of Epoch | Avg_Loss_D: 2.9663 | Avg_Loss_G: 5183.2503 | Total_Iter: 25293
[8431/10001] End of Epoch | Avg_Loss_D: -18.6529 | Avg_Loss_G: 5171.6372 | Total_Iter: 25296
[8432/10001] End of Epoch | Avg_Loss_D: -10.4035 | Avg_Loss_G: 5164.8079 | Total_Iter: 25299
[8433/10001] End of Epoch | Avg_Loss_D: 3.6385 | Avg_Loss_G: 5177.5406 | Total_Iter: 25302
[8434/10001] End of Epoch | Avg_Loss_D: -3.6900 | Avg_Loss_G: 5211.5538 | Total_Iter: 25305
[8435/10001] End of Epoch | Avg_Loss_D: 75.5175 | Avg_Loss_G: 5202.3711 | Total_Iter: 25308
[8436/10001] End of Epoch | Avg_Loss_D: -44.0195 | Avg_Loss_G: 5210.1808 | Total_Iter: 25311
[8437/10001] End of Epoch | Avg_Loss_D: 25.9000 | Avg_Loss_G: 5206.7556 | Total_Iter: 25314
[8438/10001] End of Epoch | Avg_Loss_D: -452.5773 | Avg_Loss_G: 5206.7453 | Total_Iter: 25317
[8439/10001] End of Epoch | Avg_Loss_D: 56.7131 | Avg_Loss_G: 5211.8568 | Total_Iter: 25320
[8440/10001] End of Epoch | Avg_Loss_D: 48.6029 | Avg_Loss_G: 4570.7253 | Total_Iter: 25323
[8441/10001] End of Epoch | Avg_Loss_D: 49.1588 | Avg_Loss_G: 5194.2958 | Total_Iter: 25326
[8442/10001] End of Epoch | Avg_Loss_D: -10.6895 | Avg_Loss_G: 5174.1972 | Total_Iter: 25329
[8443/10001] End of Epoch | Avg_Loss_D: 364.0166 | Avg_Loss_G: 5183.7129 | Total_Iter: 25332
[8444/10001] End of Epoch | Avg_Loss_D: 27.3669 | Avg_Loss_G: 5174.5533 | Total_Iter: 25335
[8445/10001] End of Epoch | Avg_Loss_D: -7.3520 | Avg_Loss_G: 5141.7742 | Total_Iter: 25338
[8446/10001] End of Epoch | Avg_Loss_D: -1460.0664 | Avg_Loss_G: 5105.6660 | Total_Iter: 25341
[8447/10001] End of Epoch | Avg_Loss_D: 6.6467 | Avg_Loss_G: 5205.1871 | Total_Iter: 25344
[8448/10001] End of Epoch | Avg_Loss_D: -4.2649 | Avg_Loss_G: 5206.6314 | Total_Iter: 25347
[8449/10001] End of Epoch | Avg_Loss_D: -13.3265 | Avg_Loss_G: 5217.0243 | Total_Iter: 25350
[8450/10001] End of Epoch | Avg_Loss_D: -1606.6669 | Avg_Loss_G: 5223.8152 | Total_Iter: 25353
[8451/10001] End of Epoch | Avg_Loss_D: -1060.2241 | Avg_Loss_G: 5176.3899 | Total_Iter: 25356
[8452/10001] End of Epoch | Avg_Loss_D: 132.3828 | Avg_Loss_G: 5212.2044 | Total_Iter: 25359
[8453/10001] End of Epoch | Avg_Loss_D: 29.8848 | Avg_Loss_G: 3931.2973 | Total_Iter: 25362
[8454/10001] End of Epoch | Avg_Loss_D: 43.3554 | Avg_Loss_G: 5042.2041 | Total_Iter: 25365
[8455/10001] End of Epoch | Avg_Loss_D: -0.7787 | Avg_Loss_G: 5138.6092 | Total_Iter: 25368
[8456/10001] End of Epoch | Avg_Loss_D: 68.6056 | Avg_Loss_G: 5168.9408 | Total_Iter: 25371
[8457/10001] End of Epoch | Avg_Loss_D: -22.0009 | Avg_Loss_G: 5161.7357 | Total_Iter: 25374
[8458/10001] End of Epoch | Avg_Loss_D: 43.0520 | Avg_Loss_G: 5197.6670 | Total_Iter: 25377
[8459/10001] End of Epoch | Avg_Loss_D: 1.8315 | Avg_Loss_G: 5216.3345 | Total_Iter: 25380
[8460/10001] End of Epoch | Avg_Loss_D: 264.0831 | Avg_Loss_G: 5157.2943 | Total_Iter: 25383
[8461/10001] End of Epoch | Avg_Loss_D: -53.9102 | Avg_Loss_G: 5203.2127 | Total_Iter: 25386
[8462/10001] End of Epoch | Avg_Loss_D: -94.8214 | Avg_Loss_G: 5209.8981 | Total_Iter: 25389
[8463/10001] End of Epoch | Avg_Loss_D: -124.6774 | Avg_Loss_G: 5050.7164 | Total_Iter: 25392
[8464/10001] End of Epoch | Avg_Loss_D: -1491.8913 | Avg_Loss_G: 4996.0149 | Total_Iter: 25395
[8465/10001] End of Epoch | Avg_Loss_D: -223.5800 | Avg_Loss_G: 5052.8183 | Total_Iter: 25398
[8466/10001] End of Epoch | Avg_Loss_D: -1542.9926 | Avg_Loss_G: 4888.6748 | Total_Iter: 25401
[8467/10001] End of Epoch | Avg_Loss_D: 94.3688 | Avg_Loss_G: 5229.9242 | Total_Iter: 25404
[8468/10001] End of Epoch | Avg_Loss_D: -214.0624 | Avg_Loss_G: 5073.5824 | Total_Iter: 25407
[8469/10001] End of Epoch | Avg_Loss_D: -32.7356 | Avg_Loss_G: 5248.7420 | Total_Iter: 25410
[8470/10001] End of Epoch | Avg_Loss_D: -209.6899 | Avg_Loss_G: 5115.6311 | Total_Iter: 25413
[8471/10001] End of Epoch | Avg_Loss_D: -222.2233 | Avg_Loss_G: 5080.0080 | Total_Iter: 25416
[8472/10001] End of Epoch | Avg_Loss_D: -444.6692 | Avg_Loss_G: 4891.1685 | Total_Iter: 25419
[8473/10001] End of Epoch | Avg_Loss_D: -273.1003 | Avg_Loss_G: 5250.2765 | Total_Iter: 25422
[8474/10001] End of Epoch | Avg_Loss_D: -189.0950 | Avg_Loss_G: 5322.4196 | Total_Iter: 25425
[8475/10001] End of Epoch | Avg_Loss_D: 43.5792 | Avg_Loss_G: 5209.0472 | Total_Iter: 25428
[8476/10001] End of Epoch | Avg_Loss_D: -154.3815 | Avg_Loss_G: 5159.0522 | Total_Iter: 25431
[8477/10001] End of Epoch | Avg_Loss_D: -298.0568 | Avg_Loss_G: 5197.8228 | Total_Iter: 25434
[8478/10001] End of Epoch | Avg_Loss_D: -370.4592 | Avg_Loss_G: 5052.3025 | Total_Iter: 25437
[8479/10001] End of Epoch | Avg_Loss_D: -594.9810 | Avg_Loss_G: 4806.4772 | Total_Iter: 25440
[8480/10001] End of Epoch | Avg_Loss_D: -502.8700 | Avg_Loss_G: 5219.5607 | Total_Iter: 25443
[8481/10001] End of Epoch | Avg_Loss_D: -243.8802 | Avg_Loss_G: 5323.5168 | Total_Iter: 25446
[8482/10001] End of Epoch | Avg_Loss_D: -307.0213 | Avg_Loss_G: 5139.5789 | Total_Iter: 25449
[8483/10001] End of Epoch | Avg_Loss_D: 205.3433 | Avg_Loss_G: 4795.5041 | Total_Iter: 25452
[8484/10001] End of Epoch | Avg_Loss_D: 344.1767 | Avg_Loss_G: 5311.6045 | Total_Iter: 25455
[8485/10001] End of Epoch | Avg_Loss_D: -340.2832 | Avg_Loss_G: 5148.5622 | Total_Iter: 25458
[8486/10001] End of Epoch | Avg_Loss_D: -524.2543 | Avg_Loss_G: 5252.5329 | Total_Iter: 25461
[8487/10001] End of Epoch | Avg_Loss_D: -100.3798 | Avg_Loss_G: 5028.5179 | Total_Iter: 25464
[8488/10001] End of Epoch | Avg_Loss_D: 174.9806 | Avg_Loss_G: 5234.9752 | Total_Iter: 25467
[8489/10001] End of Epoch | Avg_Loss_D: -106.0780 | Avg_Loss_G: 4909.4264 | Total_Iter: 25470
[8490/10001] End of Epoch | Avg_Loss_D: -154.2857 | Avg_Loss_G: 4871.6923 | Total_Iter: 25473
[8491/10001] End of Epoch | Avg_Loss_D: 247.5906 | Avg_Loss_G: 5167.7560 | Total_Iter: 25476
[8492/10001] End of Epoch | Avg_Loss_D: -1834.7299 | Avg_Loss_G: 5193.1990 | Total_Iter: 25479
[8493/10001] End of Epoch | Avg_Loss_D: -850.6444 | Avg_Loss_G: 5221.1445 | Total_Iter: 25482
[8494/10001] End of Epoch | Avg_Loss_D: -225.6995 | Avg_Loss_G: 5105.5586 | Total_Iter: 25485
[8495/10001] End of Epoch | Avg_Loss_D: -128.3536 | Avg_Loss_G: 5349.6394 | Total_Iter: 25488
[8496/10001] End of Epoch | Avg_Loss_D: -141.2171 | Avg_Loss_G: 4344.6423 | Total_Iter: 25491
[8497/10001] End of Epoch | Avg_Loss_D: -416.2705 | Avg_Loss_G: 5430.4543 | Total_Iter: 25494
[8498/10001] End of Epoch | Avg_Loss_D: 994.1492 | Avg_Loss_G: 5154.0916 | Total_Iter: 25497
[8499/10001] End of Epoch | Avg_Loss_D: -22.0547 | Avg_Loss_G: 5332.4090 | Total_Iter: 25500
[8500/10001] End of Epoch | Avg_Loss_D: 595.0420 | Avg_Loss_G: 5327.2979 | Total_Iter: 25503
[8501/10001] End of Epoch | Avg_Loss_D: 83.5187 | Avg_Loss_G: 5275.4325 | Total_Iter: 25506
[8502/10001] End of Epoch | Avg_Loss_D: -636.8055 | Avg_Loss_G: 5352.2637 | Total_Iter: 25509
[8503/10001] End of Epoch | Avg_Loss_D: 307.5828 | Avg_Loss_G: 4844.5749 | Total_Iter: 25512
[8504/10001] End of Epoch | Avg_Loss_D: -111.3465 | Avg_Loss_G: 4981.6680 | Total_Iter: 25515
[8505/10001] End of Epoch | Avg_Loss_D: -1697.5986 | Avg_Loss_G: 5163.4980 | Total_Iter: 25518
[8506/10001] End of Epoch | Avg_Loss_D: -2131.7040 | Avg_Loss_G: 5330.6386 | Total_Iter: 25521
[8507/10001] End of Epoch | Avg_Loss_D: -613.5035 | Avg_Loss_G: 5398.6822 | Total_Iter: 25524
[8508/10001] End of Epoch | Avg_Loss_D: -867.3288 | Avg_Loss_G: 5265.9976 | Total_Iter: 25527
[8509/10001] End of Epoch | Avg_Loss_D: 384.6012 | Avg_Loss_G: 4994.8350 | Total_Iter: 25530
[8510/10001] End of Epoch | Avg_Loss_D: 146.7303 | Avg_Loss_G: 5215.9333 | Total_Iter: 25533
[8511/10001] End of Epoch | Avg_Loss_D: -333.0765 | Avg_Loss_G: 5405.5705 | Total_Iter: 25536
[8512/10001] End of Epoch | Avg_Loss_D: 1418.1197 | Avg_Loss_G: 5059.5168 | Total_Iter: 25539
[8513/10001] End of Epoch | Avg_Loss_D: 3.8577 | Avg_Loss_G: 5148.0340 | Total_Iter: 25542
[8514/10001] End of Epoch | Avg_Loss_D: -100.1477 | Avg_Loss_G: 5227.6866 | Total_Iter: 25545
[8515/10001] End of Epoch | Avg_Loss_D: -222.4492 | Avg_Loss_G: 5205.5122 | Total_Iter: 25548
[8516/10001] End of Epoch | Avg_Loss_D: -857.2436 | Avg_Loss_G: 5261.0384 | Total_Iter: 25551
[8517/10001] End of Epoch | Avg_Loss_D: -740.8167 | Avg_Loss_G: 5311.0206 | Total_Iter: 25554
[8518/10001] End of Epoch | Avg_Loss_D: -372.0424 | Avg_Loss_G: 5354.3397 | Total_Iter: 25557
[8519/10001] End of Epoch | Avg_Loss_D: -184.1625 | Avg_Loss_G: 5009.6114 | Total_Iter: 25560
[8520/10001] End of Epoch | Avg_Loss_D: -26.7633 | Avg_Loss_G: 4212.9633 | Total_Iter: 25563
[8521/10001] End of Epoch | Avg_Loss_D: -269.2352 | Avg_Loss_G: 5121.2586 | Total_Iter: 25566
[8522/10001] End of Epoch | Avg_Loss_D: -558.9157 | Avg_Loss_G: 5419.0588 | Total_Iter: 25569
[8523/10001] End of Epoch | Avg_Loss_D: -129.2170 | Avg_Loss_G: 5094.5409 | Total_Iter: 25572
[8524/10001] End of Epoch | Avg_Loss_D: -354.1013 | Avg_Loss_G: 5398.5279 | Total_Iter: 25575
[8525/10001] End of Epoch | Avg_Loss_D: -991.5389 | Avg_Loss_G: 5362.2589 | Total_Iter: 25578
[8526/10001] End of Epoch | Avg_Loss_D: 675.0468 | Avg_Loss_G: 5310.3306 | Total_Iter: 25581
[8527/10001] End of Epoch | Avg_Loss_D: -1335.9203 | Avg_Loss_G: 5382.5822 | Total_Iter: 25584
[8528/10001] End of Epoch | Avg_Loss_D: -726.2391 | Avg_Loss_G: 5263.9320 | Total_Iter: 25587
[8529/10001] End of Epoch | Avg_Loss_D: 108.2615 | Avg_Loss_G: 4607.0388 | Total_Iter: 25590
[8530/10001] End of Epoch | Avg_Loss_D: -1274.0578 | Avg_Loss_G: 5113.1253 | Total_Iter: 25593
[8531/10001] End of Epoch | Avg_Loss_D: -118.1183 | Avg_Loss_G: 4469.7772 | Total_Iter: 25596
[8532/10001] End of Epoch | Avg_Loss_D: -1207.7577 | Avg_Loss_G: 4506.1132 | Total_Iter: 25599
[8533/10001] End of Epoch | Avg_Loss_D: 456.3025 | Avg_Loss_G: 5332.8215 | Total_Iter: 25602
[8534/10001] End of Epoch | Avg_Loss_D: -603.9702 | Avg_Loss_G: 5185.3869 | Total_Iter: 25605
[8535/10001] End of Epoch | Avg_Loss_D: -287.3926 | Avg_Loss_G: 5256.2617 | Total_Iter: 25608
[8536/10001] End of Epoch | Avg_Loss_D: -250.3438 | Avg_Loss_G: 4971.0649 | Total_Iter: 25611
[8537/10001] End of Epoch | Avg_Loss_D: -2720.3269 | Avg_Loss_G: 4384.5130 | Total_Iter: 25614
[8538/10001] End of Epoch | Avg_Loss_D: 164.0193 | Avg_Loss_G: 5189.1851 | Total_Iter: 25617
[8539/10001] End of Epoch | Avg_Loss_D: 300.2344 | Avg_Loss_G: 5087.8516 | Total_Iter: 25620
[8540/10001] End of Epoch | Avg_Loss_D: -481.0823 | Avg_Loss_G: 3876.5666 | Total_Iter: 25623
[8541/10001] End of Epoch | Avg_Loss_D: -600.1072 | Avg_Loss_G: 5076.5927 | Total_Iter: 25626
[8542/10001] End of Epoch | Avg_Loss_D: 903.8706 | Avg_Loss_G: 4733.8184 | Total_Iter: 25629
[8543/10001] End of Epoch | Avg_Loss_D: -170.3747 | Avg_Loss_G: 4964.3675 | Total_Iter: 25632
[8544/10001] End of Epoch | Avg_Loss_D: -373.8277 | Avg_Loss_G: 5196.6411 | Total_Iter: 25635
[8545/10001] End of Epoch | Avg_Loss_D: 757.6513 | Avg_Loss_G: 4326.0680 | Total_Iter: 25638
[8546/10001] End of Epoch | Avg_Loss_D: -349.3743 | Avg_Loss_G: 5261.1449 | Total_Iter: 25641
[8547/10001] End of Epoch | Avg_Loss_D: 213.7047 | Avg_Loss_G: 5023.8279 | Total_Iter: 25644
[8548/10001] End of Epoch | Avg_Loss_D: 393.7061 | Avg_Loss_G: 4854.4255 | Total_Iter: 25647
[8549/10001] End of Epoch | Avg_Loss_D: -186.2590 | Avg_Loss_G: 5106.8253 | Total_Iter: 25650
[8550/10001] End of Epoch | Avg_Loss_D: -2496.3713 | Avg_Loss_G: 4931.4131 | Total_Iter: 25653
[8551/10001] End of Epoch | Avg_Loss_D: -366.5546 | Avg_Loss_G: 5091.2873 | Total_Iter: 25656
[8552/10001] End of Epoch | Avg_Loss_D: -1941.1297 | Avg_Loss_G: 4700.5654 | Total_Iter: 25659
[8553/10001] End of Epoch | Avg_Loss_D: -1678.7086 | Avg_Loss_G: 4856.0664 | Total_Iter: 25662
[8554/10001] End of Epoch | Avg_Loss_D: -473.5571 | Avg_Loss_G: 4300.7793 | Total_Iter: 25665
[8555/10001] End of Epoch | Avg_Loss_D: -1582.1582 | Avg_Loss_G: 4393.4257 | Total_Iter: 25668
[8556/10001] End of Epoch | Avg_Loss_D: -173.1728 | Avg_Loss_G: 3100.3930 | Total_Iter: 25671
[8557/10001] End of Epoch | Avg_Loss_D: -4668.3590 | Avg_Loss_G: 5285.9704 | Total_Iter: 25674
[8558/10001] End of Epoch | Avg_Loss_D: -536.5860 | Avg_Loss_G: 4859.4452 | Total_Iter: 25677
[8559/10001] End of Epoch | Avg_Loss_D: 1172.5366 | Avg_Loss_G: 5010.0776 | Total_Iter: 25680
[8560/10001] End of Epoch | Avg_Loss_D: -126.9974 | Avg_Loss_G: 5264.4325 | Total_Iter: 25683
[8561/10001] End of Epoch | Avg_Loss_D: -2231.3242 | Avg_Loss_G: 5267.6357 | Total_Iter: 25686
[8562/10001] End of Epoch | Avg_Loss_D: 39.7741 | Avg_Loss_G: 5280.2841 | Total_Iter: 25689
[8563/10001] End of Epoch | Avg_Loss_D: -791.6798 | Avg_Loss_G: 4853.3608 | Total_Iter: 25692
[8564/10001] End of Epoch | Avg_Loss_D: 226.8365 | Avg_Loss_G: 5031.8583 | Total_Iter: 25695
[8565/10001] End of Epoch | Avg_Loss_D: -44.9383 | Avg_Loss_G: 5136.2524 | Total_Iter: 25698
[8566/10001] End of Epoch | Avg_Loss_D: -51.7133 | Avg_Loss_G: 5161.6514 | Total_Iter: 25701
[8567/10001] End of Epoch | Avg_Loss_D: -155.1109 | Avg_Loss_G: 5169.9536 | Total_Iter: 25704
[8568/10001] End of Epoch | Avg_Loss_D: -172.7382 | Avg_Loss_G: 5238.4315 | Total_Iter: 25707
[8569/10001] End of Epoch | Avg_Loss_D: -63.4606 | Avg_Loss_G: 5139.2885 | Total_Iter: 25710
[8570/10001] End of Epoch | Avg_Loss_D: -170.9754 | Avg_Loss_G: 5214.5970 | Total_Iter: 25713
[8571/10001] End of Epoch | Avg_Loss_D: -163.6229 | Avg_Loss_G: 5270.6109 | Total_Iter: 25716
[8572/10001] End of Epoch | Avg_Loss_D: -147.2372 | Avg_Loss_G: 5304.1126 | Total_Iter: 25719
[8573/10001] End of Epoch | Avg_Loss_D: 45.7108 | Avg_Loss_G: 5248.7346 | Total_Iter: 25722
[8574/10001] End of Epoch | Avg_Loss_D: -312.8164 | Avg_Loss_G: 5298.4689 | Total_Iter: 25725
[8575/10001] End of Epoch | Avg_Loss_D: 41.2867 | Avg_Loss_G: 5224.0035 | Total_Iter: 25728
[8576/10001] End of Epoch | Avg_Loss_D: 8.4801 | Avg_Loss_G: 5262.7033 | Total_Iter: 25731
[8577/10001] End of Epoch | Avg_Loss_D: -334.0747 | Avg_Loss_G: 5238.6317 | Total_Iter: 25734
[8578/10001] End of Epoch | Avg_Loss_D: 116.0367 | Avg_Loss_G: 5249.3546 | Total_Iter: 25737
[8579/10001] End of Epoch | Avg_Loss_D: 56.2316 | Avg_Loss_G: 5144.3244 | Total_Iter: 25740
[8580/10001] End of Epoch | Avg_Loss_D: 174.3635 | Avg_Loss_G: 5269.4543 | Total_Iter: 25743
[8581/10001] End of Epoch | Avg_Loss_D: -249.5539 | Avg_Loss_G: 5271.8416 | Total_Iter: 25746
[8582/10001] End of Epoch | Avg_Loss_D: -144.4546 | Avg_Loss_G: 5229.1048 | Total_Iter: 25749
[8583/10001] End of Epoch | Avg_Loss_D: -144.0235 | Avg_Loss_G: 5277.9914 | Total_Iter: 25752
[8584/10001] End of Epoch | Avg_Loss_D: -170.9549 | Avg_Loss_G: 5222.0739 | Total_Iter: 25755
[8585/10001] End of Epoch | Avg_Loss_D: -636.2129 | Avg_Loss_G: 5212.1902 | Total_Iter: 25758
[8586/10001] End of Epoch | Avg_Loss_D: -734.9776 | Avg_Loss_G: 5204.7053 | Total_Iter: 25761
[8587/10001] End of Epoch | Avg_Loss_D: -187.5736 | Avg_Loss_G: 5108.0501 | Total_Iter: 25764
[8588/10001] End of Epoch | Avg_Loss_D: -732.1664 | Avg_Loss_G: 5157.2553 | Total_Iter: 25767
[8589/10001] End of Epoch | Avg_Loss_D: -454.0718 | Avg_Loss_G: 5051.0717 | Total_Iter: 25770
[8590/10001] End of Epoch | Avg_Loss_D: -352.3628 | Avg_Loss_G: 5296.7742 | Total_Iter: 25773
[8591/10001] End of Epoch | Avg_Loss_D: -238.3464 | Avg_Loss_G: 5306.2882 | Total_Iter: 25776
[8592/10001] End of Epoch | Avg_Loss_D: -616.7131 | Avg_Loss_G: 4970.8582 | Total_Iter: 25779
[8593/10001] End of Epoch | Avg_Loss_D: -1111.2562 | Avg_Loss_G: 4461.2540 | Total_Iter: 25782
[8594/10001] End of Epoch | Avg_Loss_D: -309.6344 | Avg_Loss_G: 5237.8746 | Total_Iter: 25785
[8595/10001] End of Epoch | Avg_Loss_D: -2604.9693 | Avg_Loss_G: 5120.2360 | Total_Iter: 25788
[8596/10001] End of Epoch | Avg_Loss_D: -457.8960 | Avg_Loss_G: 5030.6834 | Total_Iter: 25791
[8597/10001] End of Epoch | Avg_Loss_D: -1271.3291 | Avg_Loss_G: 5232.2480 | Total_Iter: 25794
[8598/10001] End of Epoch | Avg_Loss_D: -2587.4711 | Avg_Loss_G: 4433.7884 | Total_Iter: 25797
[8599/10001] End of Epoch | Avg_Loss_D: 663.1719 | Avg_Loss_G: 5273.5898 | Total_Iter: 25800
[8600/10001] End of Epoch | Avg_Loss_D: -466.8961 | Avg_Loss_G: 3390.1825 | Total_Iter: 25803
[8601/10001] End of Epoch | Avg_Loss_D: -1348.3825 | Avg_Loss_G: 5147.9097 | Total_Iter: 25806
[8602/10001] End of Epoch | Avg_Loss_D: -814.0223 | Avg_Loss_G: 4753.1085 | Total_Iter: 25809
[8603/10001] End of Epoch | Avg_Loss_D: -2927.0680 | Avg_Loss_G: 4989.4137 | Total_Iter: 25812
[8604/10001] End of Epoch | Avg_Loss_D: -1966.2133 | Avg_Loss_G: 3420.8501 | Total_Iter: 25815
[8605/10001] End of Epoch | Avg_Loss_D: -275.0896 | Avg_Loss_G: 3374.4015 | Total_Iter: 25818
[8606/10001] End of Epoch | Avg_Loss_D: 899.9897 | Avg_Loss_G: 5307.3128 | Total_Iter: 25821
[8607/10001] End of Epoch | Avg_Loss_D: 250.5707 | Avg_Loss_G: 5153.3327 | Total_Iter: 25824
[8608/10001] End of Epoch | Avg_Loss_D: -789.0221 | Avg_Loss_G: 5155.2275 | Total_Iter: 25827
[8609/10001] End of Epoch | Avg_Loss_D: -267.4187 | Avg_Loss_G: 4433.9817 | Total_Iter: 25830
[8610/10001] End of Epoch | Avg_Loss_D: 266.7479 | Avg_Loss_G: 5087.5611 | Total_Iter: 25833
[8611/10001] End of Epoch | Avg_Loss_D: -328.5230 | Avg_Loss_G: 5260.4555 | Total_Iter: 25836
[8612/10001] End of Epoch | Avg_Loss_D: -664.4986 | Avg_Loss_G: 5333.9419 | Total_Iter: 25839
[8613/10001] End of Epoch | Avg_Loss_D: -442.6102 | Avg_Loss_G: 5081.9710 | Total_Iter: 25842
[8614/10001] End of Epoch | Avg_Loss_D: -1128.2876 | Avg_Loss_G: 5133.2911 | Total_Iter: 25845
[8615/10001] End of Epoch | Avg_Loss_D: -677.0362 | Avg_Loss_G: 5396.7725 | Total_Iter: 25848
[8616/10001] End of Epoch | Avg_Loss_D: -407.1796 | Avg_Loss_G: 4906.7522 | Total_Iter: 25851
[8617/10001] End of Epoch | Avg_Loss_D: -313.2393 | Avg_Loss_G: 5401.7152 | Total_Iter: 25854
[8618/10001] End of Epoch | Avg_Loss_D: -525.4929 | Avg_Loss_G: 5205.9653 | Total_Iter: 25857
[8619/10001] End of Epoch | Avg_Loss_D: 849.5835 | Avg_Loss_G: 4210.2384 | Total_Iter: 25860
[8620/10001] End of Epoch | Avg_Loss_D: -461.8777 | Avg_Loss_G: 5024.8071 | Total_Iter: 25863
[8621/10001] End of Epoch | Avg_Loss_D: -740.7150 | Avg_Loss_G: 5218.6210 | Total_Iter: 25866
[8622/10001] End of Epoch | Avg_Loss_D: -693.3544 | Avg_Loss_G: 5055.7492 | Total_Iter: 25869
[8623/10001] End of Epoch | Avg_Loss_D: -945.4810 | Avg_Loss_G: 4916.4503 | Total_Iter: 25872
[8624/10001] End of Epoch | Avg_Loss_D: -616.2090 | Avg_Loss_G: 4949.4044 | Total_Iter: 25875
[8625/10001] End of Epoch | Avg_Loss_D: -556.8741 | Avg_Loss_G: 4778.9242 | Total_Iter: 25878
[8626/10001] End of Epoch | Avg_Loss_D: -1537.0708 | Avg_Loss_G: 4923.8277 | Total_Iter: 25881
[8627/10001] End of Epoch | Avg_Loss_D: -6370.8646 | Avg_Loss_G: 4738.0368 | Total_Iter: 25884
[8628/10001] End of Epoch | Avg_Loss_D: 328.1212 | Avg_Loss_G: 4753.0739 | Total_Iter: 25887
[8629/10001] End of Epoch | Avg_Loss_D: -2367.8579 | Avg_Loss_G: 5127.5294 | Total_Iter: 25890
[8630/10001] End of Epoch | Avg_Loss_D: -1769.7989 | Avg_Loss_G: 5156.6172 | Total_Iter: 25893
[8631/10001] End of Epoch | Avg_Loss_D: -2607.6603 | Avg_Loss_G: 4699.5673 | Total_Iter: 25896
[8632/10001] End of Epoch | Avg_Loss_D: -333.2424 | Avg_Loss_G: 5239.8332 | Total_Iter: 25899
[8633/10001] End of Epoch | Avg_Loss_D: -1061.0959 | Avg_Loss_G: 4806.3096 | Total_Iter: 25902
[8634/10001] End of Epoch | Avg_Loss_D: -1729.9257 | Avg_Loss_G: 3779.2829 | Total_Iter: 25905
[8635/10001] End of Epoch | Avg_Loss_D: -688.1875 | Avg_Loss_G: 4372.1735 | Total_Iter: 25908
[8636/10001] End of Epoch | Avg_Loss_D: -3735.8206 | Avg_Loss_G: 2705.8579 | Total_Iter: 25911
[8637/10001] End of Epoch | Avg_Loss_D: 1221.8356 | Avg_Loss_G: 4412.7489 | Total_Iter: 25914
[8638/10001] End of Epoch | Avg_Loss_D: -1205.4545 | Avg_Loss_G: 5203.0828 | Total_Iter: 25917
[8639/10001] End of Epoch | Avg_Loss_D: -789.9595 | Avg_Loss_G: 5177.0503 | Total_Iter: 25920
[8640/10001] End of Epoch | Avg_Loss_D: -373.0836 | Avg_Loss_G: 5179.4167 | Total_Iter: 25923
[8641/10001] End of Epoch | Avg_Loss_D: 17.7429 | Avg_Loss_G: 5161.8498 | Total_Iter: 25926
[8642/10001] End of Epoch | Avg_Loss_D: -1912.2396 | Avg_Loss_G: 4849.1933 | Total_Iter: 25929
[8643/10001] End of Epoch | Avg_Loss_D: -1216.3213 | Avg_Loss_G: 4619.9612 | Total_Iter: 25932
[8644/10001] End of Epoch | Avg_Loss_D: 1266.5383 | Avg_Loss_G: 4981.8038 | Total_Iter: 25935
[8645/10001] End of Epoch | Avg_Loss_D: 609.5166 | Avg_Loss_G: 3300.8882 | Total_Iter: 25938
[8646/10001] End of Epoch | Avg_Loss_D: 1004.4719 | Avg_Loss_G: 4336.5299 | Total_Iter: 25941
[8647/10001] End of Epoch | Avg_Loss_D: 683.4542 | Avg_Loss_G: 4417.7665 | Total_Iter: 25944
[8648/10001] End of Epoch | Avg_Loss_D: 730.7105 | Avg_Loss_G: 4468.5258 | Total_Iter: 25947
[8649/10001] End of Epoch | Avg_Loss_D: 380.9789 | Avg_Loss_G: 4602.8420 | Total_Iter: 25950
[8650/10001] End of Epoch | Avg_Loss_D: 338.6849 | Avg_Loss_G: 4677.1564 | Total_Iter: 25953
[8651/10001] End of Epoch | Avg_Loss_D: 213.9653 | Avg_Loss_G: 4674.4444 | Total_Iter: 25956
[8652/10001] End of Epoch | Avg_Loss_D: 244.0729 | Avg_Loss_G: 4708.0736 | Total_Iter: 25959
[8653/10001] End of Epoch | Avg_Loss_D: 183.5848 | Avg_Loss_G: 4740.0027 | Total_Iter: 25962
[8654/10001] End of Epoch | Avg_Loss_D: 15.2473 | Avg_Loss_G: 4770.4223 | Total_Iter: 25965
[8655/10001] End of Epoch | Avg_Loss_D: 159.2144 | Avg_Loss_G: 4783.4379 | Total_Iter: 25968
[8656/10001] End of Epoch | Avg_Loss_D: 83.1927 | Avg_Loss_G: 4781.2667 | Total_Iter: 25971
[8657/10001] End of Epoch | Avg_Loss_D: 130.4331 | Avg_Loss_G: 4813.6170 | Total_Iter: 25974
[8658/10001] End of Epoch | Avg_Loss_D: 71.8810 | Avg_Loss_G: 4823.3471 | Total_Iter: 25977
[8659/10001] End of Epoch | Avg_Loss_D: 146.7270 | Avg_Loss_G: 4830.6590 | Total_Iter: 25980
[8660/10001] End of Epoch | Avg_Loss_D: 107.5511 | Avg_Loss_G: 4849.0547 | Total_Iter: 25983
[8661/10001] End of Epoch | Avg_Loss_D: 79.9389 | Avg_Loss_G: 4846.6356 | Total_Iter: 25986
[8662/10001] End of Epoch | Avg_Loss_D: 39.6271 | Avg_Loss_G: 4825.3309 | Total_Iter: 25989
[8663/10001] End of Epoch | Avg_Loss_D: 21.3379 | Avg_Loss_G: 4863.9145 | Total_Iter: 25992
[8664/10001] End of Epoch | Avg_Loss_D: 45.5530 | Avg_Loss_G: 4861.4964 | Total_Iter: 25995
[8665/10001] End of Epoch | Avg_Loss_D: 56.2734 | Avg_Loss_G: 4865.6647 | Total_Iter: 25998
[8666/10001] End of Epoch | Avg_Loss_D: -21.7034 | Avg_Loss_G: 4896.7337 | Total_Iter: 26001
[8667/10001] End of Epoch | Avg_Loss_D: -23.7002 | Avg_Loss_G: 4888.3682 | Total_Iter: 26004
[8668/10001] End of Epoch | Avg_Loss_D: 4.4851 | Avg_Loss_G: 4905.4725 | Total_Iter: 26007
[8669/10001] End of Epoch | Avg_Loss_D: -3.7945 | Avg_Loss_G: 4890.0370 | Total_Iter: 26010
[8670/10001] End of Epoch | Avg_Loss_D: -29.8226 | Avg_Loss_G: 4908.4035 | Total_Iter: 26013
[8671/10001] End of Epoch | Avg_Loss_D: -31.6459 | Avg_Loss_G: 4899.2827 | Total_Iter: 26016
[8672/10001] End of Epoch | Avg_Loss_D: -1.4458 | Avg_Loss_G: 4934.1420 | Total_Iter: 26019
[8673/10001] End of Epoch | Avg_Loss_D: 29.1156 | Avg_Loss_G: 4941.8729 | Total_Iter: 26022
[8674/10001] End of Epoch | Avg_Loss_D: -55.5979 | Avg_Loss_G: 4929.1924 | Total_Iter: 26025
[8675/10001] End of Epoch | Avg_Loss_D: 33.6412 | Avg_Loss_G: 4948.0875 | Total_Iter: 26028
[8676/10001] End of Epoch | Avg_Loss_D: -43.4269 | Avg_Loss_G: 4937.0531 | Total_Iter: 26031
[8677/10001] End of Epoch | Avg_Loss_D: -49.4282 | Avg_Loss_G: 4932.7347 | Total_Iter: 26034
[8678/10001] End of Epoch | Avg_Loss_D: 35.0518 | Avg_Loss_G: 4925.9104 | Total_Iter: 26037
[8679/10001] End of Epoch | Avg_Loss_D: -50.2936 | Avg_Loss_G: 4949.1675 | Total_Iter: 26040
[8680/10001] End of Epoch | Avg_Loss_D: -64.2682 | Avg_Loss_G: 4965.4454 | Total_Iter: 26043
[8681/10001] End of Epoch | Avg_Loss_D: 32.4610 | Avg_Loss_G: 4925.0148 | Total_Iter: 26046
[8682/10001] End of Epoch | Avg_Loss_D: 51.6955 | Avg_Loss_G: 4936.1629 | Total_Iter: 26049
[8683/10001] End of Epoch | Avg_Loss_D: 88.0655 | Avg_Loss_G: 4986.6546 | Total_Iter: 26052
[8684/10001] End of Epoch | Avg_Loss_D: 49.0956 | Avg_Loss_G: 4977.2967 | Total_Iter: 26055
[8685/10001] End of Epoch | Avg_Loss_D: -74.1183 | Avg_Loss_G: 4954.2692 | Total_Iter: 26058
[8686/10001] End of Epoch | Avg_Loss_D: 19.0790 | Avg_Loss_G: 4954.2464 | Total_Iter: 26061
[8687/10001] End of Epoch | Avg_Loss_D: -15.8752 | Avg_Loss_G: 4926.6535 | Total_Iter: 26064
[8688/10001] End of Epoch | Avg_Loss_D: -18.6657 | Avg_Loss_G: 4954.8981 | Total_Iter: 26067
[8689/10001] End of Epoch | Avg_Loss_D: -2.7240 | Avg_Loss_G: 4957.8622 | Total_Iter: 26070
[8690/10001] End of Epoch | Avg_Loss_D: -64.6635 | Avg_Loss_G: 4978.2563 | Total_Iter: 26073
[8691/10001] End of Epoch | Avg_Loss_D: -19.0006 | Avg_Loss_G: 4989.3893 | Total_Iter: 26076
[8692/10001] End of Epoch | Avg_Loss_D: 24.0347 | Avg_Loss_G: 4996.3734 | Total_Iter: 26079
[8693/10001] End of Epoch | Avg_Loss_D: -107.2498 | Avg_Loss_G: 4988.5043 | Total_Iter: 26082
[8694/10001] End of Epoch | Avg_Loss_D: -154.9942 | Avg_Loss_G: 4920.5724 | Total_Iter: 26085
[8695/10001] End of Epoch | Avg_Loss_D: -69.5261 | Avg_Loss_G: 4970.1122 | Total_Iter: 26088
[8696/10001] End of Epoch | Avg_Loss_D: -98.8880 | Avg_Loss_G: 5018.6298 | Total_Iter: 26091
[8697/10001] End of Epoch | Avg_Loss_D: -69.4305 | Avg_Loss_G: 4971.8583 | Total_Iter: 26094
[8698/10001] End of Epoch | Avg_Loss_D: 31.1052 | Avg_Loss_G: 4988.2274 | Total_Iter: 26097
[8699/10001] End of Epoch | Avg_Loss_D: -81.3664 | Avg_Loss_G: 4968.0424 | Total_Iter: 26100
[8700/10001] End of Epoch | Avg_Loss_D: -160.6788 | Avg_Loss_G: 5009.1947 | Total_Iter: 26103
[8701/10001] End of Epoch | Avg_Loss_D: 12.8512 | Avg_Loss_G: 4967.0936 | Total_Iter: 26106
[8702/10001] End of Epoch | Avg_Loss_D: 79.5470 | Avg_Loss_G: 4993.0962 | Total_Iter: 26109
[8703/10001] End of Epoch | Avg_Loss_D: 10.8515 | Avg_Loss_G: 4950.5728 | Total_Iter: 26112
[8704/10001] End of Epoch | Avg_Loss_D: -41.4078 | Avg_Loss_G: 4995.5346 | Total_Iter: 26115
[8705/10001] End of Epoch | Avg_Loss_D: -52.8680 | Avg_Loss_G: 4997.0904 | Total_Iter: 26118
[8706/10001] End of Epoch | Avg_Loss_D: 94.1025 | Avg_Loss_G: 4993.3187 | Total_Iter: 26121
[8707/10001] End of Epoch | Avg_Loss_D: 33.3636 | Avg_Loss_G: 4948.5513 | Total_Iter: 26124
[8708/10001] End of Epoch | Avg_Loss_D: -17.7212 | Avg_Loss_G: 4966.1941 | Total_Iter: 26127
[8709/10001] End of Epoch | Avg_Loss_D: -96.9024 | Avg_Loss_G: 4960.0484 | Total_Iter: 26130
[8710/10001] End of Epoch | Avg_Loss_D: 7.4295 | Avg_Loss_G: 4976.2968 | Total_Iter: 26133
[8711/10001] End of Epoch | Avg_Loss_D: 56.6553 | Avg_Loss_G: 5027.1542 | Total_Iter: 26136
[8712/10001] End of Epoch | Avg_Loss_D: -90.7545 | Avg_Loss_G: 5007.0318 | Total_Iter: 26139
[8713/10001] End of Epoch | Avg_Loss_D: 16.8481 | Avg_Loss_G: 5026.7495 | Total_Iter: 26142
[8714/10001] End of Epoch | Avg_Loss_D: -15.8297 | Avg_Loss_G: 5008.2100 | Total_Iter: 26145
[8715/10001] End of Epoch | Avg_Loss_D: 13.9508 | Avg_Loss_G: 5025.6950 | Total_Iter: 26148
[8716/10001] End of Epoch | Avg_Loss_D: -71.1017 | Avg_Loss_G: 4968.9247 | Total_Iter: 26151
[8717/10001] End of Epoch | Avg_Loss_D: -40.7057 | Avg_Loss_G: 4979.2423 | Total_Iter: 26154
[8718/10001] End of Epoch | Avg_Loss_D: 69.9506 | Avg_Loss_G: 4986.1042 | Total_Iter: 26157
[8719/10001] End of Epoch | Avg_Loss_D: 93.9494 | Avg_Loss_G: 4988.7980 | Total_Iter: 26160
[8720/10001] End of Epoch | Avg_Loss_D: 27.9645 | Avg_Loss_G: 4990.9937 | Total_Iter: 26163
[8721/10001] End of Epoch | Avg_Loss_D: -63.3113 | Avg_Loss_G: 4985.9819 | Total_Iter: 26166
[8722/10001] End of Epoch | Avg_Loss_D: 64.3075 | Avg_Loss_G: 4975.7013 | Total_Iter: 26169
[8723/10001] End of Epoch | Avg_Loss_D: -79.5788 | Avg_Loss_G: 4992.7221 | Total_Iter: 26172
[8724/10001] End of Epoch | Avg_Loss_D: 29.6733 | Avg_Loss_G: 4985.3406 | Total_Iter: 26175
[8725/10001] End of Epoch | Avg_Loss_D: 28.4949 | Avg_Loss_G: 4974.0878 | Total_Iter: 26178
[8726/10001] End of Epoch | Avg_Loss_D: -9.5616 | Avg_Loss_G: 5020.1753 | Total_Iter: 26181
[8727/10001] End of Epoch | Avg_Loss_D: -45.4898 | Avg_Loss_G: 4992.8209 | Total_Iter: 26184
[8728/10001] End of Epoch | Avg_Loss_D: 63.7006 | Avg_Loss_G: 5014.8677 | Total_Iter: 26187
[8729/10001] End of Epoch | Avg_Loss_D: -61.5795 | Avg_Loss_G: 5008.6964 | Total_Iter: 26190
[8730/10001] End of Epoch | Avg_Loss_D: -36.7895 | Avg_Loss_G: 5019.4597 | Total_Iter: 26193
[8731/10001] End of Epoch | Avg_Loss_D: -47.5826 | Avg_Loss_G: 5017.2275 | Total_Iter: 26196
[8732/10001] End of Epoch | Avg_Loss_D: 66.9995 | Avg_Loss_G: 4982.5197 | Total_Iter: 26199
[8733/10001] End of Epoch | Avg_Loss_D: -24.5218 | Avg_Loss_G: 5002.1306 | Total_Iter: 26202
[8734/10001] End of Epoch | Avg_Loss_D: -66.5651 | Avg_Loss_G: 4971.8768 | Total_Iter: 26205
[8735/10001] End of Epoch | Avg_Loss_D: -58.6025 | Avg_Loss_G: 4988.0715 | Total_Iter: 26208
[8736/10001] End of Epoch | Avg_Loss_D: -76.0037 | Avg_Loss_G: 4952.8929 | Total_Iter: 26211
[8737/10001] End of Epoch | Avg_Loss_D: -39.3911 | Avg_Loss_G: 4999.8768 | Total_Iter: 26214
[8738/10001] End of Epoch | Avg_Loss_D: -34.2840 | Avg_Loss_G: 4926.0559 | Total_Iter: 26217
[8739/10001] End of Epoch | Avg_Loss_D: 78.1670 | Avg_Loss_G: 4962.1121 | Total_Iter: 26220
[8740/10001] End of Epoch | Avg_Loss_D: 67.7236 | Avg_Loss_G: 4954.4625 | Total_Iter: 26223
[8741/10001] End of Epoch | Avg_Loss_D: 23.7954 | Avg_Loss_G: 4964.5008 | Total_Iter: 26226
[8742/10001] End of Epoch | Avg_Loss_D: -61.5615 | Avg_Loss_G: 4977.1283 | Total_Iter: 26229
[8743/10001] End of Epoch | Avg_Loss_D: -72.8585 | Avg_Loss_G: 4987.1816 | Total_Iter: 26232
[8744/10001] End of Epoch | Avg_Loss_D: 21.0638 | Avg_Loss_G: 4987.0282 | Total_Iter: 26235
[8745/10001] End of Epoch | Avg_Loss_D: 25.9256 | Avg_Loss_G: 4974.2681 | Total_Iter: 26238
[8746/10001] End of Epoch | Avg_Loss_D: 53.3587 | Avg_Loss_G: 4981.0189 | Total_Iter: 26241
[8747/10001] End of Epoch | Avg_Loss_D: 64.0056 | Avg_Loss_G: 4989.3486 | Total_Iter: 26244
[8748/10001] End of Epoch | Avg_Loss_D: -46.6697 | Avg_Loss_G: 4983.5900 | Total_Iter: 26247
[8749/10001] End of Epoch | Avg_Loss_D: -44.7640 | Avg_Loss_G: 4982.9673 | Total_Iter: 26250
[8750/10001] End of Epoch | Avg_Loss_D: -9.0974 | Avg_Loss_G: 4975.8926 | Total_Iter: 26253
[8751/10001] End of Epoch | Avg_Loss_D: -46.3548 | Avg_Loss_G: 5002.5171 | Total_Iter: 26256
[8752/10001] End of Epoch | Avg_Loss_D: -73.4925 | Avg_Loss_G: 4970.3479 | Total_Iter: 26259
[8753/10001] End of Epoch | Avg_Loss_D: -44.1923 | Avg_Loss_G: 4974.8240 | Total_Iter: 26262
[8754/10001] End of Epoch | Avg_Loss_D: -54.4504 | Avg_Loss_G: 5001.0087 | Total_Iter: 26265
[8755/10001] End of Epoch | Avg_Loss_D: -68.1128 | Avg_Loss_G: 4956.1750 | Total_Iter: 26268
[8756/10001] End of Epoch | Avg_Loss_D: -36.2191 | Avg_Loss_G: 4991.1240 | Total_Iter: 26271
[8757/10001] End of Epoch | Avg_Loss_D: -10.0586 | Avg_Loss_G: 4995.6827 | Total_Iter: 26274
[8758/10001] End of Epoch | Avg_Loss_D: 0.2261 | Avg_Loss_G: 4967.6835 | Total_Iter: 26277
[8759/10001] End of Epoch | Avg_Loss_D: -94.3186 | Avg_Loss_G: 4988.0046 | Total_Iter: 26280
[8760/10001] End of Epoch | Avg_Loss_D: 21.9659 | Avg_Loss_G: 4938.8571 | Total_Iter: 26283
[8761/10001] End of Epoch | Avg_Loss_D: -73.6498 | Avg_Loss_G: 4953.6621 | Total_Iter: 26286
[8762/10001] End of Epoch | Avg_Loss_D: -41.8002 | Avg_Loss_G: 4981.4881 | Total_Iter: 26289
[8763/10001] End of Epoch | Avg_Loss_D: -63.9630 | Avg_Loss_G: 4964.3818 | Total_Iter: 26292
[8764/10001] End of Epoch | Avg_Loss_D: 24.8058 | Avg_Loss_G: 5013.6170 | Total_Iter: 26295
[8765/10001] End of Epoch | Avg_Loss_D: -42.5834 | Avg_Loss_G: 4992.6187 | Total_Iter: 26298
[8766/10001] End of Epoch | Avg_Loss_D: -174.7582 | Avg_Loss_G: 4943.8193 | Total_Iter: 26301
[8767/10001] End of Epoch | Avg_Loss_D: -53.3568 | Avg_Loss_G: 5008.7357 | Total_Iter: 26304
[8768/10001] End of Epoch | Avg_Loss_D: -38.0180 | Avg_Loss_G: 4986.8661 | Total_Iter: 26307
[8769/10001] End of Epoch | Avg_Loss_D: -68.8928 | Avg_Loss_G: 4998.8924 | Total_Iter: 26310
[8770/10001] End of Epoch | Avg_Loss_D: -1.7878 | Avg_Loss_G: 4986.9538 | Total_Iter: 26313
[8771/10001] End of Epoch | Avg_Loss_D: -28.4496 | Avg_Loss_G: 4999.4338 | Total_Iter: 26316
[8772/10001] End of Epoch | Avg_Loss_D: -31.0344 | Avg_Loss_G: 4993.6285 | Total_Iter: 26319
[8773/10001] End of Epoch | Avg_Loss_D: -0.4436 | Avg_Loss_G: 4963.1794 | Total_Iter: 26322
[8774/10001] End of Epoch | Avg_Loss_D: -43.8206 | Avg_Loss_G: 5011.2348 | Total_Iter: 26325
[8775/10001] End of Epoch | Avg_Loss_D: 4.7924 | Avg_Loss_G: 5014.2159 | Total_Iter: 26328
[8776/10001] End of Epoch | Avg_Loss_D: -122.3231 | Avg_Loss_G: 4971.1845 | Total_Iter: 26331
[8777/10001] End of Epoch | Avg_Loss_D: -93.2629 | Avg_Loss_G: 4959.2520 | Total_Iter: 26334
[8778/10001] End of Epoch | Avg_Loss_D: -10.7446 | Avg_Loss_G: 4945.1708 | Total_Iter: 26337
[8779/10001] End of Epoch | Avg_Loss_D: 13.2478 | Avg_Loss_G: 4975.6135 | Total_Iter: 26340
[8780/10001] End of Epoch | Avg_Loss_D: 129.6114 | Avg_Loss_G: 4997.5703 | Total_Iter: 26343
[8781/10001] End of Epoch | Avg_Loss_D: -31.1640 | Avg_Loss_G: 4988.8214 | Total_Iter: 26346
[8782/10001] End of Epoch | Avg_Loss_D: -27.4623 | Avg_Loss_G: 4954.1182 | Total_Iter: 26349
[8783/10001] End of Epoch | Avg_Loss_D: -42.0245 | Avg_Loss_G: 4997.2079 | Total_Iter: 26352
[8784/10001] End of Epoch | Avg_Loss_D: -54.0996 | Avg_Loss_G: 4971.4633 | Total_Iter: 26355
[8785/10001] End of Epoch | Avg_Loss_D: -43.2250 | Avg_Loss_G: 4974.1980 | Total_Iter: 26358
[8786/10001] End of Epoch | Avg_Loss_D: -91.1257 | Avg_Loss_G: 4991.9826 | Total_Iter: 26361
[8787/10001] End of Epoch | Avg_Loss_D: -108.3477 | Avg_Loss_G: 4980.1585 | Total_Iter: 26364
[8788/10001] End of Epoch | Avg_Loss_D: 121.2084 | Avg_Loss_G: 4989.0637 | Total_Iter: 26367
[8789/10001] End of Epoch | Avg_Loss_D: -93.7437 | Avg_Loss_G: 4954.9304 | Total_Iter: 26370
[8790/10001] End of Epoch | Avg_Loss_D: -54.1452 | Avg_Loss_G: 4963.7646 | Total_Iter: 26373
[8791/10001] End of Epoch | Avg_Loss_D: -84.9857 | Avg_Loss_G: 5015.4727 | Total_Iter: 26376
[8792/10001] End of Epoch | Avg_Loss_D: -77.7885 | Avg_Loss_G: 4999.1183 | Total_Iter: 26379
[8793/10001] End of Epoch | Avg_Loss_D: -440.2889 | Avg_Loss_G: 5019.2386 | Total_Iter: 26382
[8794/10001] End of Epoch | Avg_Loss_D: 102.6974 | Avg_Loss_G: 5007.9870 | Total_Iter: 26385
[8795/10001] End of Epoch | Avg_Loss_D: 19.7614 | Avg_Loss_G: 5019.3125 | Total_Iter: 26388
[8796/10001] End of Epoch | Avg_Loss_D: -2.0054 | Avg_Loss_G: 4997.8377 | Total_Iter: 26391
[8797/10001] End of Epoch | Avg_Loss_D: -97.6861 | Avg_Loss_G: 5009.9354 | Total_Iter: 26394
[8798/10001] End of Epoch | Avg_Loss_D: -61.7161 | Avg_Loss_G: 5020.3238 | Total_Iter: 26397
[8799/10001] End of Epoch | Avg_Loss_D: -202.7482 | Avg_Loss_G: 4986.4549 | Total_Iter: 26400
[8800/10001] End of Epoch | Avg_Loss_D: -76.5025 | Avg_Loss_G: 4988.8539 | Total_Iter: 26403
[8801/10001] End of Epoch | Avg_Loss_D: -61.3865 | Avg_Loss_G: 4987.2995 | Total_Iter: 26406
[8802/10001] End of Epoch | Avg_Loss_D: -202.4579 | Avg_Loss_G: 4982.0684 | Total_Iter: 26409
[8803/10001] End of Epoch | Avg_Loss_D: 18.8821 | Avg_Loss_G: 4904.3733 | Total_Iter: 26412
[8804/10001] End of Epoch | Avg_Loss_D: -286.1302 | Avg_Loss_G: 5020.3627 | Total_Iter: 26415
[8805/10001] End of Epoch | Avg_Loss_D: -505.9118 | Avg_Loss_G: 4918.6740 | Total_Iter: 26418
[8806/10001] End of Epoch | Avg_Loss_D: -157.5847 | Avg_Loss_G: 4971.7061 | Total_Iter: 26421
[8807/10001] End of Epoch | Avg_Loss_D: 3.8790 | Avg_Loss_G: 4927.3615 | Total_Iter: 26424
[8808/10001] End of Epoch | Avg_Loss_D: 35.0956 | Avg_Loss_G: 4910.5755 | Total_Iter: 26427
[8809/10001] End of Epoch | Avg_Loss_D: 87.1292 | Avg_Loss_G: 4943.7411 | Total_Iter: 26430
[8810/10001] End of Epoch | Avg_Loss_D: 9.6247 | Avg_Loss_G: 4925.1394 | Total_Iter: 26433
[8811/10001] End of Epoch | Avg_Loss_D: 31.8874 | Avg_Loss_G: 4945.7256 | Total_Iter: 26436
[8812/10001] End of Epoch | Avg_Loss_D: -31.1914 | Avg_Loss_G: 4967.4491 | Total_Iter: 26439
[8813/10001] End of Epoch | Avg_Loss_D: 4.5564 | Avg_Loss_G: 4954.4673 | Total_Iter: 26442
[8814/10001] End of Epoch | Avg_Loss_D: 5.5413 | Avg_Loss_G: 4935.9111 | Total_Iter: 26445
[8815/10001] End of Epoch | Avg_Loss_D: 35.0882 | Avg_Loss_G: 4958.1414 | Total_Iter: 26448
[8816/10001] End of Epoch | Avg_Loss_D: 2.4202 | Avg_Loss_G: 4960.6610 | Total_Iter: 26451
[8817/10001] End of Epoch | Avg_Loss_D: 27.4369 | Avg_Loss_G: 4946.2855 | Total_Iter: 26454
[8818/10001] End of Epoch | Avg_Loss_D: -3.3794 | Avg_Loss_G: 4944.3186 | Total_Iter: 26457
[8819/10001] End of Epoch | Avg_Loss_D: -48.0024 | Avg_Loss_G: 4966.5855 | Total_Iter: 26460
[8820/10001] End of Epoch | Avg_Loss_D: -12.1119 | Avg_Loss_G: 4970.2845 | Total_Iter: 26463
[8821/10001] End of Epoch | Avg_Loss_D: -48.4364 | Avg_Loss_G: 4968.8003 | Total_Iter: 26466
[8822/10001] End of Epoch | Avg_Loss_D: -98.1273 | Avg_Loss_G: 4940.0690 | Total_Iter: 26469
[8823/10001] End of Epoch | Avg_Loss_D: -44.7879 | Avg_Loss_G: 4974.0953 | Total_Iter: 26472
[8824/10001] End of Epoch | Avg_Loss_D: -68.6910 | Avg_Loss_G: 4950.7127 | Total_Iter: 26475
[8825/10001] End of Epoch | Avg_Loss_D: -66.6464 | Avg_Loss_G: 4991.0736 | Total_Iter: 26478
[8826/10001] End of Epoch | Avg_Loss_D: -101.8547 | Avg_Loss_G: 5000.5168 | Total_Iter: 26481
[8827/10001] End of Epoch | Avg_Loss_D: -26.0346 | Avg_Loss_G: 4970.9389 | Total_Iter: 26484
[8828/10001] End of Epoch | Avg_Loss_D: -66.9654 | Avg_Loss_G: 4945.9942 | Total_Iter: 26487
[8829/10001] End of Epoch | Avg_Loss_D: -73.9578 | Avg_Loss_G: 4973.1048 | Total_Iter: 26490
[8830/10001] End of Epoch | Avg_Loss_D: -70.9810 | Avg_Loss_G: 4981.0777 | Total_Iter: 26493
[8831/10001] End of Epoch | Avg_Loss_D: -13.3541 | Avg_Loss_G: 5001.2493 | Total_Iter: 26496
[8832/10001] End of Epoch | Avg_Loss_D: -75.0414 | Avg_Loss_G: 4959.2178 | Total_Iter: 26499
[8833/10001] End of Epoch | Avg_Loss_D: -57.3850 | Avg_Loss_G: 4987.5268 | Total_Iter: 26502
[8834/10001] End of Epoch | Avg_Loss_D: 40.7073 | Avg_Loss_G: 4931.2582 | Total_Iter: 26505
[8835/10001] End of Epoch | Avg_Loss_D: -50.5909 | Avg_Loss_G: 4973.5998 | Total_Iter: 26508
[8836/10001] End of Epoch | Avg_Loss_D: -66.2769 | Avg_Loss_G: 4985.8794 | Total_Iter: 26511
[8837/10001] End of Epoch | Avg_Loss_D: -61.8389 | Avg_Loss_G: 4981.8366 | Total_Iter: 26514
[8838/10001] End of Epoch | Avg_Loss_D: -27.9020 | Avg_Loss_G: 4987.1179 | Total_Iter: 26517
[8839/10001] End of Epoch | Avg_Loss_D: -37.4783 | Avg_Loss_G: 4976.9154 | Total_Iter: 26520
[8840/10001] End of Epoch | Avg_Loss_D: -45.0765 | Avg_Loss_G: 4975.7436 | Total_Iter: 26523
[8841/10001] End of Epoch | Avg_Loss_D: -34.7705 | Avg_Loss_G: 4984.0796 | Total_Iter: 26526
[8842/10001] End of Epoch | Avg_Loss_D: -138.2605 | Avg_Loss_G: 4971.5804 | Total_Iter: 26529
[8843/10001] End of Epoch | Avg_Loss_D: -60.2428 | Avg_Loss_G: 4976.3850 | Total_Iter: 26532
[8844/10001] End of Epoch | Avg_Loss_D: -87.7196 | Avg_Loss_G: 4984.9979 | Total_Iter: 26535
[8845/10001] End of Epoch | Avg_Loss_D: -117.5343 | Avg_Loss_G: 4989.9191 | Total_Iter: 26538
[8846/10001] End of Epoch | Avg_Loss_D: -60.9273 | Avg_Loss_G: 4953.3890 | Total_Iter: 26541
[8847/10001] End of Epoch | Avg_Loss_D: -113.4222 | Avg_Loss_G: 4983.1999 | Total_Iter: 26544
[8848/10001] End of Epoch | Avg_Loss_D: -44.4025 | Avg_Loss_G: 4979.9439 | Total_Iter: 26547
[8849/10001] End of Epoch | Avg_Loss_D: -150.7851 | Avg_Loss_G: 4987.9996 | Total_Iter: 26550
[8850/10001] End of Epoch | Avg_Loss_D: -35.4368 | Avg_Loss_G: 4976.9911 | Total_Iter: 26553
[8851/10001] End of Epoch | Avg_Loss_D: -34.3433 | Avg_Loss_G: 4934.8862 | Total_Iter: 26556
[8852/10001] End of Epoch | Avg_Loss_D: -158.3142 | Avg_Loss_G: 5003.6547 | Total_Iter: 26559
[8853/10001] End of Epoch | Avg_Loss_D: -67.8149 | Avg_Loss_G: 4987.3541 | Total_Iter: 26562
[8854/10001] End of Epoch | Avg_Loss_D: -54.1249 | Avg_Loss_G: 4966.9295 | Total_Iter: 26565
[8855/10001] End of Epoch | Avg_Loss_D: -224.8124 | Avg_Loss_G: 4972.4256 | Total_Iter: 26568
[8856/10001] End of Epoch | Avg_Loss_D: -36.9731 | Avg_Loss_G: 4987.3863 | Total_Iter: 26571
[8857/10001] End of Epoch | Avg_Loss_D: -130.2791 | Avg_Loss_G: 4983.3508 | Total_Iter: 26574
[8858/10001] End of Epoch | Avg_Loss_D: -81.2818 | Avg_Loss_G: 4988.3434 | Total_Iter: 26577
[8859/10001] End of Epoch | Avg_Loss_D: -70.2106 | Avg_Loss_G: 5011.8522 | Total_Iter: 26580
[8860/10001] End of Epoch | Avg_Loss_D: -74.7948 | Avg_Loss_G: 4936.3405 | Total_Iter: 26583
[8861/10001] End of Epoch | Avg_Loss_D: -54.5177 | Avg_Loss_G: 4948.0449 | Total_Iter: 26586
[8862/10001] End of Epoch | Avg_Loss_D: -47.7430 | Avg_Loss_G: 4947.4086 | Total_Iter: 26589
[8863/10001] End of Epoch | Avg_Loss_D: -45.3635 | Avg_Loss_G: 4966.8729 | Total_Iter: 26592
[8864/10001] End of Epoch | Avg_Loss_D: -42.0551 | Avg_Loss_G: 4977.9772 | Total_Iter: 26595
[8865/10001] End of Epoch | Avg_Loss_D: -46.8968 | Avg_Loss_G: 4952.2854 | Total_Iter: 26598
[8866/10001] End of Epoch | Avg_Loss_D: -154.9393 | Avg_Loss_G: 4986.8809 | Total_Iter: 26601
[8867/10001] End of Epoch | Avg_Loss_D: -83.4443 | Avg_Loss_G: 4968.7265 | Total_Iter: 26604
[8868/10001] End of Epoch | Avg_Loss_D: -156.2487 | Avg_Loss_G: 4986.1886 | Total_Iter: 26607
[8869/10001] End of Epoch | Avg_Loss_D: -39.6872 | Avg_Loss_G: 4957.9146 | Total_Iter: 26610
[8870/10001] End of Epoch | Avg_Loss_D: -139.9202 | Avg_Loss_G: 4959.2278 | Total_Iter: 26613
[8871/10001] End of Epoch | Avg_Loss_D: -143.4471 | Avg_Loss_G: 5002.5675 | Total_Iter: 26616
[8872/10001] End of Epoch | Avg_Loss_D: -116.2203 | Avg_Loss_G: 4971.3856 | Total_Iter: 26619
[8873/10001] End of Epoch | Avg_Loss_D: -86.3458 | Avg_Loss_G: 4997.0661 | Total_Iter: 26622
[8874/10001] End of Epoch | Avg_Loss_D: -163.3920 | Avg_Loss_G: 4997.4428 | Total_Iter: 26625
[8875/10001] End of Epoch | Avg_Loss_D: -57.0675 | Avg_Loss_G: 5002.4499 | Total_Iter: 26628
[8876/10001] End of Epoch | Avg_Loss_D: -203.7220 | Avg_Loss_G: 4971.6890 | Total_Iter: 26631
[8877/10001] End of Epoch | Avg_Loss_D: -137.0193 | Avg_Loss_G: 5023.8076 | Total_Iter: 26634
[8878/10001] End of Epoch | Avg_Loss_D: -252.5364 | Avg_Loss_G: 5007.1098 | Total_Iter: 26637
[8879/10001] End of Epoch | Avg_Loss_D: -81.7216 | Avg_Loss_G: 4965.1721 | Total_Iter: 26640
[8880/10001] End of Epoch | Avg_Loss_D: -82.0681 | Avg_Loss_G: 5012.8342 | Total_Iter: 26643
[8881/10001] End of Epoch | Avg_Loss_D: -163.5353 | Avg_Loss_G: 4902.1241 | Total_Iter: 26646
[8882/10001] End of Epoch | Avg_Loss_D: -190.9993 | Avg_Loss_G: 5025.3193 | Total_Iter: 26649
[8883/10001] End of Epoch | Avg_Loss_D: -153.1911 | Avg_Loss_G: 5050.6352 | Total_Iter: 26652
[8884/10001] End of Epoch | Avg_Loss_D: 71.7177 | Avg_Loss_G: 5062.9104 | Total_Iter: 26655
[8885/10001] End of Epoch | Avg_Loss_D: -144.1308 | Avg_Loss_G: 4903.9157 | Total_Iter: 26658
[8886/10001] End of Epoch | Avg_Loss_D: -93.9641 | Avg_Loss_G: 5013.8084 | Total_Iter: 26661
[8887/10001] End of Epoch | Avg_Loss_D: -225.6884 | Avg_Loss_G: 4983.1863 | Total_Iter: 26664
[8888/10001] End of Epoch | Avg_Loss_D: -107.4048 | Avg_Loss_G: 5034.4544 | Total_Iter: 26667
[8889/10001] End of Epoch | Avg_Loss_D: -228.0830 | Avg_Loss_G: 4987.9541 | Total_Iter: 26670
[8890/10001] End of Epoch | Avg_Loss_D: 4.0759 | Avg_Loss_G: 5004.9138 | Total_Iter: 26673
[8891/10001] End of Epoch | Avg_Loss_D: -221.3323 | Avg_Loss_G: 5021.5076 | Total_Iter: 26676
[8892/10001] End of Epoch | Avg_Loss_D: -594.8344 | Avg_Loss_G: 5096.0711 | Total_Iter: 26679
[8893/10001] End of Epoch | Avg_Loss_D: -15.2087 | Avg_Loss_G: 5059.0770 | Total_Iter: 26682
[8894/10001] End of Epoch | Avg_Loss_D: 42.4042 | Avg_Loss_G: 5003.3468 | Total_Iter: 26685
[8895/10001] End of Epoch | Avg_Loss_D: 22.1295 | Avg_Loss_G: 5071.3971 | Total_Iter: 26688
[8896/10001] End of Epoch | Avg_Loss_D: -58.5280 | Avg_Loss_G: 5112.5251 | Total_Iter: 26691
[8897/10001] End of Epoch | Avg_Loss_D: -170.7952 | Avg_Loss_G: 5155.4118 | Total_Iter: 26694
[8898/10001] End of Epoch | Avg_Loss_D: -203.0551 | Avg_Loss_G: 5059.1318 | Total_Iter: 26697
[8899/10001] End of Epoch | Avg_Loss_D: -54.8271 | Avg_Loss_G: 4863.4536 | Total_Iter: 26700
[8900/10001] End of Epoch | Avg_Loss_D: -178.4450 | Avg_Loss_G: 5094.8215 | Total_Iter: 26703
[8901/10001] End of Epoch | Avg_Loss_D: -97.6162 | Avg_Loss_G: 5114.5467 | Total_Iter: 26706
[8902/10001] End of Epoch | Avg_Loss_D: -171.8214 | Avg_Loss_G: 5111.8026 | Total_Iter: 26709
[8903/10001] End of Epoch | Avg_Loss_D: -12.6457 | Avg_Loss_G: 5089.3996 | Total_Iter: 26712
[8904/10001] End of Epoch | Avg_Loss_D: -331.9666 | Avg_Loss_G: 5118.2364 | Total_Iter: 26715
[8905/10001] End of Epoch | Avg_Loss_D: -89.5389 | Avg_Loss_G: 5110.2728 | Total_Iter: 26718
[8906/10001] End of Epoch | Avg_Loss_D: -144.3614 | Avg_Loss_G: 5178.0067 | Total_Iter: 26721
[8907/10001] End of Epoch | Avg_Loss_D: -282.6709 | Avg_Loss_G: 5155.7069 | Total_Iter: 26724
[8908/10001] End of Epoch | Avg_Loss_D: -212.5388 | Avg_Loss_G: 5147.4559 | Total_Iter: 26727
[8909/10001] End of Epoch | Avg_Loss_D: -96.8309 | Avg_Loss_G: 5195.9715 | Total_Iter: 26730
[8910/10001] End of Epoch | Avg_Loss_D: -132.5935 | Avg_Loss_G: 5096.6373 | Total_Iter: 26733
[8911/10001] End of Epoch | Avg_Loss_D: -151.0321 | Avg_Loss_G: 5201.0106 | Total_Iter: 26736
[8912/10001] End of Epoch | Avg_Loss_D: -259.1971 | Avg_Loss_G: 5242.8847 | Total_Iter: 26739
[8913/10001] End of Epoch | Avg_Loss_D: -364.5622 | Avg_Loss_G: 4717.1093 | Total_Iter: 26742
[8914/10001] End of Epoch | Avg_Loss_D: -183.2246 | Avg_Loss_G: 5148.7343 | Total_Iter: 26745
[8915/10001] End of Epoch | Avg_Loss_D: 148.4441 | Avg_Loss_G: 5239.8074 | Total_Iter: 26748
[8916/10001] End of Epoch | Avg_Loss_D: -106.8371 | Avg_Loss_G: 5019.0849 | Total_Iter: 26751
[8917/10001] End of Epoch | Avg_Loss_D: 123.9456 | Avg_Loss_G: 5103.8378 | Total_Iter: 26754
[8918/10001] End of Epoch | Avg_Loss_D: 102.0335 | Avg_Loss_G: 5061.7662 | Total_Iter: 26757
[8919/10001] End of Epoch | Avg_Loss_D: -251.9462 | Avg_Loss_G: 5122.5082 | Total_Iter: 26760
[8920/10001] End of Epoch | Avg_Loss_D: -343.9299 | Avg_Loss_G: 4984.7566 | Total_Iter: 26763
[8921/10001] End of Epoch | Avg_Loss_D: -139.0722 | Avg_Loss_G: 4876.5343 | Total_Iter: 26766
[8922/10001] End of Epoch | Avg_Loss_D: -54.0640 | Avg_Loss_G: 5095.5197 | Total_Iter: 26769
[8923/10001] End of Epoch | Avg_Loss_D: -205.2123 | Avg_Loss_G: 5162.5946 | Total_Iter: 26772
[8924/10001] End of Epoch | Avg_Loss_D: -250.5396 | Avg_Loss_G: 5201.7886 | Total_Iter: 26775
[8925/10001] End of Epoch | Avg_Loss_D: -0.6884 | Avg_Loss_G: 5285.6882 | Total_Iter: 26778
[8926/10001] End of Epoch | Avg_Loss_D: -453.5528 | Avg_Loss_G: 5295.0085 | Total_Iter: 26781
[8927/10001] End of Epoch | Avg_Loss_D: -1213.7820 | Avg_Loss_G: 5140.1500 | Total_Iter: 26784
[8928/10001] End of Epoch | Avg_Loss_D: -187.4372 | Avg_Loss_G: 5087.0607 | Total_Iter: 26787
[8929/10001] End of Epoch | Avg_Loss_D: -355.0844 | Avg_Loss_G: 5243.0205 | Total_Iter: 26790
[8930/10001] End of Epoch | Avg_Loss_D: -250.9355 | Avg_Loss_G: 5305.7106 | Total_Iter: 26793
[8931/10001] End of Epoch | Avg_Loss_D: 414.1163 | Avg_Loss_G: 5038.8589 | Total_Iter: 26796
[8932/10001] End of Epoch | Avg_Loss_D: -93.2905 | Avg_Loss_G: 5094.1990 | Total_Iter: 26799
[8933/10001] End of Epoch | Avg_Loss_D: 198.9196 | Avg_Loss_G: 5308.5563 | Total_Iter: 26802
[8934/10001] End of Epoch | Avg_Loss_D: -528.7259 | Avg_Loss_G: 5105.6342 | Total_Iter: 26805
[8935/10001] End of Epoch | Avg_Loss_D: -1223.9523 | Avg_Loss_G: 4907.6689 | Total_Iter: 26808
[8936/10001] End of Epoch | Avg_Loss_D: 88.9779 | Avg_Loss_G: 4830.8622 | Total_Iter: 26811
[8937/10001] End of Epoch | Avg_Loss_D: 35.2029 | Avg_Loss_G: 5039.9446 | Total_Iter: 26814
[8938/10001] End of Epoch | Avg_Loss_D: -389.0433 | Avg_Loss_G: 4876.0372 | Total_Iter: 26817
[8939/10001] End of Epoch | Avg_Loss_D: -251.7829 | Avg_Loss_G: 4827.8143 | Total_Iter: 26820
[8940/10001] End of Epoch | Avg_Loss_D: -958.7451 | Avg_Loss_G: 4867.6645 | Total_Iter: 26823
[8941/10001] End of Epoch | Avg_Loss_D: -8.3563 | Avg_Loss_G: 4662.4438 | Total_Iter: 26826
[8942/10001] End of Epoch | Avg_Loss_D: 41.8186 | Avg_Loss_G: 5096.2470 | Total_Iter: 26829
[8943/10001] End of Epoch | Avg_Loss_D: -22.4605 | Avg_Loss_G: 5132.0087 | Total_Iter: 26832
[8944/10001] End of Epoch | Avg_Loss_D: 111.9999 | Avg_Loss_G: 5069.6821 | Total_Iter: 26835
[8945/10001] End of Epoch | Avg_Loss_D: 140.0707 | Avg_Loss_G: 5077.0036 | Total_Iter: 26838
[8946/10001] End of Epoch | Avg_Loss_D: -1289.3262 | Avg_Loss_G: 5150.1060 | Total_Iter: 26841
[8947/10001] End of Epoch | Avg_Loss_D: -225.5329 | Avg_Loss_G: 5253.1619 | Total_Iter: 26844
[8948/10001] End of Epoch | Avg_Loss_D: -14.2767 | Avg_Loss_G: 5256.3480 | Total_Iter: 26847
[8949/10001] End of Epoch | Avg_Loss_D: 161.0129 | Avg_Loss_G: 5272.4364 | Total_Iter: 26850
[8950/10001] End of Epoch | Avg_Loss_D: -607.5623 | Avg_Loss_G: 5387.5965 | Total_Iter: 26853
[8951/10001] End of Epoch | Avg_Loss_D: -375.3855 | Avg_Loss_G: 5315.6124 | Total_Iter: 26856
[8952/10001] End of Epoch | Avg_Loss_D: -469.9506 | Avg_Loss_G: 5272.8101 | Total_Iter: 26859
[8953/10001] End of Epoch | Avg_Loss_D: 65.5564 | Avg_Loss_G: 5227.0352 | Total_Iter: 26862
[8954/10001] End of Epoch | Avg_Loss_D: 100.2950 | Avg_Loss_G: 5390.3188 | Total_Iter: 26865
[8955/10001] End of Epoch | Avg_Loss_D: -232.5443 | Avg_Loss_G: 5490.8936 | Total_Iter: 26868
[8956/10001] End of Epoch | Avg_Loss_D: -189.3597 | Avg_Loss_G: 5253.0117 | Total_Iter: 26871
[8957/10001] End of Epoch | Avg_Loss_D: -266.4866 | Avg_Loss_G: 5349.9791 | Total_Iter: 26874
[8958/10001] End of Epoch | Avg_Loss_D: 49.5336 | Avg_Loss_G: 5279.9768 | Total_Iter: 26877
[8959/10001] End of Epoch | Avg_Loss_D: -562.2914 | Avg_Loss_G: 5364.6961 | Total_Iter: 26880
[8960/10001] End of Epoch | Avg_Loss_D: 166.2532 | Avg_Loss_G: 5005.7053 | Total_Iter: 26883
[8961/10001] End of Epoch | Avg_Loss_D: 125835.7735 | Avg_Loss_G: 5111.8179 | Total_Iter: 26886
[8962/10001] End of Epoch | Avg_Loss_D: 775.2045 | Avg_Loss_G: 4731.3543 | Total_Iter: 26889
[8963/10001] End of Epoch | Avg_Loss_D: 319.1326 | Avg_Loss_G: 4794.6266 | Total_Iter: 26892
[8964/10001] End of Epoch | Avg_Loss_D: 294.1637 | Avg_Loss_G: 4779.1500 | Total_Iter: 26895
[8965/10001] End of Epoch | Avg_Loss_D: 225.5381 | Avg_Loss_G: 4820.2007 | Total_Iter: 26898
[8966/10001] End of Epoch | Avg_Loss_D: 142.1006 | Avg_Loss_G: 4839.4708 | Total_Iter: 26901
[8967/10001] End of Epoch | Avg_Loss_D: 137.8042 | Avg_Loss_G: 4867.2114 | Total_Iter: 26904
[8968/10001] End of Epoch | Avg_Loss_D: 88.7132 | Avg_Loss_G: 4837.6388 | Total_Iter: 26907
[8969/10001] End of Epoch | Avg_Loss_D: 49.8331 | Avg_Loss_G: 4829.6186 | Total_Iter: 26910
[8970/10001] End of Epoch | Avg_Loss_D: 166.8384 | Avg_Loss_G: 4851.5303 | Total_Iter: 26913
[8971/10001] End of Epoch | Avg_Loss_D: 75.5102 | Avg_Loss_G: 4850.1704 | Total_Iter: 26916
[8972/10001] End of Epoch | Avg_Loss_D: 43.5544 | Avg_Loss_G: 4852.4510 | Total_Iter: 26919
[8973/10001] End of Epoch | Avg_Loss_D: 107.0887 | Avg_Loss_G: 4853.1602 | Total_Iter: 26922
[8974/10001] End of Epoch | Avg_Loss_D: 36.0037 | Avg_Loss_G: 4876.7398 | Total_Iter: 26925
[8975/10001] End of Epoch | Avg_Loss_D: 69.0920 | Avg_Loss_G: 4866.5612 | Total_Iter: 26928
[8976/10001] End of Epoch | Avg_Loss_D: 20.6828 | Avg_Loss_G: 4863.9502 | Total_Iter: 26931
[8977/10001] End of Epoch | Avg_Loss_D: 36.3185 | Avg_Loss_G: 4866.3755 | Total_Iter: 26934
[8978/10001] End of Epoch | Avg_Loss_D: 33.2645 | Avg_Loss_G: 4861.6597 | Total_Iter: 26937
[8979/10001] End of Epoch | Avg_Loss_D: 41.2648 | Avg_Loss_G: 4861.7138 | Total_Iter: 26940
[8980/10001] End of Epoch | Avg_Loss_D: 122.6320 | Avg_Loss_G: 4875.9755 | Total_Iter: 26943
[8981/10001] End of Epoch | Avg_Loss_D: 14.2404 | Avg_Loss_G: 4870.0770 | Total_Iter: 26946
[8982/10001] End of Epoch | Avg_Loss_D: 29.2818 | Avg_Loss_G: 4853.3506 | Total_Iter: 26949
[8983/10001] End of Epoch | Avg_Loss_D: 21.0544 | Avg_Loss_G: 4840.3206 | Total_Iter: 26952
[8984/10001] End of Epoch | Avg_Loss_D: 63.5942 | Avg_Loss_G: 4869.9197 | Total_Iter: 26955
[8985/10001] End of Epoch | Avg_Loss_D: 13.3916 | Avg_Loss_G: 4868.2424 | Total_Iter: 26958
[8986/10001] End of Epoch | Avg_Loss_D: 38.7800 | Avg_Loss_G: 4869.2391 | Total_Iter: 26961
[8987/10001] End of Epoch | Avg_Loss_D: 26.4440 | Avg_Loss_G: 4876.2042 | Total_Iter: 26964
[8988/10001] End of Epoch | Avg_Loss_D: 14.0280 | Avg_Loss_G: 4876.6735 | Total_Iter: 26967
[8989/10001] End of Epoch | Avg_Loss_D: 37.1188 | Avg_Loss_G: 4879.3730 | Total_Iter: 26970
[8990/10001] End of Epoch | Avg_Loss_D: 11.1754 | Avg_Loss_G: 4866.9787 | Total_Iter: 26973
[8991/10001] End of Epoch | Avg_Loss_D: 36.2748 | Avg_Loss_G: 4885.1146 | Total_Iter: 26976
[8992/10001] End of Epoch | Avg_Loss_D: 10.3144 | Avg_Loss_G: 4882.7334 | Total_Iter: 26979
[8993/10001] End of Epoch | Avg_Loss_D: 14.2483 | Avg_Loss_G: 4873.9620 | Total_Iter: 26982
[8994/10001] End of Epoch | Avg_Loss_D: 18.7860 | Avg_Loss_G: 4885.9944 | Total_Iter: 26985
[8995/10001] End of Epoch | Avg_Loss_D: 20.0733 | Avg_Loss_G: 4873.2550 | Total_Iter: 26988
[8996/10001] End of Epoch | Avg_Loss_D: 46.0019 | Avg_Loss_G: 4879.2000 | Total_Iter: 26991
[8997/10001] End of Epoch | Avg_Loss_D: 6.0874 | Avg_Loss_G: 4890.0003 | Total_Iter: 26994
[8998/10001] End of Epoch | Avg_Loss_D: -1.1503 | Avg_Loss_G: 4866.0039 | Total_Iter: 26997
[8999/10001] End of Epoch | Avg_Loss_D: 24.6572 | Avg_Loss_G: 4882.0371 | Total_Iter: 27000
[9000/10001] End of Epoch | Avg_Loss_D: -4.7328 | Avg_Loss_G: 4883.3764 | Total_Iter: 27003
[9001/10001] End of Epoch | Avg_Loss_D: 11.8720 | Avg_Loss_G: 4887.1587 | Total_Iter: 27006
[9002/10001] End of Epoch | Avg_Loss_D: 17.2473 | Avg_Loss_G: 4877.8785 | Total_Iter: 27009
[9003/10001] End of Epoch | Avg_Loss_D: -24.8262 | Avg_Loss_G: 4884.0473 | Total_Iter: 27012
[9004/10001] End of Epoch | Avg_Loss_D: 3.9120 | Avg_Loss_G: 4887.0380 | Total_Iter: 27015
[9005/10001] End of Epoch | Avg_Loss_D: -3.1056 | Avg_Loss_G: 4891.4641 | Total_Iter: 27018
[9006/10001] End of Epoch | Avg_Loss_D: -13.3426 | Avg_Loss_G: 4889.6700 | Total_Iter: 27021
[9007/10001] End of Epoch | Avg_Loss_D: -10.2794 | Avg_Loss_G: 4875.1253 | Total_Iter: 27024
[9008/10001] End of Epoch | Avg_Loss_D: -13.9881 | Avg_Loss_G: 4888.0675 | Total_Iter: 27027
[9009/10001] End of Epoch | Avg_Loss_D: 9.2190 | Avg_Loss_G: 4891.6740 | Total_Iter: 27030
[9010/10001] End of Epoch | Avg_Loss_D: 37.9185 | Avg_Loss_G: 4891.1451 | Total_Iter: 27033
[9011/10001] End of Epoch | Avg_Loss_D: 6.5174 | Avg_Loss_G: 4894.0591 | Total_Iter: 27036
[9012/10001] End of Epoch | Avg_Loss_D: 50.2417 | Avg_Loss_G: 4889.2812 | Total_Iter: 27039
[9013/10001] End of Epoch | Avg_Loss_D: 1.5806 | Avg_Loss_G: 4890.7995 | Total_Iter: 27042
[9014/10001] End of Epoch | Avg_Loss_D: 9.6055 | Avg_Loss_G: 4898.4076 | Total_Iter: 27045
[9015/10001] End of Epoch | Avg_Loss_D: 1.9763 | Avg_Loss_G: 4893.1090 | Total_Iter: 27048
[9016/10001] End of Epoch | Avg_Loss_D: -1.3372 | Avg_Loss_G: 4895.4157 | Total_Iter: 27051
[9017/10001] End of Epoch | Avg_Loss_D: -19.3605 | Avg_Loss_G: 4900.8341 | Total_Iter: 27054
[9018/10001] End of Epoch | Avg_Loss_D: -2.3818 | Avg_Loss_G: 4900.7713 | Total_Iter: 27057
[9019/10001] End of Epoch | Avg_Loss_D: 20.4222 | Avg_Loss_G: 4897.5783 | Total_Iter: 27060
[9020/10001] End of Epoch | Avg_Loss_D: 6.7384 | Avg_Loss_G: 4895.0666 | Total_Iter: 27063
[9021/10001] End of Epoch | Avg_Loss_D: -15.6538 | Avg_Loss_G: 4902.5354 | Total_Iter: 27066
[9022/10001] End of Epoch | Avg_Loss_D: 2.2009 | Avg_Loss_G: 4900.8415 | Total_Iter: 27069
[9023/10001] End of Epoch | Avg_Loss_D: 27.6318 | Avg_Loss_G: 4907.3062 | Total_Iter: 27072
[9024/10001] End of Epoch | Avg_Loss_D: -64.3670 | Avg_Loss_G: 4912.0084 | Total_Iter: 27075
[9025/10001] End of Epoch | Avg_Loss_D: -4.7395 | Avg_Loss_G: 4909.4455 | Total_Iter: 27078
[9026/10001] End of Epoch | Avg_Loss_D: -19.0256 | Avg_Loss_G: 4912.7398 | Total_Iter: 27081
[9027/10001] End of Epoch | Avg_Loss_D: -16.4104 | Avg_Loss_G: 4909.2489 | Total_Iter: 27084
[9028/10001] End of Epoch | Avg_Loss_D: -10.3405 | Avg_Loss_G: 4910.0020 | Total_Iter: 27087
[9029/10001] End of Epoch | Avg_Loss_D: 5.1986 | Avg_Loss_G: 4904.5939 | Total_Iter: 27090
[9030/10001] End of Epoch | Avg_Loss_D: -9.4337 | Avg_Loss_G: 4910.8610 | Total_Iter: 27093
[9031/10001] End of Epoch | Avg_Loss_D: -20.8834 | Avg_Loss_G: 4902.8554 | Total_Iter: 27096
[9032/10001] End of Epoch | Avg_Loss_D: -2.0434 | Avg_Loss_G: 4914.1838 | Total_Iter: 27099
[9033/10001] End of Epoch | Avg_Loss_D: -2.6104 | Avg_Loss_G: 4900.8409 | Total_Iter: 27102
[9034/10001] End of Epoch | Avg_Loss_D: -6.2276 | Avg_Loss_G: 4880.0700 | Total_Iter: 27105
[9035/10001] End of Epoch | Avg_Loss_D: 23.6762 | Avg_Loss_G: 4911.9800 | Total_Iter: 27108
[9036/10001] End of Epoch | Avg_Loss_D: -18.9070 | Avg_Loss_G: 4918.6353 | Total_Iter: 27111
[9037/10001] End of Epoch | Avg_Loss_D: 39.7131 | Avg_Loss_G: 4924.1336 | Total_Iter: 27114
[9038/10001] End of Epoch | Avg_Loss_D: -52.8641 | Avg_Loss_G: 4877.9344 | Total_Iter: 27117
[9039/10001] End of Epoch | Avg_Loss_D: -3.3166 | Avg_Loss_G: 4913.6534 | Total_Iter: 27120
[9040/10001] End of Epoch | Avg_Loss_D: -6.1290 | Avg_Loss_G: 4923.6437 | Total_Iter: 27123
[9041/10001] End of Epoch | Avg_Loss_D: -12.2766 | Avg_Loss_G: 4928.3797 | Total_Iter: 27126
[9042/10001] End of Epoch | Avg_Loss_D: -3.2556 | Avg_Loss_G: 4932.6783 | Total_Iter: 27129
[9043/10001] End of Epoch | Avg_Loss_D: -44.0565 | Avg_Loss_G: 4924.7741 | Total_Iter: 27132
[9044/10001] End of Epoch | Avg_Loss_D: -59.8556 | Avg_Loss_G: 4928.4253 | Total_Iter: 27135
[9045/10001] End of Epoch | Avg_Loss_D: -81.6489 | Avg_Loss_G: 4932.9377 | Total_Iter: 27138
[9046/10001] End of Epoch | Avg_Loss_D: -25.4439 | Avg_Loss_G: 4934.6141 | Total_Iter: 27141
[9047/10001] End of Epoch | Avg_Loss_D: -7.6733 | Avg_Loss_G: 4916.4067 | Total_Iter: 27144
[9048/10001] End of Epoch | Avg_Loss_D: -10.5467 | Avg_Loss_G: 4933.8053 | Total_Iter: 27147
[9049/10001] End of Epoch | Avg_Loss_D: -27.1313 | Avg_Loss_G: 4935.4884 | Total_Iter: 27150
[9050/10001] End of Epoch | Avg_Loss_D: 13.6354 | Avg_Loss_G: 4928.8190 | Total_Iter: 27153
[9051/10001] End of Epoch | Avg_Loss_D: 18.0721 | Avg_Loss_G: 4926.0104 | Total_Iter: 27156
[9052/10001] End of Epoch | Avg_Loss_D: 6.5502 | Avg_Loss_G: 4941.8762 | Total_Iter: 27159
[9053/10001] End of Epoch | Avg_Loss_D: -36.5018 | Avg_Loss_G: 4954.9978 | Total_Iter: 27162
[9054/10001] End of Epoch | Avg_Loss_D: -12.2055 | Avg_Loss_G: 4860.1041 | Total_Iter: 27165
[9055/10001] End of Epoch | Avg_Loss_D: 12.5976 | Avg_Loss_G: 4937.2764 | Total_Iter: 27168
[9056/10001] End of Epoch | Avg_Loss_D: 45.0809 | Avg_Loss_G: 4927.1349 | Total_Iter: 27171
[9057/10001] End of Epoch | Avg_Loss_D: -31.2757 | Avg_Loss_G: 4946.0451 | Total_Iter: 27174
[9058/10001] End of Epoch | Avg_Loss_D: -13.5017 | Avg_Loss_G: 4946.0358 | Total_Iter: 27177
[9059/10001] End of Epoch | Avg_Loss_D: -24.7449 | Avg_Loss_G: 4944.8767 | Total_Iter: 27180
[9060/10001] End of Epoch | Avg_Loss_D: -23.8801 | Avg_Loss_G: 4911.4462 | Total_Iter: 27183
[9061/10001] End of Epoch | Avg_Loss_D: 26.3537 | Avg_Loss_G: 4943.5034 | Total_Iter: 27186
[9062/10001] End of Epoch | Avg_Loss_D: -46.6081 | Avg_Loss_G: 4929.2153 | Total_Iter: 27189
[9063/10001] End of Epoch | Avg_Loss_D: 25.4545 | Avg_Loss_G: 4942.9142 | Total_Iter: 27192
[9064/10001] End of Epoch | Avg_Loss_D: 38.6332 | Avg_Loss_G: 4945.0988 | Total_Iter: 27195
[9065/10001] End of Epoch | Avg_Loss_D: -9.3176 | Avg_Loss_G: 4941.7502 | Total_Iter: 27198
[9066/10001] End of Epoch | Avg_Loss_D: -30.6444 | Avg_Loss_G: 4941.9920 | Total_Iter: 27201
[9067/10001] End of Epoch | Avg_Loss_D: 2.0847 | Avg_Loss_G: 4946.8452 | Total_Iter: 27204
[9068/10001] End of Epoch | Avg_Loss_D: -12.1299 | Avg_Loss_G: 4945.9696 | Total_Iter: 27207
[9069/10001] End of Epoch | Avg_Loss_D: -22.7734 | Avg_Loss_G: 4956.1519 | Total_Iter: 27210
[9070/10001] End of Epoch | Avg_Loss_D: -18.8928 | Avg_Loss_G: 4950.6046 | Total_Iter: 27213
[9071/10001] End of Epoch | Avg_Loss_D: -50.0136 | Avg_Loss_G: 4963.2467 | Total_Iter: 27216
[9072/10001] End of Epoch | Avg_Loss_D: -5.9632 | Avg_Loss_G: 4959.7770 | Total_Iter: 27219
[9073/10001] End of Epoch | Avg_Loss_D: -4.8594 | Avg_Loss_G: 4954.6967 | Total_Iter: 27222
[9074/10001] End of Epoch | Avg_Loss_D: -43.1557 | Avg_Loss_G: 4967.2046 | Total_Iter: 27225
[9075/10001] End of Epoch | Avg_Loss_D: -9.3702 | Avg_Loss_G: 4957.9347 | Total_Iter: 27228
[9076/10001] End of Epoch | Avg_Loss_D: 19.8037 | Avg_Loss_G: 4956.4274 | Total_Iter: 27231
[9077/10001] End of Epoch | Avg_Loss_D: 2.1329 | Avg_Loss_G: 4960.1485 | Total_Iter: 27234
[9078/10001] End of Epoch | Avg_Loss_D: -17.5362 | Avg_Loss_G: 4955.9542 | Total_Iter: 27237
[9079/10001] End of Epoch | Avg_Loss_D: -11.6672 | Avg_Loss_G: 4926.2447 | Total_Iter: 27240
[9080/10001] End of Epoch | Avg_Loss_D: 12.0874 | Avg_Loss_G: 4965.7102 | Total_Iter: 27243
[9081/10001] End of Epoch | Avg_Loss_D: -52.3549 | Avg_Loss_G: 4962.5138 | Total_Iter: 27246
[9082/10001] End of Epoch | Avg_Loss_D: -47.6880 | Avg_Loss_G: 4955.4913 | Total_Iter: 27249
[9083/10001] End of Epoch | Avg_Loss_D: -18.6355 | Avg_Loss_G: 4967.6569 | Total_Iter: 27252
[9084/10001] End of Epoch | Avg_Loss_D: -4.2613 | Avg_Loss_G: 4971.7017 | Total_Iter: 27255
[9085/10001] End of Epoch | Avg_Loss_D: -55.2447 | Avg_Loss_G: 4961.7844 | Total_Iter: 27258
[9086/10001] End of Epoch | Avg_Loss_D: -20.1460 | Avg_Loss_G: 4959.6426 | Total_Iter: 27261
[9087/10001] End of Epoch | Avg_Loss_D: -34.7685 | Avg_Loss_G: 4967.9266 | Total_Iter: 27264
[9088/10001] End of Epoch | Avg_Loss_D: -9.5668 | Avg_Loss_G: 4952.5879 | Total_Iter: 27267
[9089/10001] End of Epoch | Avg_Loss_D: -23.4717 | Avg_Loss_G: 4965.6058 | Total_Iter: 27270
[9090/10001] End of Epoch | Avg_Loss_D: -36.0831 | Avg_Loss_G: 4961.7502 | Total_Iter: 27273
[9091/10001] End of Epoch | Avg_Loss_D: -95.2955 | Avg_Loss_G: 4968.6952 | Total_Iter: 27276
[9092/10001] End of Epoch | Avg_Loss_D: -33.1177 | Avg_Loss_G: 4960.3671 | Total_Iter: 27279
[9093/10001] End of Epoch | Avg_Loss_D: 9.5767 | Avg_Loss_G: 4972.1586 | Total_Iter: 27282
[9094/10001] End of Epoch | Avg_Loss_D: -105.5927 | Avg_Loss_G: 4975.5675 | Total_Iter: 27285
[9095/10001] End of Epoch | Avg_Loss_D: -100.7993 | Avg_Loss_G: 4971.7914 | Total_Iter: 27288
[9096/10001] End of Epoch | Avg_Loss_D: -43.0156 | Avg_Loss_G: 4965.0804 | Total_Iter: 27291
[9097/10001] End of Epoch | Avg_Loss_D: -41.0159 | Avg_Loss_G: 4979.3719 | Total_Iter: 27294
[9098/10001] End of Epoch | Avg_Loss_D: -98.3887 | Avg_Loss_G: 4965.6517 | Total_Iter: 27297
[9099/10001] End of Epoch | Avg_Loss_D: -27.8617 | Avg_Loss_G: 4903.7125 | Total_Iter: 27300
[9100/10001] End of Epoch | Avg_Loss_D: -23.9464 | Avg_Loss_G: 4973.7999 | Total_Iter: 27303
[9101/10001] End of Epoch | Avg_Loss_D: -86.1600 | Avg_Loss_G: 4979.2336 | Total_Iter: 27306
[9102/10001] End of Epoch | Avg_Loss_D: -117.9319 | Avg_Loss_G: 4986.1714 | Total_Iter: 27309
[9103/10001] End of Epoch | Avg_Loss_D: -12.4461 | Avg_Loss_G: 4975.4964 | Total_Iter: 27312
[9104/10001] End of Epoch | Avg_Loss_D: -1.3589 | Avg_Loss_G: 4973.1274 | Total_Iter: 27315
[9105/10001] End of Epoch | Avg_Loss_D: -103.1188 | Avg_Loss_G: 4971.3908 | Total_Iter: 27318
[9106/10001] End of Epoch | Avg_Loss_D: -46.2805 | Avg_Loss_G: 4967.9348 | Total_Iter: 27321
[9107/10001] End of Epoch | Avg_Loss_D: -30.6315 | Avg_Loss_G: 4893.2163 | Total_Iter: 27324
[9108/10001] End of Epoch | Avg_Loss_D: -99.0438 | Avg_Loss_G: 4917.9998 | Total_Iter: 27327
[9109/10001] End of Epoch | Avg_Loss_D: -20.5270 | Avg_Loss_G: 4973.9769 | Total_Iter: 27330
[9110/10001] End of Epoch | Avg_Loss_D: -18.6662 | Avg_Loss_G: 4984.4714 | Total_Iter: 27333
[9111/10001] End of Epoch | Avg_Loss_D: -22.3151 | Avg_Loss_G: 4991.4208 | Total_Iter: 27336
[9112/10001] End of Epoch | Avg_Loss_D: -44.9510 | Avg_Loss_G: 4979.5140 | Total_Iter: 27339
[9113/10001] End of Epoch | Avg_Loss_D: -35.7185 | Avg_Loss_G: 4983.7331 | Total_Iter: 27342
[9114/10001] End of Epoch | Avg_Loss_D: -76.4890 | Avg_Loss_G: 4982.1630 | Total_Iter: 27345
[9115/10001] End of Epoch | Avg_Loss_D: -3.8679 | Avg_Loss_G: 4959.6066 | Total_Iter: 27348
[9116/10001] End of Epoch | Avg_Loss_D: 13.6755 | Avg_Loss_G: 4959.0027 | Total_Iter: 27351
[9117/10001] End of Epoch | Avg_Loss_D: -108.7433 | Avg_Loss_G: 4978.2577 | Total_Iter: 27354
[9118/10001] End of Epoch | Avg_Loss_D: -35.4156 | Avg_Loss_G: 4981.3257 | Total_Iter: 27357
[9119/10001] End of Epoch | Avg_Loss_D: -57.5537 | Avg_Loss_G: 4990.0716 | Total_Iter: 27360
[9120/10001] End of Epoch | Avg_Loss_D: -14.1520 | Avg_Loss_G: 4975.7625 | Total_Iter: 27363
[9121/10001] End of Epoch | Avg_Loss_D: -51.2958 | Avg_Loss_G: 4968.4038 | Total_Iter: 27366
[9122/10001] End of Epoch | Avg_Loss_D: -74.5694 | Avg_Loss_G: 4977.8940 | Total_Iter: 27369
[9123/10001] End of Epoch | Avg_Loss_D: -18.2611 | Avg_Loss_G: 4993.5387 | Total_Iter: 27372
[9124/10001] End of Epoch | Avg_Loss_D: -89.4531 | Avg_Loss_G: 4968.7409 | Total_Iter: 27375
[9125/10001] End of Epoch | Avg_Loss_D: -23.2624 | Avg_Loss_G: 5000.0805 | Total_Iter: 27378
[9126/10001] End of Epoch | Avg_Loss_D: -76.8318 | Avg_Loss_G: 4961.9368 | Total_Iter: 27381
[9127/10001] End of Epoch | Avg_Loss_D: -89.7158 | Avg_Loss_G: 4939.2225 | Total_Iter: 27384
[9128/10001] End of Epoch | Avg_Loss_D: -41.9200 | Avg_Loss_G: 4969.3369 | Total_Iter: 27387
[9129/10001] End of Epoch | Avg_Loss_D: -34.9737 | Avg_Loss_G: 4991.9090 | Total_Iter: 27390
[9130/10001] End of Epoch | Avg_Loss_D: 249.2329 | Avg_Loss_G: 4986.2349 | Total_Iter: 27393
[9131/10001] End of Epoch | Avg_Loss_D: -20.9154 | Avg_Loss_G: 4974.6233 | Total_Iter: 27396
[9132/10001] End of Epoch | Avg_Loss_D: -21.8544 | Avg_Loss_G: 4959.3707 | Total_Iter: 27399
[9133/10001] End of Epoch | Avg_Loss_D: -49.5310 | Avg_Loss_G: 4990.0190 | Total_Iter: 27402
[9134/10001] End of Epoch | Avg_Loss_D: -40.7507 | Avg_Loss_G: 4984.2053 | Total_Iter: 27405
[9135/10001] End of Epoch | Avg_Loss_D: -21.0096 | Avg_Loss_G: 4980.9568 | Total_Iter: 27408
[9136/10001] End of Epoch | Avg_Loss_D: -67.6870 | Avg_Loss_G: 4978.1209 | Total_Iter: 27411
[9137/10001] End of Epoch | Avg_Loss_D: -57.3853 | Avg_Loss_G: 4959.6910 | Total_Iter: 27414
[9138/10001] End of Epoch | Avg_Loss_D: -47.0775 | Avg_Loss_G: 4976.7461 | Total_Iter: 27417
[9139/10001] End of Epoch | Avg_Loss_D: -41.9817 | Avg_Loss_G: 4979.2563 | Total_Iter: 27420
[9140/10001] End of Epoch | Avg_Loss_D: -110.8750 | Avg_Loss_G: 4929.0369 | Total_Iter: 27423
[9141/10001] End of Epoch | Avg_Loss_D: -28.9608 | Avg_Loss_G: 4980.5266 | Total_Iter: 27426
[9142/10001] End of Epoch | Avg_Loss_D: -41.9530 | Avg_Loss_G: 5000.6569 | Total_Iter: 27429
[9143/10001] End of Epoch | Avg_Loss_D: -24.3999 | Avg_Loss_G: 4976.0549 | Total_Iter: 27432
[9144/10001] End of Epoch | Avg_Loss_D: 13.0329 | Avg_Loss_G: 4983.8406 | Total_Iter: 27435
[9145/10001] End of Epoch | Avg_Loss_D: -219.7685 | Avg_Loss_G: 4978.2658 | Total_Iter: 27438
[9146/10001] End of Epoch | Avg_Loss_D: -19.4953 | Avg_Loss_G: 4978.5206 | Total_Iter: 27441
[9147/10001] End of Epoch | Avg_Loss_D: -11.1727 | Avg_Loss_G: 4966.9431 | Total_Iter: 27444
[9148/10001] End of Epoch | Avg_Loss_D: -24.9398 | Avg_Loss_G: 4966.3696 | Total_Iter: 27447
[9149/10001] End of Epoch | Avg_Loss_D: -15.7323 | Avg_Loss_G: 4981.8332 | Total_Iter: 27450
[9150/10001] End of Epoch | Avg_Loss_D: -33.1345 | Avg_Loss_G: 4961.8913 | Total_Iter: 27453
[9151/10001] End of Epoch | Avg_Loss_D: -124.7012 | Avg_Loss_G: 4933.0190 | Total_Iter: 27456
[9152/10001] End of Epoch | Avg_Loss_D: -95.0812 | Avg_Loss_G: 4826.1764 | Total_Iter: 27459
[9153/10001] End of Epoch | Avg_Loss_D: -128.8770 | Avg_Loss_G: 4945.8355 | Total_Iter: 27462
[9154/10001] End of Epoch | Avg_Loss_D: -38.7049 | Avg_Loss_G: 4934.5014 | Total_Iter: 27465
[9155/10001] End of Epoch | Avg_Loss_D: -30.9261 | Avg_Loss_G: 4945.1874 | Total_Iter: 27468
[9156/10001] End of Epoch | Avg_Loss_D: -55.2862 | Avg_Loss_G: 4892.9299 | Total_Iter: 27471
[9157/10001] End of Epoch | Avg_Loss_D: -19.4638 | Avg_Loss_G: 4695.9258 | Total_Iter: 27474
[9158/10001] End of Epoch | Avg_Loss_D: -75.6042 | Avg_Loss_G: 4956.4609 | Total_Iter: 27477
[9159/10001] End of Epoch | Avg_Loss_D: -53.7089 | Avg_Loss_G: 4979.7467 | Total_Iter: 27480
[9160/10001] End of Epoch | Avg_Loss_D: -105.4407 | Avg_Loss_G: 4933.1724 | Total_Iter: 27483
[9161/10001] End of Epoch | Avg_Loss_D: -68.0611 | Avg_Loss_G: 4943.0948 | Total_Iter: 27486
[9162/10001] End of Epoch | Avg_Loss_D: -66.4774 | Avg_Loss_G: 4970.8670 | Total_Iter: 27489
[9163/10001] End of Epoch | Avg_Loss_D: -52.3177 | Avg_Loss_G: 4920.3670 | Total_Iter: 27492
[9164/10001] End of Epoch | Avg_Loss_D: -113.0324 | Avg_Loss_G: 4947.9541 | Total_Iter: 27495
[9165/10001] End of Epoch | Avg_Loss_D: -26.3605 | Avg_Loss_G: 4950.9520 | Total_Iter: 27498
[9166/10001] End of Epoch | Avg_Loss_D: -36.8479 | Avg_Loss_G: 4951.6738 | Total_Iter: 27501
[9167/10001] End of Epoch | Avg_Loss_D: -65.1696 | Avg_Loss_G: 4954.2350 | Total_Iter: 27504
[9168/10001] End of Epoch | Avg_Loss_D: -57.9768 | Avg_Loss_G: 4974.9690 | Total_Iter: 27507
[9169/10001] End of Epoch | Avg_Loss_D: -28.3354 | Avg_Loss_G: 4930.5216 | Total_Iter: 27510
[9170/10001] End of Epoch | Avg_Loss_D: 7.2771 | Avg_Loss_G: 4976.9816 | Total_Iter: 27513
[9171/10001] End of Epoch | Avg_Loss_D: 5.4807 | Avg_Loss_G: 4952.9079 | Total_Iter: 27516
[9172/10001] End of Epoch | Avg_Loss_D: 17.8189 | Avg_Loss_G: 4919.4789 | Total_Iter: 27519
[9173/10001] End of Epoch | Avg_Loss_D: -39.6859 | Avg_Loss_G: 4933.9036 | Total_Iter: 27522
[9174/10001] End of Epoch | Avg_Loss_D: 2.3010 | Avg_Loss_G: 4919.5195 | Total_Iter: 27525
[9175/10001] End of Epoch | Avg_Loss_D: -34.2696 | Avg_Loss_G: 4947.4644 | Total_Iter: 27528
[9176/10001] End of Epoch | Avg_Loss_D: -67.1854 | Avg_Loss_G: 4955.4727 | Total_Iter: 27531
[9177/10001] End of Epoch | Avg_Loss_D: 8.9426 | Avg_Loss_G: 4953.4646 | Total_Iter: 27534
[9178/10001] End of Epoch | Avg_Loss_D: -9.1421 | Avg_Loss_G: 4949.7939 | Total_Iter: 27537
[9179/10001] End of Epoch | Avg_Loss_D: -49.9371 | Avg_Loss_G: 4969.1816 | Total_Iter: 27540
[9180/10001] End of Epoch | Avg_Loss_D: -86.7768 | Avg_Loss_G: 4926.2432 | Total_Iter: 27543
[9181/10001] End of Epoch | Avg_Loss_D: -69.0660 | Avg_Loss_G: 4953.6712 | Total_Iter: 27546
[9182/10001] End of Epoch | Avg_Loss_D: -34.4516 | Avg_Loss_G: 4963.8186 | Total_Iter: 27549
[9183/10001] End of Epoch | Avg_Loss_D: -50.0074 | Avg_Loss_G: 4954.6274 | Total_Iter: 27552
[9184/10001] End of Epoch | Avg_Loss_D: -70.8633 | Avg_Loss_G: 4974.6398 | Total_Iter: 27555
[9185/10001] End of Epoch | Avg_Loss_D: -0.5301 | Avg_Loss_G: 4947.9718 | Total_Iter: 27558
[9186/10001] End of Epoch | Avg_Loss_D: -21.7296 | Avg_Loss_G: 4952.2827 | Total_Iter: 27561
[9187/10001] End of Epoch | Avg_Loss_D: -81.1401 | Avg_Loss_G: 4971.4164 | Total_Iter: 27564
[9188/10001] End of Epoch | Avg_Loss_D: -3.2088 | Avg_Loss_G: 4944.2375 | Total_Iter: 27567
[9189/10001] End of Epoch | Avg_Loss_D: -108.2663 | Avg_Loss_G: 4932.0039 | Total_Iter: 27570
[9190/10001] End of Epoch | Avg_Loss_D: -47.8365 | Avg_Loss_G: 4928.0802 | Total_Iter: 27573
[9191/10001] End of Epoch | Avg_Loss_D: -42.0522 | Avg_Loss_G: 4944.5649 | Total_Iter: 27576
[9192/10001] End of Epoch | Avg_Loss_D: -40.5764 | Avg_Loss_G: 4913.7677 | Total_Iter: 27579
[9193/10001] End of Epoch | Avg_Loss_D: -52.4154 | Avg_Loss_G: 4924.0424 | Total_Iter: 27582
[9194/10001] End of Epoch | Avg_Loss_D: -28.7235 | Avg_Loss_G: 4913.6895 | Total_Iter: 27585
[9195/10001] End of Epoch | Avg_Loss_D: -29.2820 | Avg_Loss_G: 4944.7013 | Total_Iter: 27588
[9196/10001] End of Epoch | Avg_Loss_D: -6.6808 | Avg_Loss_G: 4958.9698 | Total_Iter: 27591
[9197/10001] End of Epoch | Avg_Loss_D: -58.7744 | Avg_Loss_G: 4943.5244 | Total_Iter: 27594
[9198/10001] End of Epoch | Avg_Loss_D: -28.3606 | Avg_Loss_G: 4923.6423 | Total_Iter: 27597
[9199/10001] End of Epoch | Avg_Loss_D: 11.2052 | Avg_Loss_G: 4962.5588 | Total_Iter: 27600
[9200/10001] End of Epoch | Avg_Loss_D: -11.6739 | Avg_Loss_G: 4958.7518 | Total_Iter: 27603
[9201/10001] End of Epoch | Avg_Loss_D: -123.5821 | Avg_Loss_G: 4942.5375 | Total_Iter: 27606
[9202/10001] End of Epoch | Avg_Loss_D: -90.8047 | Avg_Loss_G: 4975.1982 | Total_Iter: 27609
[9203/10001] End of Epoch | Avg_Loss_D: -34.7071 | Avg_Loss_G: 4977.5438 | Total_Iter: 27612
[9204/10001] End of Epoch | Avg_Loss_D: -64.6608 | Avg_Loss_G: 4959.9646 | Total_Iter: 27615
[9205/10001] End of Epoch | Avg_Loss_D: -38.0598 | Avg_Loss_G: 4935.5144 | Total_Iter: 27618
[9206/10001] End of Epoch | Avg_Loss_D: -16.2509 | Avg_Loss_G: 4966.1030 | Total_Iter: 27621
[9207/10001] End of Epoch | Avg_Loss_D: -45.7079 | Avg_Loss_G: 4970.2976 | Total_Iter: 27624
[9208/10001] End of Epoch | Avg_Loss_D: -11.3710 | Avg_Loss_G: 4959.3159 | Total_Iter: 27627
[9209/10001] End of Epoch | Avg_Loss_D: -57.0427 | Avg_Loss_G: 4919.1048 | Total_Iter: 27630
[9210/10001] End of Epoch | Avg_Loss_D: -74.9118 | Avg_Loss_G: 4948.3076 | Total_Iter: 27633
[9211/10001] End of Epoch | Avg_Loss_D: 11.7584 | Avg_Loss_G: 4964.8738 | Total_Iter: 27636
[9212/10001] End of Epoch | Avg_Loss_D: -10.0977 | Avg_Loss_G: 4968.5981 | Total_Iter: 27639
[9213/10001] End of Epoch | Avg_Loss_D: -63.3896 | Avg_Loss_G: 4922.9298 | Total_Iter: 27642
[9214/10001] End of Epoch | Avg_Loss_D: -29.9652 | Avg_Loss_G: 4958.2964 | Total_Iter: 27645
[9215/10001] End of Epoch | Avg_Loss_D: -76.1302 | Avg_Loss_G: 4950.7203 | Total_Iter: 27648
[9216/10001] End of Epoch | Avg_Loss_D: -101.9732 | Avg_Loss_G: 4964.0256 | Total_Iter: 27651
[9217/10001] End of Epoch | Avg_Loss_D: -25.2849 | Avg_Loss_G: 4900.0972 | Total_Iter: 27654
[9218/10001] End of Epoch | Avg_Loss_D: -4.7229 | Avg_Loss_G: 4964.8850 | Total_Iter: 27657
[9219/10001] End of Epoch | Avg_Loss_D: -69.1497 | Avg_Loss_G: 4965.9455 | Total_Iter: 27660
[9220/10001] End of Epoch | Avg_Loss_D: -30.6350 | Avg_Loss_G: 4945.3982 | Total_Iter: 27663
[9221/10001] End of Epoch | Avg_Loss_D: -50.3238 | Avg_Loss_G: 4943.2304 | Total_Iter: 27666
[9222/10001] End of Epoch | Avg_Loss_D: -145.8339 | Avg_Loss_G: 4933.9939 | Total_Iter: 27669
[9223/10001] End of Epoch | Avg_Loss_D: -76.0453 | Avg_Loss_G: 4928.4079 | Total_Iter: 27672
[9224/10001] End of Epoch | Avg_Loss_D: -32.0416 | Avg_Loss_G: 4928.1521 | Total_Iter: 27675
[9225/10001] End of Epoch | Avg_Loss_D: -30.6383 | Avg_Loss_G: 4911.9251 | Total_Iter: 27678
[9226/10001] End of Epoch | Avg_Loss_D: -30.2303 | Avg_Loss_G: 4949.5847 | Total_Iter: 27681
[9227/10001] End of Epoch | Avg_Loss_D: 95.9235 | Avg_Loss_G: 4945.0660 | Total_Iter: 27684
[9228/10001] End of Epoch | Avg_Loss_D: -175.0322 | Avg_Loss_G: 4941.7715 | Total_Iter: 27687
[9229/10001] End of Epoch | Avg_Loss_D: -29.5290 | Avg_Loss_G: 4965.5954 | Total_Iter: 27690
[9230/10001] End of Epoch | Avg_Loss_D: -108.8042 | Avg_Loss_G: 4932.1458 | Total_Iter: 27693
[9231/10001] End of Epoch | Avg_Loss_D: -119.7789 | Avg_Loss_G: 4954.8717 | Total_Iter: 27696
[9232/10001] End of Epoch | Avg_Loss_D: -181.0090 | Avg_Loss_G: 4934.8453 | Total_Iter: 27699
[9233/10001] End of Epoch | Avg_Loss_D: -186.4186 | Avg_Loss_G: 4874.9913 | Total_Iter: 27702
[9234/10001] End of Epoch | Avg_Loss_D: -116.2436 | Avg_Loss_G: 4935.8934 | Total_Iter: 27705
[9235/10001] End of Epoch | Avg_Loss_D: -109.4259 | Avg_Loss_G: 4927.1870 | Total_Iter: 27708
[9236/10001] End of Epoch | Avg_Loss_D: -134.7106 | Avg_Loss_G: 4943.5971 | Total_Iter: 27711
[9237/10001] End of Epoch | Avg_Loss_D: -147.5014 | Avg_Loss_G: 4992.5265 | Total_Iter: 27714
[9238/10001] End of Epoch | Avg_Loss_D: -166.9793 | Avg_Loss_G: 4955.2866 | Total_Iter: 27717
[9239/10001] End of Epoch | Avg_Loss_D: -131.6290 | Avg_Loss_G: 4885.5231 | Total_Iter: 27720
[9240/10001] End of Epoch | Avg_Loss_D: -141.8768 | Avg_Loss_G: 4916.6323 | Total_Iter: 27723
[9241/10001] End of Epoch | Avg_Loss_D: -66.9180 | Avg_Loss_G: 4931.2102 | Total_Iter: 27726
[9242/10001] End of Epoch | Avg_Loss_D: -48.6976 | Avg_Loss_G: 4935.7394 | Total_Iter: 27729
[9243/10001] End of Epoch | Avg_Loss_D: -145.1076 | Avg_Loss_G: 4929.6438 | Total_Iter: 27732
[9244/10001] End of Epoch | Avg_Loss_D: -134.1240 | Avg_Loss_G: 4908.2840 | Total_Iter: 27735
[9245/10001] End of Epoch | Avg_Loss_D: -173.7117 | Avg_Loss_G: 4895.0280 | Total_Iter: 27738
[9246/10001] End of Epoch | Avg_Loss_D: -60.9499 | Avg_Loss_G: 4923.0872 | Total_Iter: 27741
[9247/10001] End of Epoch | Avg_Loss_D: -177.4147 | Avg_Loss_G: 4900.2387 | Total_Iter: 27744
[9248/10001] End of Epoch | Avg_Loss_D: -117.7053 | Avg_Loss_G: 4928.8887 | Total_Iter: 27747
[9249/10001] End of Epoch | Avg_Loss_D: -275.1240 | Avg_Loss_G: 4952.7244 | Total_Iter: 27750
[9250/10001] End of Epoch | Avg_Loss_D: 9.2841 | Avg_Loss_G: 4852.8269 | Total_Iter: 27753
[9251/10001] End of Epoch | Avg_Loss_D: -165.8707 | Avg_Loss_G: 4924.4388 | Total_Iter: 27756
[9252/10001] End of Epoch | Avg_Loss_D: -85.5476 | Avg_Loss_G: 4746.8634 | Total_Iter: 27759
[9253/10001] End of Epoch | Avg_Loss_D: -9.2778 | Avg_Loss_G: 4908.3089 | Total_Iter: 27762
[9254/10001] End of Epoch | Avg_Loss_D: -30.9136 | Avg_Loss_G: 4885.8556 | Total_Iter: 27765
[9255/10001] End of Epoch | Avg_Loss_D: 35.2950 | Avg_Loss_G: 4953.3895 | Total_Iter: 27768
[9256/10001] End of Epoch | Avg_Loss_D: -110.1280 | Avg_Loss_G: 4847.4211 | Total_Iter: 27771
[9257/10001] End of Epoch | Avg_Loss_D: -189.7816 | Avg_Loss_G: 4796.9488 | Total_Iter: 27774
[9258/10001] End of Epoch | Avg_Loss_D: -165.5433 | Avg_Loss_G: 4704.9526 | Total_Iter: 27777
[9259/10001] End of Epoch | Avg_Loss_D: -3.1192 | Avg_Loss_G: 4930.3160 | Total_Iter: 27780
[9260/10001] End of Epoch | Avg_Loss_D: -112.9146 | Avg_Loss_G: 4705.5654 | Total_Iter: 27783
[9261/10001] End of Epoch | Avg_Loss_D: 30.4726 | Avg_Loss_G: 4890.1188 | Total_Iter: 27786
[9262/10001] End of Epoch | Avg_Loss_D: 72.4403 | Avg_Loss_G: 4776.8404 | Total_Iter: 27789
[9263/10001] End of Epoch | Avg_Loss_D: 175.5737 | Avg_Loss_G: 4777.9603 | Total_Iter: 27792
[9264/10001] End of Epoch | Avg_Loss_D: -2.4991 | Avg_Loss_G: 4819.0488 | Total_Iter: 27795
[9265/10001] End of Epoch | Avg_Loss_D: 105.6435 | Avg_Loss_G: 4939.3845 | Total_Iter: 27798
[9266/10001] End of Epoch | Avg_Loss_D: 58.4310 | Avg_Loss_G: 4915.7829 | Total_Iter: 27801
[9267/10001] End of Epoch | Avg_Loss_D: -390.5619 | Avg_Loss_G: 4883.7326 | Total_Iter: 27804
[9268/10001] End of Epoch | Avg_Loss_D: -253.5388 | Avg_Loss_G: 4785.4469 | Total_Iter: 27807
[9269/10001] End of Epoch | Avg_Loss_D: -160.3155 | Avg_Loss_G: 4833.9964 | Total_Iter: 27810
[9270/10001] End of Epoch | Avg_Loss_D: -182.0381 | Avg_Loss_G: 4780.7963 | Total_Iter: 27813
[9271/10001] End of Epoch | Avg_Loss_D: -38.8710 | Avg_Loss_G: 4939.5881 | Total_Iter: 27816
[9272/10001] End of Epoch | Avg_Loss_D: -165.2190 | Avg_Loss_G: 4962.8755 | Total_Iter: 27819
[9273/10001] End of Epoch | Avg_Loss_D: -279.5101 | Avg_Loss_G: 4947.6876 | Total_Iter: 27822
[9274/10001] End of Epoch | Avg_Loss_D: 186.7913 | Avg_Loss_G: 4915.4566 | Total_Iter: 27825
[9275/10001] End of Epoch | Avg_Loss_D: -283.2875 | Avg_Loss_G: 4968.1851 | Total_Iter: 27828
[9276/10001] End of Epoch | Avg_Loss_D: 10.5950 | Avg_Loss_G: 4945.2872 | Total_Iter: 27831
[9277/10001] End of Epoch | Avg_Loss_D: -229.0960 | Avg_Loss_G: 4910.7579 | Total_Iter: 27834
[9278/10001] End of Epoch | Avg_Loss_D: -438.1736 | Avg_Loss_G: 4896.1969 | Total_Iter: 27837
[9279/10001] End of Epoch | Avg_Loss_D: 75.1100 | Avg_Loss_G: 4755.1504 | Total_Iter: 27840
[9280/10001] End of Epoch | Avg_Loss_D: -161.0883 | Avg_Loss_G: 4658.8084 | Total_Iter: 27843
[9281/10001] End of Epoch | Avg_Loss_D: -9.7522 | Avg_Loss_G: 4818.4794 | Total_Iter: 27846
[9282/10001] End of Epoch | Avg_Loss_D: -137.9105 | Avg_Loss_G: 4773.1523 | Total_Iter: 27849
[9283/10001] End of Epoch | Avg_Loss_D: -377.3543 | Avg_Loss_G: 4666.8231 | Total_Iter: 27852
[9284/10001] End of Epoch | Avg_Loss_D: 174.6034 | Avg_Loss_G: 4795.4015 | Total_Iter: 27855
[9285/10001] End of Epoch | Avg_Loss_D: -483.4843 | Avg_Loss_G: 4641.3428 | Total_Iter: 27858
[9286/10001] End of Epoch | Avg_Loss_D: -229.0260 | Avg_Loss_G: 4721.5175 | Total_Iter: 27861
[9287/10001] End of Epoch | Avg_Loss_D: -540.5163 | Avg_Loss_G: 4576.2228 | Total_Iter: 27864
[9288/10001] End of Epoch | Avg_Loss_D: -141.4351 | Avg_Loss_G: 4836.5282 | Total_Iter: 27867
[9289/10001] End of Epoch | Avg_Loss_D: -370.5897 | Avg_Loss_G: 4826.5277 | Total_Iter: 27870
[9290/10001] End of Epoch | Avg_Loss_D: -128.1493 | Avg_Loss_G: 4806.5362 | Total_Iter: 27873
[9291/10001] End of Epoch | Avg_Loss_D: -256.8867 | Avg_Loss_G: 4894.2759 | Total_Iter: 27876
[9292/10001] End of Epoch | Avg_Loss_D: -57.7098 | Avg_Loss_G: 4733.7637 | Total_Iter: 27879
[9293/10001] End of Epoch | Avg_Loss_D: -106.7495 | Avg_Loss_G: 4917.2755 | Total_Iter: 27882
[9294/10001] End of Epoch | Avg_Loss_D: -468.5003 | Avg_Loss_G: 4871.4953 | Total_Iter: 27885
[9295/10001] End of Epoch | Avg_Loss_D: 478.8263 | Avg_Loss_G: 4845.3102 | Total_Iter: 27888
[9296/10001] End of Epoch | Avg_Loss_D: -51.2572 | Avg_Loss_G: 4888.3688 | Total_Iter: 27891
[9297/10001] End of Epoch | Avg_Loss_D: -40.4497 | Avg_Loss_G: 4932.5882 | Total_Iter: 27894
[9298/10001] End of Epoch | Avg_Loss_D: -7.8759 | Avg_Loss_G: 4958.8493 | Total_Iter: 27897
[9299/10001] End of Epoch | Avg_Loss_D: -140.2355 | Avg_Loss_G: 4888.2743 | Total_Iter: 27900
[9300/10001] End of Epoch | Avg_Loss_D: -112.8532 | Avg_Loss_G: 4833.4538 | Total_Iter: 27903
[9301/10001] End of Epoch | Avg_Loss_D: -80.2439 | Avg_Loss_G: 4969.5816 | Total_Iter: 27906
[9302/10001] End of Epoch | Avg_Loss_D: -135.2634 | Avg_Loss_G: 4868.9959 | Total_Iter: 27909
[9303/10001] End of Epoch | Avg_Loss_D: -4.3182 | Avg_Loss_G: 4896.0789 | Total_Iter: 27912
[9304/10001] End of Epoch | Avg_Loss_D: -296.8655 | Avg_Loss_G: 4900.8702 | Total_Iter: 27915
[9305/10001] End of Epoch | Avg_Loss_D: -148.5811 | Avg_Loss_G: 4879.9178 | Total_Iter: 27918
[9306/10001] End of Epoch | Avg_Loss_D: -115.7494 | Avg_Loss_G: 4888.0719 | Total_Iter: 27921
[9307/10001] End of Epoch | Avg_Loss_D: 6.9161 | Avg_Loss_G: 4952.4379 | Total_Iter: 27924
[9308/10001] End of Epoch | Avg_Loss_D: 112.4120 | Avg_Loss_G: 4862.0009 | Total_Iter: 27927
[9309/10001] End of Epoch | Avg_Loss_D: 8.6815 | Avg_Loss_G: 4881.1512 | Total_Iter: 27930
[9310/10001] End of Epoch | Avg_Loss_D: -187.4677 | Avg_Loss_G: 4910.3336 | Total_Iter: 27933
[9311/10001] End of Epoch | Avg_Loss_D: -45.8754 | Avg_Loss_G: 4769.7539 | Total_Iter: 27936
[9312/10001] End of Epoch | Avg_Loss_D: -94.2081 | Avg_Loss_G: 4781.0929 | Total_Iter: 27939
[9313/10001] End of Epoch | Avg_Loss_D: -12.8088 | Avg_Loss_G: 4743.1028 | Total_Iter: 27942
[9314/10001] End of Epoch | Avg_Loss_D: -90.4082 | Avg_Loss_G: 4663.6833 | Total_Iter: 27945
[9315/10001] End of Epoch | Avg_Loss_D: 221.4874 | Avg_Loss_G: 4926.3364 | Total_Iter: 27948
[9316/10001] End of Epoch | Avg_Loss_D: -626.2133 | Avg_Loss_G: 4895.9530 | Total_Iter: 27951
[9317/10001] End of Epoch | Avg_Loss_D: 118.7760 | Avg_Loss_G: 4733.1039 | Total_Iter: 27954
[9318/10001] End of Epoch | Avg_Loss_D: 198.5153 | Avg_Loss_G: 4718.4512 | Total_Iter: 27957
[9319/10001] End of Epoch | Avg_Loss_D: -59.5212 | Avg_Loss_G: 4964.1076 | Total_Iter: 27960
[9320/10001] End of Epoch | Avg_Loss_D: -19.5082 | Avg_Loss_G: 4856.5940 | Total_Iter: 27963
[9321/10001] End of Epoch | Avg_Loss_D: -80.7781 | Avg_Loss_G: 4927.2598 | Total_Iter: 27966
[9322/10001] End of Epoch | Avg_Loss_D: -1.9631 | Avg_Loss_G: 4851.5500 | Total_Iter: 27969
[9323/10001] End of Epoch | Avg_Loss_D: -55.4383 | Avg_Loss_G: 4835.7690 | Total_Iter: 27972
[9324/10001] End of Epoch | Avg_Loss_D: -72.2550 | Avg_Loss_G: 4908.4287 | Total_Iter: 27975
[9325/10001] End of Epoch | Avg_Loss_D: -137.4080 | Avg_Loss_G: 4888.3617 | Total_Iter: 27978
[9326/10001] End of Epoch | Avg_Loss_D: -265.1158 | Avg_Loss_G: 4892.2500 | Total_Iter: 27981
[9327/10001] End of Epoch | Avg_Loss_D: 182.2498 | Avg_Loss_G: 4883.7425 | Total_Iter: 27984
[9328/10001] End of Epoch | Avg_Loss_D: -36.9031 | Avg_Loss_G: 4747.9111 | Total_Iter: 27987
[9329/10001] End of Epoch | Avg_Loss_D: -150.3250 | Avg_Loss_G: 4931.7007 | Total_Iter: 27990
[9330/10001] End of Epoch | Avg_Loss_D: 188.4341 | Avg_Loss_G: 4959.1976 | Total_Iter: 27993
[9331/10001] End of Epoch | Avg_Loss_D: -174.5847 | Avg_Loss_G: 4990.1992 | Total_Iter: 27996
[9332/10001] End of Epoch | Avg_Loss_D: -171.1220 | Avg_Loss_G: 5002.9831 | Total_Iter: 27999
[9333/10001] End of Epoch | Avg_Loss_D: -435.2285 | Avg_Loss_G: 4798.6916 | Total_Iter: 28002
[9334/10001] End of Epoch | Avg_Loss_D: -11.3631 | Avg_Loss_G: 4598.7872 | Total_Iter: 28005
[9335/10001] End of Epoch | Avg_Loss_D: -41.5441 | Avg_Loss_G: 4993.8423 | Total_Iter: 28008
[9336/10001] End of Epoch | Avg_Loss_D: -81.0055 | Avg_Loss_G: 4991.5633 | Total_Iter: 28011
[9337/10001] End of Epoch | Avg_Loss_D: -119.9882 | Avg_Loss_G: 4960.9684 | Total_Iter: 28014
[9338/10001] End of Epoch | Avg_Loss_D: -176.5409 | Avg_Loss_G: 5053.9974 | Total_Iter: 28017
[9339/10001] End of Epoch | Avg_Loss_D: 7.9367 | Avg_Loss_G: 4985.8075 | Total_Iter: 28020
[9340/10001] End of Epoch | Avg_Loss_D: -55.9381 | Avg_Loss_G: 4985.3288 | Total_Iter: 28023
[9341/10001] End of Epoch | Avg_Loss_D: -158.8375 | Avg_Loss_G: 5019.7999 | Total_Iter: 28026
[9342/10001] End of Epoch | Avg_Loss_D: -121.7554 | Avg_Loss_G: 5063.4108 | Total_Iter: 28029
[9343/10001] End of Epoch | Avg_Loss_D: -628.9109 | Avg_Loss_G: 4948.3686 | Total_Iter: 28032
[9344/10001] End of Epoch | Avg_Loss_D: 248.9404 | Avg_Loss_G: 4732.9410 | Total_Iter: 28035
[9345/10001] End of Epoch | Avg_Loss_D: 143.0591 | Avg_Loss_G: 5023.0622 | Total_Iter: 28038
[9346/10001] End of Epoch | Avg_Loss_D: -212.1716 | Avg_Loss_G: 4963.9566 | Total_Iter: 28041
[9347/10001] End of Epoch | Avg_Loss_D: 126.9331 | Avg_Loss_G: 4870.2434 | Total_Iter: 28044
[9348/10001] End of Epoch | Avg_Loss_D: -439.9727 | Avg_Loss_G: 4807.1099 | Total_Iter: 28047
[9349/10001] End of Epoch | Avg_Loss_D: -684.3315 | Avg_Loss_G: 4824.5474 | Total_Iter: 28050
[9350/10001] End of Epoch | Avg_Loss_D: -257.3653 | Avg_Loss_G: 4835.2096 | Total_Iter: 28053
[9351/10001] End of Epoch | Avg_Loss_D: -287.5263 | Avg_Loss_G: 4498.5170 | Total_Iter: 28056
[9352/10001] End of Epoch | Avg_Loss_D: 325.2376 | Avg_Loss_G: 4833.1436 | Total_Iter: 28059
[9353/10001] End of Epoch | Avg_Loss_D: -602.8548 | Avg_Loss_G: 4720.4338 | Total_Iter: 28062
[9354/10001] End of Epoch | Avg_Loss_D: -194.0467 | Avg_Loss_G: 4929.1493 | Total_Iter: 28065
[9355/10001] End of Epoch | Avg_Loss_D: 187.1403 | Avg_Loss_G: 4922.4678 | Total_Iter: 28068
[9356/10001] End of Epoch | Avg_Loss_D: -302.5003 | Avg_Loss_G: 4881.1029 | Total_Iter: 28071
[9357/10001] End of Epoch | Avg_Loss_D: -1030.0225 | Avg_Loss_G: 4587.5971 | Total_Iter: 28074
[9358/10001] End of Epoch | Avg_Loss_D: -591.5185 | Avg_Loss_G: 4851.7144 | Total_Iter: 28077
[9359/10001] End of Epoch | Avg_Loss_D: 537.1212 | Avg_Loss_G: 4855.6674 | Total_Iter: 28080
[9360/10001] End of Epoch | Avg_Loss_D: 2.9691 | Avg_Loss_G: 4844.6876 | Total_Iter: 28083
[9361/10001] End of Epoch | Avg_Loss_D: 60.9232 | Avg_Loss_G: 4804.2257 | Total_Iter: 28086
[9362/10001] End of Epoch | Avg_Loss_D: 62.2791 | Avg_Loss_G: 4827.6446 | Total_Iter: 28089
[9363/10001] End of Epoch | Avg_Loss_D: 8.0557 | Avg_Loss_G: 4826.9149 | Total_Iter: 28092
[9364/10001] End of Epoch | Avg_Loss_D: 266.0073 | Avg_Loss_G: 4839.7405 | Total_Iter: 28095
[9365/10001] End of Epoch | Avg_Loss_D: -33.6943 | Avg_Loss_G: 4851.4505 | Total_Iter: 28098
[9366/10001] End of Epoch | Avg_Loss_D: -25.9403 | Avg_Loss_G: 4843.6833 | Total_Iter: 28101
[9367/10001] End of Epoch | Avg_Loss_D: -42.2626 | Avg_Loss_G: 4844.8073 | Total_Iter: 28104
[9368/10001] End of Epoch | Avg_Loss_D: -12.3828 | Avg_Loss_G: 4862.7866 | Total_Iter: 28107
[9369/10001] End of Epoch | Avg_Loss_D: -39.8619 | Avg_Loss_G: 4835.9156 | Total_Iter: 28110
[9370/10001] End of Epoch | Avg_Loss_D: -12.5641 | Avg_Loss_G: 4836.5239 | Total_Iter: 28113
[9371/10001] End of Epoch | Avg_Loss_D: -6.4795 | Avg_Loss_G: 4857.5552 | Total_Iter: 28116
[9372/10001] End of Epoch | Avg_Loss_D: -46.2147 | Avg_Loss_G: 4839.4608 | Total_Iter: 28119
[9373/10001] End of Epoch | Avg_Loss_D: -104.7136 | Avg_Loss_G: 4847.0671 | Total_Iter: 28122
[9374/10001] End of Epoch | Avg_Loss_D: -30.2765 | Avg_Loss_G: 4823.7815 | Total_Iter: 28125
[9375/10001] End of Epoch | Avg_Loss_D: -78.1469 | Avg_Loss_G: 4833.6568 | Total_Iter: 28128
[9376/10001] End of Epoch | Avg_Loss_D: -28.3899 | Avg_Loss_G: 4842.6548 | Total_Iter: 28131
[9377/10001] End of Epoch | Avg_Loss_D: -69.2595 | Avg_Loss_G: 4841.8216 | Total_Iter: 28134
[9378/10001] End of Epoch | Avg_Loss_D: -53.8674 | Avg_Loss_G: 4853.1370 | Total_Iter: 28137
[9379/10001] End of Epoch | Avg_Loss_D: -284.5107 | Avg_Loss_G: 4853.5311 | Total_Iter: 28140
[9380/10001] End of Epoch | Avg_Loss_D: -57.5022 | Avg_Loss_G: 4838.4690 | Total_Iter: 28143
[9381/10001] End of Epoch | Avg_Loss_D: 9.0755 | Avg_Loss_G: 4855.0122 | Total_Iter: 28146
[9382/10001] End of Epoch | Avg_Loss_D: -72.4714 | Avg_Loss_G: 4792.6864 | Total_Iter: 28149
[9383/10001] End of Epoch | Avg_Loss_D: -0.9053 | Avg_Loss_G: 4835.3073 | Total_Iter: 28152
[9384/10001] End of Epoch | Avg_Loss_D: -70.0278 | Avg_Loss_G: 4839.2448 | Total_Iter: 28155
[9385/10001] End of Epoch | Avg_Loss_D: -131.6934 | Avg_Loss_G: 4850.8657 | Total_Iter: 28158
[9386/10001] End of Epoch | Avg_Loss_D: -42.8798 | Avg_Loss_G: 4837.5933 | Total_Iter: 28161
[9387/10001] End of Epoch | Avg_Loss_D: -48.4627 | Avg_Loss_G: 4843.9083 | Total_Iter: 28164
[9388/10001] End of Epoch | Avg_Loss_D: -108.6984 | Avg_Loss_G: 4838.6334 | Total_Iter: 28167
[9389/10001] End of Epoch | Avg_Loss_D: -64.3139 | Avg_Loss_G: 4837.7910 | Total_Iter: 28170
[9390/10001] End of Epoch | Avg_Loss_D: -38.5184 | Avg_Loss_G: 4873.8469 | Total_Iter: 28173
[9391/10001] End of Epoch | Avg_Loss_D: -17.3895 | Avg_Loss_G: 4861.1352 | Total_Iter: 28176
[9392/10001] End of Epoch | Avg_Loss_D: -33.3670 | Avg_Loss_G: 4852.6399 | Total_Iter: 28179
[9393/10001] End of Epoch | Avg_Loss_D: 69.2437 | Avg_Loss_G: 4855.1086 | Total_Iter: 28182
[9394/10001] End of Epoch | Avg_Loss_D: -100.5127 | Avg_Loss_G: 4890.5702 | Total_Iter: 28185
[9395/10001] End of Epoch | Avg_Loss_D: -1.6437 | Avg_Loss_G: 4876.8932 | Total_Iter: 28188
[9396/10001] End of Epoch | Avg_Loss_D: -56.2902 | Avg_Loss_G: 4845.8843 | Total_Iter: 28191
[9397/10001] End of Epoch | Avg_Loss_D: -137.9635 | Avg_Loss_G: 4867.4993 | Total_Iter: 28194
[9398/10001] End of Epoch | Avg_Loss_D: -10.7933 | Avg_Loss_G: 4767.1941 | Total_Iter: 28197
[9399/10001] End of Epoch | Avg_Loss_D: -35.6134 | Avg_Loss_G: 4877.5757 | Total_Iter: 28200
[9400/10001] End of Epoch | Avg_Loss_D: -59.2258 | Avg_Loss_G: 4873.9872 | Total_Iter: 28203
[9401/10001] End of Epoch | Avg_Loss_D: -192.5149 | Avg_Loss_G: 4873.5541 | Total_Iter: 28206
[9402/10001] End of Epoch | Avg_Loss_D: -302.4758 | Avg_Loss_G: 4911.1657 | Total_Iter: 28209
[9403/10001] End of Epoch | Avg_Loss_D: -186.3617 | Avg_Loss_G: 4893.6532 | Total_Iter: 28212
[9404/10001] End of Epoch | Avg_Loss_D: -38.2080 | Avg_Loss_G: 4810.5101 | Total_Iter: 28215
[9405/10001] End of Epoch | Avg_Loss_D: -298.4453 | Avg_Loss_G: 4825.4062 | Total_Iter: 28218
[9406/10001] End of Epoch | Avg_Loss_D: -42.3259 | Avg_Loss_G: 4871.5412 | Total_Iter: 28221
[9407/10001] End of Epoch | Avg_Loss_D: -102.7221 | Avg_Loss_G: 4783.8409 | Total_Iter: 28224
[9408/10001] End of Epoch | Avg_Loss_D: 89.3043 | Avg_Loss_G: 4868.7324 | Total_Iter: 28227
[9409/10001] End of Epoch | Avg_Loss_D: -7.9718 | Avg_Loss_G: 4820.4550 | Total_Iter: 28230
[9410/10001] End of Epoch | Avg_Loss_D: -16.5203 | Avg_Loss_G: 4846.9769 | Total_Iter: 28233
[9411/10001] End of Epoch | Avg_Loss_D: -246.8183 | Avg_Loss_G: 4816.6373 | Total_Iter: 28236
[9412/10001] End of Epoch | Avg_Loss_D: 67.2934 | Avg_Loss_G: 4789.7386 | Total_Iter: 28239
[9413/10001] End of Epoch | Avg_Loss_D: 14.7803 | Avg_Loss_G: 4791.5229 | Total_Iter: 28242
[9414/10001] End of Epoch | Avg_Loss_D: -91.5390 | Avg_Loss_G: 4776.9699 | Total_Iter: 28245
[9415/10001] End of Epoch | Avg_Loss_D: -730.9674 | Avg_Loss_G: 4753.5088 | Total_Iter: 28248
[9416/10001] End of Epoch | Avg_Loss_D: -103.8549 | Avg_Loss_G: 4841.9240 | Total_Iter: 28251
[9417/10001] End of Epoch | Avg_Loss_D: -125.5267 | Avg_Loss_G: 4925.4793 | Total_Iter: 28254
[9418/10001] End of Epoch | Avg_Loss_D: -86.4324 | Avg_Loss_G: 4795.1539 | Total_Iter: 28257
[9419/10001] End of Epoch | Avg_Loss_D: -291.0218 | Avg_Loss_G: 4923.8384 | Total_Iter: 28260
[9420/10001] End of Epoch | Avg_Loss_D: -83.9686 | Avg_Loss_G: 4838.8155 | Total_Iter: 28263
[9421/10001] End of Epoch | Avg_Loss_D: -96.0484 | Avg_Loss_G: 4946.9768 | Total_Iter: 28266
[9422/10001] End of Epoch | Avg_Loss_D: -52.4867 | Avg_Loss_G: 4922.3209 | Total_Iter: 28269
[9423/10001] End of Epoch | Avg_Loss_D: -314.0824 | Avg_Loss_G: 4963.8127 | Total_Iter: 28272
[9424/10001] End of Epoch | Avg_Loss_D: -212.6226 | Avg_Loss_G: 4929.8113 | Total_Iter: 28275
[9425/10001] End of Epoch | Avg_Loss_D: -201.5282 | Avg_Loss_G: 4555.1701 | Total_Iter: 28278
[9426/10001] End of Epoch | Avg_Loss_D: -50.3742 | Avg_Loss_G: 4875.3337 | Total_Iter: 28281
[9427/10001] End of Epoch | Avg_Loss_D: -191.5460 | Avg_Loss_G: 4864.6972 | Total_Iter: 28284
[9428/10001] End of Epoch | Avg_Loss_D: -151.8417 | Avg_Loss_G: 4847.2907 | Total_Iter: 28287
[9429/10001] End of Epoch | Avg_Loss_D: 15.8495 | Avg_Loss_G: 4929.8362 | Total_Iter: 28290
[9430/10001] End of Epoch | Avg_Loss_D: 109.5233 | Avg_Loss_G: 4928.0216 | Total_Iter: 28293
[9431/10001] End of Epoch | Avg_Loss_D: -187.4404 | Avg_Loss_G: 4947.4138 | Total_Iter: 28296
[9432/10001] End of Epoch | Avg_Loss_D: -119.3914 | Avg_Loss_G: 4952.2632 | Total_Iter: 28299
[9433/10001] End of Epoch | Avg_Loss_D: -96.5070 | Avg_Loss_G: 4738.9223 | Total_Iter: 28302
[9434/10001] End of Epoch | Avg_Loss_D: -208.0797 | Avg_Loss_G: 4650.2944 | Total_Iter: 28305
[9435/10001] End of Epoch | Avg_Loss_D: -82.5699 | Avg_Loss_G: 4958.6595 | Total_Iter: 28308
[9436/10001] End of Epoch | Avg_Loss_D: -717.3451 | Avg_Loss_G: 5015.6557 | Total_Iter: 28311
[9437/10001] End of Epoch | Avg_Loss_D: 27.6304 | Avg_Loss_G: 5078.8729 | Total_Iter: 28314
[9438/10001] End of Epoch | Avg_Loss_D: -44.7094 | Avg_Loss_G: 4843.1462 | Total_Iter: 28317
[9439/10001] End of Epoch | Avg_Loss_D: -133.7242 | Avg_Loss_G: 5055.5920 | Total_Iter: 28320
[9440/10001] End of Epoch | Avg_Loss_D: -58.9227 | Avg_Loss_G: 4971.2424 | Total_Iter: 28323
[9441/10001] End of Epoch | Avg_Loss_D: -15.4094 | Avg_Loss_G: 5033.9346 | Total_Iter: 28326
[9442/10001] End of Epoch | Avg_Loss_D: -262.9408 | Avg_Loss_G: 4960.2780 | Total_Iter: 28329
[9443/10001] End of Epoch | Avg_Loss_D: 4.6340 | Avg_Loss_G: 5112.2010 | Total_Iter: 28332
[9444/10001] End of Epoch | Avg_Loss_D: -93.1473 | Avg_Loss_G: 5003.7909 | Total_Iter: 28335
[9445/10001] End of Epoch | Avg_Loss_D: -211.2347 | Avg_Loss_G: 4908.5985 | Total_Iter: 28338
[9446/10001] End of Epoch | Avg_Loss_D: -80.8515 | Avg_Loss_G: 4977.7828 | Total_Iter: 28341
[9447/10001] End of Epoch | Avg_Loss_D: -197.3362 | Avg_Loss_G: 4834.6173 | Total_Iter: 28344
[9448/10001] End of Epoch | Avg_Loss_D: 31.2538 | Avg_Loss_G: 4829.8518 | Total_Iter: 28347
[9449/10001] End of Epoch | Avg_Loss_D: 77.9133 | Avg_Loss_G: 4804.5614 | Total_Iter: 28350
[9450/10001] End of Epoch | Avg_Loss_D: -83.0501 | Avg_Loss_G: 4874.8177 | Total_Iter: 28353
[9451/10001] End of Epoch | Avg_Loss_D: -45.9474 | Avg_Loss_G: 4865.9666 | Total_Iter: 28356
[9452/10001] End of Epoch | Avg_Loss_D: 317.1029 | Avg_Loss_G: 4888.3279 | Total_Iter: 28359
[9453/10001] End of Epoch | Avg_Loss_D: -98.8489 | Avg_Loss_G: 4863.2613 | Total_Iter: 28362
[9454/10001] End of Epoch | Avg_Loss_D: -82.7977 | Avg_Loss_G: 4860.8398 | Total_Iter: 28365
[9455/10001] End of Epoch | Avg_Loss_D: -10.8349 | Avg_Loss_G: 4881.9494 | Total_Iter: 28368
[9456/10001] End of Epoch | Avg_Loss_D: -42.0642 | Avg_Loss_G: 4943.5735 | Total_Iter: 28371
[9457/10001] End of Epoch | Avg_Loss_D: -258.1079 | Avg_Loss_G: 4797.6840 | Total_Iter: 28374
[9458/10001] End of Epoch | Avg_Loss_D: -855.9543 | Avg_Loss_G: 4914.3992 | Total_Iter: 28377
[9459/10001] End of Epoch | Avg_Loss_D: -163.9096 | Avg_Loss_G: 3568.1960 | Total_Iter: 28380
[9460/10001] End of Epoch | Avg_Loss_D: 462.9213 | Avg_Loss_G: 4820.5910 | Total_Iter: 28383
[9461/10001] End of Epoch | Avg_Loss_D: -234.8897 | Avg_Loss_G: 4997.7748 | Total_Iter: 28386
[9462/10001] End of Epoch | Avg_Loss_D: -41.9785 | Avg_Loss_G: 4311.0905 | Total_Iter: 28389
[9463/10001] End of Epoch | Avg_Loss_D: -165.0439 | Avg_Loss_G: 4817.7425 | Total_Iter: 28392
[9464/10001] End of Epoch | Avg_Loss_D: -167.7964 | Avg_Loss_G: 4751.5487 | Total_Iter: 28395
[9465/10001] End of Epoch | Avg_Loss_D: -215.3636 | Avg_Loss_G: 5075.5921 | Total_Iter: 28398
[9466/10001] End of Epoch | Avg_Loss_D: -253.2552 | Avg_Loss_G: 5031.0273 | Total_Iter: 28401
[9467/10001] End of Epoch | Avg_Loss_D: -203.1952 | Avg_Loss_G: 5027.9982 | Total_Iter: 28404
[9468/10001] End of Epoch | Avg_Loss_D: -167.6305 | Avg_Loss_G: 5024.8861 | Total_Iter: 28407
[9469/10001] End of Epoch | Avg_Loss_D: -761.4897 | Avg_Loss_G: 4809.5653 | Total_Iter: 28410
[9470/10001] End of Epoch | Avg_Loss_D: -954.5535 | Avg_Loss_G: 4927.2652 | Total_Iter: 28413
[9471/10001] End of Epoch | Avg_Loss_D: 1039.8799 | Avg_Loss_G: 4638.9556 | Total_Iter: 28416
[9472/10001] End of Epoch | Avg_Loss_D: -239.5148 | Avg_Loss_G: 5036.6028 | Total_Iter: 28419
[9473/10001] End of Epoch | Avg_Loss_D: -176.3364 | Avg_Loss_G: 5127.4622 | Total_Iter: 28422
[9474/10001] End of Epoch | Avg_Loss_D: -170.7807 | Avg_Loss_G: 5107.1198 | Total_Iter: 28425
[9475/10001] End of Epoch | Avg_Loss_D: 50.1060 | Avg_Loss_G: 5059.8985 | Total_Iter: 28428
[9476/10001] End of Epoch | Avg_Loss_D: 702.7779 | Avg_Loss_G: 4640.0936 | Total_Iter: 28431
[9477/10001] End of Epoch | Avg_Loss_D: 2.5115 | Avg_Loss_G: 4662.7084 | Total_Iter: 28434
[9478/10001] End of Epoch | Avg_Loss_D: 2408.0308 | Avg_Loss_G: 4738.9208 | Total_Iter: 28437
[9479/10001] End of Epoch | Avg_Loss_D: -235.4500 | Avg_Loss_G: 4730.0301 | Total_Iter: 28440
[9480/10001] End of Epoch | Avg_Loss_D: -227.5747 | Avg_Loss_G: 4987.8497 | Total_Iter: 28443
[9481/10001] End of Epoch | Avg_Loss_D: -144.5361 | Avg_Loss_G: 4976.2712 | Total_Iter: 28446
[9482/10001] End of Epoch | Avg_Loss_D: 193.8938 | Avg_Loss_G: 5094.6700 | Total_Iter: 28449
[9483/10001] End of Epoch | Avg_Loss_D: 34.0533 | Avg_Loss_G: 4826.8612 | Total_Iter: 28452
[9484/10001] End of Epoch | Avg_Loss_D: 59.3192 | Avg_Loss_G: 5035.6382 | Total_Iter: 28455
[9485/10001] End of Epoch | Avg_Loss_D: -103.8692 | Avg_Loss_G: 5171.9421 | Total_Iter: 28458
[9486/10001] End of Epoch | Avg_Loss_D: -240.4871 | Avg_Loss_G: 5047.1780 | Total_Iter: 28461
[9487/10001] End of Epoch | Avg_Loss_D: -379.7573 | Avg_Loss_G: 5043.1796 | Total_Iter: 28464
[9488/10001] End of Epoch | Avg_Loss_D: -167.6795 | Avg_Loss_G: 4877.1474 | Total_Iter: 28467
[9489/10001] End of Epoch | Avg_Loss_D: -161.6874 | Avg_Loss_G: 4850.4251 | Total_Iter: 28470
[9490/10001] End of Epoch | Avg_Loss_D: -296.4885 | Avg_Loss_G: 4615.6316 | Total_Iter: 28473
[9491/10001] End of Epoch | Avg_Loss_D: -687.3881 | Avg_Loss_G: 4951.2435 | Total_Iter: 28476
[9492/10001] End of Epoch | Avg_Loss_D: -64.2170 | Avg_Loss_G: 5019.7006 | Total_Iter: 28479
[9493/10001] End of Epoch | Avg_Loss_D: -288.0526 | Avg_Loss_G: 5032.4937 | Total_Iter: 28482
[9494/10001] End of Epoch | Avg_Loss_D: -387.1285 | Avg_Loss_G: 5232.5344 | Total_Iter: 28485
[9495/10001] End of Epoch | Avg_Loss_D: -489.9487 | Avg_Loss_G: 5210.2452 | Total_Iter: 28488
[9496/10001] End of Epoch | Avg_Loss_D: 1071.4432 | Avg_Loss_G: 3888.2002 | Total_Iter: 28491
[9497/10001] End of Epoch | Avg_Loss_D: 1544.4732 | Avg_Loss_G: 4848.3105 | Total_Iter: 28494
[9498/10001] End of Epoch | Avg_Loss_D: 2.1392 | Avg_Loss_G: 4145.3359 | Total_Iter: 28497
[9499/10001] End of Epoch | Avg_Loss_D: -336.9260 | Avg_Loss_G: 4680.0458 | Total_Iter: 28500
[9500/10001] End of Epoch | Avg_Loss_D: -831.1466 | Avg_Loss_G: 4668.9402 | Total_Iter: 28503
[9501/10001] End of Epoch | Avg_Loss_D: -19.8336 | Avg_Loss_G: 4979.1636 | Total_Iter: 28506
[9502/10001] End of Epoch | Avg_Loss_D: -1682.4065 | Avg_Loss_G: 5084.1837 | Total_Iter: 28509
[9503/10001] End of Epoch | Avg_Loss_D: -1168.0653 | Avg_Loss_G: 4024.9782 | Total_Iter: 28512
[9504/10001] End of Epoch | Avg_Loss_D: -287.8203 | Avg_Loss_G: 5199.3610 | Total_Iter: 28515
[9505/10001] End of Epoch | Avg_Loss_D: -217.2620 | Avg_Loss_G: 4885.2985 | Total_Iter: 28518
[9506/10001] End of Epoch | Avg_Loss_D: 186.0416 | Avg_Loss_G: 5255.0184 | Total_Iter: 28521
[9507/10001] End of Epoch | Avg_Loss_D: -594.8700 | Avg_Loss_G: 5144.9019 | Total_Iter: 28524
[9508/10001] End of Epoch | Avg_Loss_D: -769.1019 | Avg_Loss_G: 5247.7257 | Total_Iter: 28527
[9509/10001] End of Epoch | Avg_Loss_D: -823.0741 | Avg_Loss_G: 4884.5360 | Total_Iter: 28530
[9510/10001] End of Epoch | Avg_Loss_D: -391.6324 | Avg_Loss_G: 5119.0350 | Total_Iter: 28533
[9511/10001] End of Epoch | Avg_Loss_D: -1859.7676 | Avg_Loss_G: 5174.4709 | Total_Iter: 28536
[9512/10001] End of Epoch | Avg_Loss_D: 535.8013 | Avg_Loss_G: 4841.8048 | Total_Iter: 28539
[9513/10001] End of Epoch | Avg_Loss_D: 5510.8216 | Avg_Loss_G: 4832.5259 | Total_Iter: 28542
[9514/10001] End of Epoch | Avg_Loss_D: 51.0693 | Avg_Loss_G: 4992.8402 | Total_Iter: 28545
[9515/10001] End of Epoch | Avg_Loss_D: -230.3977 | Avg_Loss_G: 4682.1903 | Total_Iter: 28548
[9516/10001] End of Epoch | Avg_Loss_D: 54.6351 | Avg_Loss_G: 4819.0140 | Total_Iter: 28551
[9517/10001] End of Epoch | Avg_Loss_D: 280.7527 | Avg_Loss_G: 4556.9574 | Total_Iter: 28554
[9518/10001] End of Epoch | Avg_Loss_D: -424.8118 | Avg_Loss_G: 4901.8981 | Total_Iter: 28557
[9519/10001] End of Epoch | Avg_Loss_D: -849.6389 | Avg_Loss_G: 4275.1090 | Total_Iter: 28560
[9520/10001] End of Epoch | Avg_Loss_D: -389.3831 | Avg_Loss_G: 5035.6318 | Total_Iter: 28563
[9521/10001] End of Epoch | Avg_Loss_D: 36.5835 | Avg_Loss_G: 4243.2642 | Total_Iter: 28566
[9522/10001] End of Epoch | Avg_Loss_D: -499.4926 | Avg_Loss_G: 5042.9099 | Total_Iter: 28569
[9523/10001] End of Epoch | Avg_Loss_D: -820.0228 | Avg_Loss_G: 5142.0543 | Total_Iter: 28572
[9524/10001] End of Epoch | Avg_Loss_D: -565.5993 | Avg_Loss_G: 5009.6476 | Total_Iter: 28575
[9525/10001] End of Epoch | Avg_Loss_D: -328.9444 | Avg_Loss_G: 5158.2065 | Total_Iter: 28578
[9526/10001] End of Epoch | Avg_Loss_D: -1193.1633 | Avg_Loss_G: 4982.5768 | Total_Iter: 28581
[9527/10001] End of Epoch | Avg_Loss_D: 817.5231 | Avg_Loss_G: 4985.3639 | Total_Iter: 28584
[9528/10001] End of Epoch | Avg_Loss_D: -85.7964 | Avg_Loss_G: 4989.2446 | Total_Iter: 28587
[9529/10001] End of Epoch | Avg_Loss_D: -719.9369 | Avg_Loss_G: 4490.5879 | Total_Iter: 28590
[9530/10001] End of Epoch | Avg_Loss_D: -1069.3751 | Avg_Loss_G: 4593.8377 | Total_Iter: 28593
[9531/10001] End of Epoch | Avg_Loss_D: -1016.7633 | Avg_Loss_G: 4404.4059 | Total_Iter: 28596
[9532/10001] End of Epoch | Avg_Loss_D: 232.7146 | Avg_Loss_G: 4807.0842 | Total_Iter: 28599
[9533/10001] End of Epoch | Avg_Loss_D: -1081.7112 | Avg_Loss_G: 4289.7457 | Total_Iter: 28602
[9534/10001] End of Epoch | Avg_Loss_D: -391.8931 | Avg_Loss_G: 4779.1113 | Total_Iter: 28605
[9535/10001] End of Epoch | Avg_Loss_D: -1655.9003 | Avg_Loss_G: 4140.0919 | Total_Iter: 28608
[9536/10001] End of Epoch | Avg_Loss_D: -632.2346 | Avg_Loss_G: 2575.7510 | Total_Iter: 28611
[9537/10001] End of Epoch | Avg_Loss_D: -2762.3078 | Avg_Loss_G: 3749.1609 | Total_Iter: 28614
[9538/10001] End of Epoch | Avg_Loss_D: -1407.9609 | Avg_Loss_G: 4129.9179 | Total_Iter: 28617
[9539/10001] End of Epoch | Avg_Loss_D: 30.6194 | Avg_Loss_G: 4795.8248 | Total_Iter: 28620
[9540/10001] End of Epoch | Avg_Loss_D: -879.4759 | Avg_Loss_G: 4637.8555 | Total_Iter: 28623
[9541/10001] End of Epoch | Avg_Loss_D: -258.9608 | Avg_Loss_G: 4528.9910 | Total_Iter: 28626
[9542/10001] End of Epoch | Avg_Loss_D: -511.7239 | Avg_Loss_G: 4759.1281 | Total_Iter: 28629
[9543/10001] End of Epoch | Avg_Loss_D: -430.2582 | Avg_Loss_G: 4866.8675 | Total_Iter: 28632
[9544/10001] End of Epoch | Avg_Loss_D: 22.9738 | Avg_Loss_G: 4535.4523 | Total_Iter: 28635
[9545/10001] End of Epoch | Avg_Loss_D: 112.0986 | Avg_Loss_G: 4172.8303 | Total_Iter: 28638
[9546/10001] End of Epoch | Avg_Loss_D: -2017.0784 | Avg_Loss_G: 4498.4404 | Total_Iter: 28641
[9547/10001] End of Epoch | Avg_Loss_D: 344.9259 | Avg_Loss_G: 4460.9433 | Total_Iter: 28644
[9548/10001] End of Epoch | Avg_Loss_D: -233.3185 | Avg_Loss_G: 3105.2259 | Total_Iter: 28647
[9549/10001] End of Epoch | Avg_Loss_D: -2507.1362 | Avg_Loss_G: 4075.8156 | Total_Iter: 28650
[9550/10001] End of Epoch | Avg_Loss_D: -325.9363 | Avg_Loss_G: 2245.4882 | Total_Iter: 28653
[9551/10001] End of Epoch | Avg_Loss_D: -1668.8412 | Avg_Loss_G: 4976.2988 | Total_Iter: 28656
[9552/10001] End of Epoch | Avg_Loss_D: -355.3217 | Avg_Loss_G: 5029.4900 | Total_Iter: 28659
[9553/10001] End of Epoch | Avg_Loss_D: -698.2978 | Avg_Loss_G: 4671.8327 | Total_Iter: 28662
[9554/10001] End of Epoch | Avg_Loss_D: -2817.2916 | Avg_Loss_G: 4972.5633 | Total_Iter: 28665
[9555/10001] End of Epoch | Avg_Loss_D: -612.4828 | Avg_Loss_G: 5122.4782 | Total_Iter: 28668
[9556/10001] End of Epoch | Avg_Loss_D: -757.3057 | Avg_Loss_G: 4815.8806 | Total_Iter: 28671
[9557/10001] End of Epoch | Avg_Loss_D: -960.7664 | Avg_Loss_G: 4965.5263 | Total_Iter: 28674
[9558/10001] End of Epoch | Avg_Loss_D: -1683.6646 | Avg_Loss_G: 4023.2524 | Total_Iter: 28677
[9559/10001] End of Epoch | Avg_Loss_D: -390.0758 | Avg_Loss_G: 4516.1222 | Total_Iter: 28680
[9560/10001] End of Epoch | Avg_Loss_D: 703.1253 | Avg_Loss_G: 4117.4967 | Total_Iter: 28683
[9561/10001] End of Epoch | Avg_Loss_D: -98.1567 | Avg_Loss_G: 4616.4243 | Total_Iter: 28686
[9562/10001] End of Epoch | Avg_Loss_D: -1463.3358 | Avg_Loss_G: 4481.1148 | Total_Iter: 28689
[9563/10001] End of Epoch | Avg_Loss_D: -909.1665 | Avg_Loss_G: 4395.2690 | Total_Iter: 28692
[9564/10001] End of Epoch | Avg_Loss_D: 235.2447 | Avg_Loss_G: 4688.2828 | Total_Iter: 28695
[9565/10001] End of Epoch | Avg_Loss_D: -1257.8704 | Avg_Loss_G: 4493.9167 | Total_Iter: 28698
[9566/10001] End of Epoch | Avg_Loss_D: -2031.4383 | Avg_Loss_G: 4342.5486 | Total_Iter: 28701
[9567/10001] End of Epoch | Avg_Loss_D: 1341.6695 | Avg_Loss_G: 4828.1023 | Total_Iter: 28704
[9568/10001] End of Epoch | Avg_Loss_D: -1345.8032 | Avg_Loss_G: 3709.0770 | Total_Iter: 28707
[9569/10001] End of Epoch | Avg_Loss_D: 989.3595 | Avg_Loss_G: 4290.5805 | Total_Iter: 28710
[9570/10001] End of Epoch | Avg_Loss_D: -863.5281 | Avg_Loss_G: 4669.1012 | Total_Iter: 28713
[9571/10001] End of Epoch | Avg_Loss_D: -327.7091 | Avg_Loss_G: 4464.6242 | Total_Iter: 28716
[9572/10001] End of Epoch | Avg_Loss_D: -375.9501 | Avg_Loss_G: 4578.3355 | Total_Iter: 28719
[9573/10001] End of Epoch | Avg_Loss_D: -1291.4841 | Avg_Loss_G: 4487.4712 | Total_Iter: 28722
[9574/10001] End of Epoch | Avg_Loss_D: 47.1741 | Avg_Loss_G: 4676.6401 | Total_Iter: 28725
[9575/10001] End of Epoch | Avg_Loss_D: -589.1851 | Avg_Loss_G: 4534.7424 | Total_Iter: 28728
[9576/10001] End of Epoch | Avg_Loss_D: 384.1999 | Avg_Loss_G: 4234.9961 | Total_Iter: 28731
[9577/10001] End of Epoch | Avg_Loss_D: 659.2379 | Avg_Loss_G: 5005.4486 | Total_Iter: 28734
[9578/10001] End of Epoch | Avg_Loss_D: -36.5392 | Avg_Loss_G: 5033.2092 | Total_Iter: 28737
[9579/10001] End of Epoch | Avg_Loss_D: -49.0039 | Avg_Loss_G: 4963.5269 | Total_Iter: 28740
[9580/10001] End of Epoch | Avg_Loss_D: 9.4561 | Avg_Loss_G: 4978.2729 | Total_Iter: 28743
[9581/10001] End of Epoch | Avg_Loss_D: 1488.8166 | Avg_Loss_G: 4946.2629 | Total_Iter: 28746
[9582/10001] End of Epoch | Avg_Loss_D: -406.7527 | Avg_Loss_G: 4177.9178 | Total_Iter: 28749
[9583/10001] End of Epoch | Avg_Loss_D: 299.4026 | Avg_Loss_G: 4858.0248 | Total_Iter: 28752
[9584/10001] End of Epoch | Avg_Loss_D: -751.8855 | Avg_Loss_G: 4970.0551 | Total_Iter: 28755
[9585/10001] End of Epoch | Avg_Loss_D: -97.1858 | Avg_Loss_G: 5162.0740 | Total_Iter: 28758
[9586/10001] End of Epoch | Avg_Loss_D: 881.9128 | Avg_Loss_G: 5030.5654 | Total_Iter: 28761
[9587/10001] End of Epoch | Avg_Loss_D: -210.6701 | Avg_Loss_G: 4898.4567 | Total_Iter: 28764
[9588/10001] End of Epoch | Avg_Loss_D: -174.9574 | Avg_Loss_G: 4983.7640 | Total_Iter: 28767
[9589/10001] End of Epoch | Avg_Loss_D: -207.6073 | Avg_Loss_G: 4825.7703 | Total_Iter: 28770
[9590/10001] End of Epoch | Avg_Loss_D: 193.2319 | Avg_Loss_G: 5054.6372 | Total_Iter: 28773
[9591/10001] End of Epoch | Avg_Loss_D: -574.4404 | Avg_Loss_G: 4471.9310 | Total_Iter: 28776
[9592/10001] End of Epoch | Avg_Loss_D: -166.2842 | Avg_Loss_G: 4753.9004 | Total_Iter: 28779
[9593/10001] End of Epoch | Avg_Loss_D: -1257.7518 | Avg_Loss_G: 5062.4984 | Total_Iter: 28782
[9594/10001] End of Epoch | Avg_Loss_D: 338.0261 | Avg_Loss_G: 4899.6169 | Total_Iter: 28785
[9595/10001] End of Epoch | Avg_Loss_D: -1664.5203 | Avg_Loss_G: 4939.1518 | Total_Iter: 28788
[9596/10001] End of Epoch | Avg_Loss_D: -1341.1311 | Avg_Loss_G: 5041.9964 | Total_Iter: 28791
[9597/10001] End of Epoch | Avg_Loss_D: 22.0054 | Avg_Loss_G: 4964.8643 | Total_Iter: 28794
[9598/10001] End of Epoch | Avg_Loss_D: -116.7253 | Avg_Loss_G: 4878.0179 | Total_Iter: 28797
[9599/10001] End of Epoch | Avg_Loss_D: -431.5406 | Avg_Loss_G: 4537.4147 | Total_Iter: 28800
[9600/10001] End of Epoch | Avg_Loss_D: -1165.9423 | Avg_Loss_G: 4801.4731 | Total_Iter: 28803
[9601/10001] End of Epoch | Avg_Loss_D: -259.2826 | Avg_Loss_G: 4048.0110 | Total_Iter: 28806
[9602/10001] End of Epoch | Avg_Loss_D: -416.3430 | Avg_Loss_G: 4770.2947 | Total_Iter: 28809
[9603/10001] End of Epoch | Avg_Loss_D: -79.2279 | Avg_Loss_G: 4848.5938 | Total_Iter: 28812
[9604/10001] End of Epoch | Avg_Loss_D: 225.5592 | Avg_Loss_G: 4928.8117 | Total_Iter: 28815
[9605/10001] End of Epoch | Avg_Loss_D: 231.9277 | Avg_Loss_G: 4926.0671 | Total_Iter: 28818
[9606/10001] End of Epoch | Avg_Loss_D: -2430.4167 | Avg_Loss_G: 4820.7642 | Total_Iter: 28821
[9607/10001] End of Epoch | Avg_Loss_D: -424.6687 | Avg_Loss_G: 4581.3155 | Total_Iter: 28824
[9608/10001] End of Epoch | Avg_Loss_D: -591.3699 | Avg_Loss_G: 4664.7642 | Total_Iter: 28827
[9609/10001] End of Epoch | Avg_Loss_D: -901.1179 | Avg_Loss_G: 4656.8743 | Total_Iter: 28830
[9610/10001] End of Epoch | Avg_Loss_D: -371.7094 | Avg_Loss_G: 4671.4253 | Total_Iter: 28833
[9611/10001] End of Epoch | Avg_Loss_D: 3068.6168 | Avg_Loss_G: 4720.1587 | Total_Iter: 28836
[9612/10001] End of Epoch | Avg_Loss_D: 194.2239 | Avg_Loss_G: 4777.2413 | Total_Iter: 28839
[9613/10001] End of Epoch | Avg_Loss_D: -93.6503 | Avg_Loss_G: 4789.2174 | Total_Iter: 28842
[9614/10001] End of Epoch | Avg_Loss_D: -286.4497 | Avg_Loss_G: 4753.7498 | Total_Iter: 28845
[9615/10001] End of Epoch | Avg_Loss_D: -13.3689 | Avg_Loss_G: 4915.8732 | Total_Iter: 28848
[9616/10001] End of Epoch | Avg_Loss_D: -462.4323 | Avg_Loss_G: 4814.9774 | Total_Iter: 28851
[9617/10001] End of Epoch | Avg_Loss_D: -596.3003 | Avg_Loss_G: 4539.9129 | Total_Iter: 28854
[9618/10001] End of Epoch | Avg_Loss_D: -444.9517 | Avg_Loss_G: 4625.6653 | Total_Iter: 28857
[9619/10001] End of Epoch | Avg_Loss_D: -194.7081 | Avg_Loss_G: 4504.5931 | Total_Iter: 28860
[9620/10001] End of Epoch | Avg_Loss_D: 112.1986 | Avg_Loss_G: 4525.0455 | Total_Iter: 28863
[9621/10001] End of Epoch | Avg_Loss_D: -719.6171 | Avg_Loss_G: 4717.8533 | Total_Iter: 28866
[9622/10001] End of Epoch | Avg_Loss_D: -1457.4736 | Avg_Loss_G: 4876.9158 | Total_Iter: 28869
[9623/10001] End of Epoch | Avg_Loss_D: -101.1718 | Avg_Loss_G: 4906.7273 | Total_Iter: 28872
[9624/10001] End of Epoch | Avg_Loss_D: -884.9131 | Avg_Loss_G: 4709.2505 | Total_Iter: 28875
[9625/10001] End of Epoch | Avg_Loss_D: -523.2629 | Avg_Loss_G: 4978.9661 | Total_Iter: 28878
[9626/10001] End of Epoch | Avg_Loss_D: -1031.5427 | Avg_Loss_G: 4040.2499 | Total_Iter: 28881
[9627/10001] End of Epoch | Avg_Loss_D: -2687.9034 | Avg_Loss_G: 4497.9887 | Total_Iter: 28884
[9628/10001] End of Epoch | Avg_Loss_D: 428.1509 | Avg_Loss_G: 4668.6191 | Total_Iter: 28887
[9629/10001] End of Epoch | Avg_Loss_D: -1887.6017 | Avg_Loss_G: 4565.6970 | Total_Iter: 28890
[9630/10001] End of Epoch | Avg_Loss_D: 881.2284 | Avg_Loss_G: 3614.2327 | Total_Iter: 28893
[9631/10001] End of Epoch | Avg_Loss_D: -1111.0716 | Avg_Loss_G: 4286.0085 | Total_Iter: 28896
[9632/10001] End of Epoch | Avg_Loss_D: 422.7294 | Avg_Loss_G: 4271.4328 | Total_Iter: 28899
[9633/10001] End of Epoch | Avg_Loss_D: 188.1685 | Avg_Loss_G: 4472.7858 | Total_Iter: 28902
[9634/10001] End of Epoch | Avg_Loss_D: -1939.8513 | Avg_Loss_G: 4191.9096 | Total_Iter: 28905
[9635/10001] End of Epoch | Avg_Loss_D: -2189.5931 | Avg_Loss_G: 4485.4195 | Total_Iter: 28908
[9636/10001] End of Epoch | Avg_Loss_D: -2885.8596 | Avg_Loss_G: 4399.6396 | Total_Iter: 28911
[9637/10001] End of Epoch | Avg_Loss_D: -487.1376 | Avg_Loss_G: 2562.2350 | Total_Iter: 28914
[9638/10001] End of Epoch | Avg_Loss_D: -1956.5106 | Avg_Loss_G: 3508.8134 | Total_Iter: 28917
[9639/10001] End of Epoch | Avg_Loss_D: -803.6767 | Avg_Loss_G: 4778.5086 | Total_Iter: 28920
[9640/10001] End of Epoch | Avg_Loss_D: 420.6347 | Avg_Loss_G: 4987.2364 | Total_Iter: 28923
[9641/10001] End of Epoch | Avg_Loss_D: -750.0977 | Avg_Loss_G: 3079.4962 | Total_Iter: 28926
[9642/10001] End of Epoch | Avg_Loss_D: -244.0710 | Avg_Loss_G: 2724.3013 | Total_Iter: 28929
[9643/10001] End of Epoch | Avg_Loss_D: 984.4502 | Avg_Loss_G: 4560.5893 | Total_Iter: 28932
[9644/10001] End of Epoch | Avg_Loss_D: 8.2244 | Avg_Loss_G: 4854.1324 | Total_Iter: 28935
[9645/10001] End of Epoch | Avg_Loss_D: -504.7953 | Avg_Loss_G: 4780.8828 | Total_Iter: 28938
[9646/10001] End of Epoch | Avg_Loss_D: -2681.8245 | Avg_Loss_G: 4760.3189 | Total_Iter: 28941
[9647/10001] End of Epoch | Avg_Loss_D: -1608.5745 | Avg_Loss_G: 2472.2637 | Total_Iter: 28944
[9648/10001] End of Epoch | Avg_Loss_D: 844.7049 | Avg_Loss_G: 4525.9293 | Total_Iter: 28947
[9649/10001] End of Epoch | Avg_Loss_D: 585.5217 | Avg_Loss_G: 4355.6771 | Total_Iter: 28950
[9650/10001] End of Epoch | Avg_Loss_D: 304.8952 | Avg_Loss_G: 4584.5217 | Total_Iter: 28953
[9651/10001] End of Epoch | Avg_Loss_D: 155.1693 | Avg_Loss_G: 4700.3370 | Total_Iter: 28956
[9652/10001] End of Epoch | Avg_Loss_D: 244.0058 | Avg_Loss_G: 4719.1517 | Total_Iter: 28959
[9653/10001] End of Epoch | Avg_Loss_D: -126.7501 | Avg_Loss_G: 4688.2142 | Total_Iter: 28962
[9654/10001] End of Epoch | Avg_Loss_D: -8.1994 | Avg_Loss_G: 4747.5369 | Total_Iter: 28965
[9655/10001] End of Epoch | Avg_Loss_D: -52.3378 | Avg_Loss_G: 4787.5813 | Total_Iter: 28968
[9656/10001] End of Epoch | Avg_Loss_D: -141.1992 | Avg_Loss_G: 4792.5686 | Total_Iter: 28971
[9657/10001] End of Epoch | Avg_Loss_D: -25.5170 | Avg_Loss_G: 4618.3613 | Total_Iter: 28974
[9658/10001] End of Epoch | Avg_Loss_D: 55.4894 | Avg_Loss_G: 4850.3382 | Total_Iter: 28977
[9659/10001] End of Epoch | Avg_Loss_D: 10.6123 | Avg_Loss_G: 4804.3723 | Total_Iter: 28980
[9660/10001] End of Epoch | Avg_Loss_D: 30.2342 | Avg_Loss_G: 4847.6546 | Total_Iter: 28983
[9661/10001] End of Epoch | Avg_Loss_D: -94.2620 | Avg_Loss_G: 4811.8567 | Total_Iter: 28986
[9662/10001] End of Epoch | Avg_Loss_D: 2.8086 | Avg_Loss_G: 4815.1938 | Total_Iter: 28989
[9663/10001] End of Epoch | Avg_Loss_D: 31.2411 | Avg_Loss_G: 4806.1070 | Total_Iter: 28992
[9664/10001] End of Epoch | Avg_Loss_D: -57.5511 | Avg_Loss_G: 4818.8905 | Total_Iter: 28995
[9665/10001] End of Epoch | Avg_Loss_D: -275.1392 | Avg_Loss_G: 4849.6050 | Total_Iter: 28998
[9666/10001] End of Epoch | Avg_Loss_D: -154.9118 | Avg_Loss_G: 4798.7465 | Total_Iter: 29001
[9667/10001] End of Epoch | Avg_Loss_D: -424.3239 | Avg_Loss_G: 4821.9002 | Total_Iter: 29004
[9668/10001] End of Epoch | Avg_Loss_D: -50.5248 | Avg_Loss_G: 4838.6141 | Total_Iter: 29007
[9669/10001] End of Epoch | Avg_Loss_D: -45.4269 | Avg_Loss_G: 4831.1316 | Total_Iter: 29010
[9670/10001] End of Epoch | Avg_Loss_D: -184.0083 | Avg_Loss_G: 4866.3491 | Total_Iter: 29013
[9671/10001] End of Epoch | Avg_Loss_D: -85.6095 | Avg_Loss_G: 4812.8759 | Total_Iter: 29016
[9672/10001] End of Epoch | Avg_Loss_D: -134.0521 | Avg_Loss_G: 4853.1748 | Total_Iter: 29019
[9673/10001] End of Epoch | Avg_Loss_D: -45.2563 | Avg_Loss_G: 4875.2867 | Total_Iter: 29022
[9674/10001] End of Epoch | Avg_Loss_D: -6.4397 | Avg_Loss_G: 4925.5285 | Total_Iter: 29025
[9675/10001] End of Epoch | Avg_Loss_D: 34.1313 | Avg_Loss_G: 4815.2576 | Total_Iter: 29028
[9676/10001] End of Epoch | Avg_Loss_D: -283.2902 | Avg_Loss_G: 4892.1845 | Total_Iter: 29031
[9677/10001] End of Epoch | Avg_Loss_D: 312.9376 | Avg_Loss_G: 4906.1730 | Total_Iter: 29034
[9678/10001] End of Epoch | Avg_Loss_D: -171.8779 | Avg_Loss_G: 4855.8675 | Total_Iter: 29037
[9679/10001] End of Epoch | Avg_Loss_D: 78.8137 | Avg_Loss_G: 4810.9824 | Total_Iter: 29040
[9680/10001] End of Epoch | Avg_Loss_D: 64.4548 | Avg_Loss_G: 4834.5112 | Total_Iter: 29043
[9681/10001] End of Epoch | Avg_Loss_D: 58.8826 | Avg_Loss_G: 4776.0854 | Total_Iter: 29046
[9682/10001] End of Epoch | Avg_Loss_D: -96.9816 | Avg_Loss_G: 4737.4437 | Total_Iter: 29049
[9683/10001] End of Epoch | Avg_Loss_D: 45.9922 | Avg_Loss_G: 4820.1452 | Total_Iter: 29052
[9684/10001] End of Epoch | Avg_Loss_D: -56.1850 | Avg_Loss_G: 4854.0581 | Total_Iter: 29055
[9685/10001] End of Epoch | Avg_Loss_D: -23.7908 | Avg_Loss_G: 4795.9642 | Total_Iter: 29058
[9686/10001] End of Epoch | Avg_Loss_D: -88.9586 | Avg_Loss_G: 4805.1595 | Total_Iter: 29061
[9687/10001] End of Epoch | Avg_Loss_D: -178.7732 | Avg_Loss_G: 4794.3995 | Total_Iter: 29064
[9688/10001] End of Epoch | Avg_Loss_D: -127.9044 | Avg_Loss_G: 4830.1220 | Total_Iter: 29067
[9689/10001] End of Epoch | Avg_Loss_D: -112.6239 | Avg_Loss_G: 4833.0872 | Total_Iter: 29070
[9690/10001] End of Epoch | Avg_Loss_D: -86.3383 | Avg_Loss_G: 4845.7115 | Total_Iter: 29073
[9691/10001] End of Epoch | Avg_Loss_D: -150.6355 | Avg_Loss_G: 4856.2803 | Total_Iter: 29076
[9692/10001] End of Epoch | Avg_Loss_D: -66.4758 | Avg_Loss_G: 4874.0284 | Total_Iter: 29079
[9693/10001] End of Epoch | Avg_Loss_D: -199.8931 | Avg_Loss_G: 4887.5423 | Total_Iter: 29082
[9694/10001] End of Epoch | Avg_Loss_D: -85.8537 | Avg_Loss_G: 4876.4419 | Total_Iter: 29085
[9695/10001] End of Epoch | Avg_Loss_D: -13.1656 | Avg_Loss_G: 4752.7865 | Total_Iter: 29088
[9696/10001] End of Epoch | Avg_Loss_D: -111.7502 | Avg_Loss_G: 4866.6469 | Total_Iter: 29091
[9697/10001] End of Epoch | Avg_Loss_D: 133.4123 | Avg_Loss_G: 4727.7929 | Total_Iter: 29094
[9698/10001] End of Epoch | Avg_Loss_D: -105.3629 | Avg_Loss_G: 4755.3271 | Total_Iter: 29097
[9699/10001] End of Epoch | Avg_Loss_D: -55.3728 | Avg_Loss_G: 4751.1399 | Total_Iter: 29100
[9700/10001] End of Epoch | Avg_Loss_D: -76.6034 | Avg_Loss_G: 4807.6793 | Total_Iter: 29103
[9701/10001] End of Epoch | Avg_Loss_D: -176.4565 | Avg_Loss_G: 4773.0335 | Total_Iter: 29106
[9702/10001] End of Epoch | Avg_Loss_D: -373.9081 | Avg_Loss_G: 4815.2087 | Total_Iter: 29109
[9703/10001] End of Epoch | Avg_Loss_D: -479.6909 | Avg_Loss_G: 4810.4482 | Total_Iter: 29112
[9704/10001] End of Epoch | Avg_Loss_D: -192.5639 | Avg_Loss_G: 4791.5621 | Total_Iter: 29115
[9705/10001] End of Epoch | Avg_Loss_D: 13.7149 | Avg_Loss_G: 4763.7457 | Total_Iter: 29118
[9706/10001] End of Epoch | Avg_Loss_D: -51.8236 | Avg_Loss_G: 4778.5752 | Total_Iter: 29121
[9707/10001] End of Epoch | Avg_Loss_D: -186.8810 | Avg_Loss_G: 4766.1061 | Total_Iter: 29124
[9708/10001] End of Epoch | Avg_Loss_D: -498.1703 | Avg_Loss_G: 4697.5435 | Total_Iter: 29127
[9709/10001] End of Epoch | Avg_Loss_D: -407.0744 | Avg_Loss_G: 4804.0827 | Total_Iter: 29130
[9710/10001] End of Epoch | Avg_Loss_D: 151.2382 | Avg_Loss_G: 4820.6546 | Total_Iter: 29133
[9711/10001] End of Epoch | Avg_Loss_D: -235.6826 | Avg_Loss_G: 4592.8371 | Total_Iter: 29136
[9712/10001] End of Epoch | Avg_Loss_D: -36.6032 | Avg_Loss_G: 4780.7711 | Total_Iter: 29139
[9713/10001] End of Epoch | Avg_Loss_D: -225.8453 | Avg_Loss_G: 4802.4723 | Total_Iter: 29142
[9714/10001] End of Epoch | Avg_Loss_D: -154.8228 | Avg_Loss_G: 4754.7459 | Total_Iter: 29145
[9715/10001] End of Epoch | Avg_Loss_D: -32.5276 | Avg_Loss_G: 4433.5533 | Total_Iter: 29148
[9716/10001] End of Epoch | Avg_Loss_D: -19.8839 | Avg_Loss_G: 4868.6495 | Total_Iter: 29151
[9717/10001] End of Epoch | Avg_Loss_D: -259.8345 | Avg_Loss_G: 4878.7550 | Total_Iter: 29154
[9718/10001] End of Epoch | Avg_Loss_D: -345.2645 | Avg_Loss_G: 4871.9091 | Total_Iter: 29157
[9719/10001] End of Epoch | Avg_Loss_D: -249.3281 | Avg_Loss_G: 4829.4650 | Total_Iter: 29160
[9720/10001] End of Epoch | Avg_Loss_D: -411.3079 | Avg_Loss_G: 4884.3625 | Total_Iter: 29163
[9721/10001] End of Epoch | Avg_Loss_D: -550.3832 | Avg_Loss_G: 4854.5310 | Total_Iter: 29166
[9722/10001] End of Epoch | Avg_Loss_D: -73.0407 | Avg_Loss_G: 4786.6554 | Total_Iter: 29169
[9723/10001] End of Epoch | Avg_Loss_D: -197.2568 | Avg_Loss_G: 4963.6737 | Total_Iter: 29172
[9724/10001] End of Epoch | Avg_Loss_D: -415.9859 | Avg_Loss_G: 4899.9709 | Total_Iter: 29175
[9725/10001] End of Epoch | Avg_Loss_D: -338.9333 | Avg_Loss_G: 4637.5203 | Total_Iter: 29178
[9726/10001] End of Epoch | Avg_Loss_D: -43.3035 | Avg_Loss_G: 4377.8044 | Total_Iter: 29181
[9727/10001] End of Epoch | Avg_Loss_D: -201.3217 | Avg_Loss_G: 4853.1729 | Total_Iter: 29184
[9728/10001] End of Epoch | Avg_Loss_D: -379.2995 | Avg_Loss_G: 4829.7456 | Total_Iter: 29187
[9729/10001] End of Epoch | Avg_Loss_D: -637.0594 | Avg_Loss_G: 4806.4529 | Total_Iter: 29190
[9730/10001] End of Epoch | Avg_Loss_D: 270.5604 | Avg_Loss_G: 4549.0187 | Total_Iter: 29193
[9731/10001] End of Epoch | Avg_Loss_D: -184.7011 | Avg_Loss_G: 4881.1564 | Total_Iter: 29196
[9732/10001] End of Epoch | Avg_Loss_D: 16.6942 | Avg_Loss_G: 4919.5020 | Total_Iter: 29199
[9733/10001] End of Epoch | Avg_Loss_D: -338.2558 | Avg_Loss_G: 4813.6415 | Total_Iter: 29202
[9734/10001] End of Epoch | Avg_Loss_D: -99.1595 | Avg_Loss_G: 4795.7903 | Total_Iter: 29205
[9735/10001] End of Epoch | Avg_Loss_D: -260.6444 | Avg_Loss_G: 4919.6867 | Total_Iter: 29208
[9736/10001] End of Epoch | Avg_Loss_D: -848.8556 | Avg_Loss_G: 4895.1761 | Total_Iter: 29211
[9737/10001] End of Epoch | Avg_Loss_D: -280.2985 | Avg_Loss_G: 3946.5335 | Total_Iter: 29214
[9738/10001] End of Epoch | Avg_Loss_D: -105.6505 | Avg_Loss_G: 4730.6171 | Total_Iter: 29217
[9739/10001] End of Epoch | Avg_Loss_D: -197.1562 | Avg_Loss_G: 4681.0613 | Total_Iter: 29220
[9740/10001] End of Epoch | Avg_Loss_D: -376.0244 | Avg_Loss_G: 4251.6421 | Total_Iter: 29223
[9741/10001] End of Epoch | Avg_Loss_D: 8.7755 | Avg_Loss_G: 3847.5405 | Total_Iter: 29226
[9742/10001] End of Epoch | Avg_Loss_D: -89.9557 | Avg_Loss_G: 4782.7144 | Total_Iter: 29229
[9743/10001] End of Epoch | Avg_Loss_D: -146.9011 | Avg_Loss_G: 4846.9307 | Total_Iter: 29232
[9744/10001] End of Epoch | Avg_Loss_D: -561.2769 | Avg_Loss_G: 4833.5729 | Total_Iter: 29235
[9745/10001] End of Epoch | Avg_Loss_D: -630.5226 | Avg_Loss_G: 4931.4206 | Total_Iter: 29238
[9746/10001] End of Epoch | Avg_Loss_D: -388.8766 | Avg_Loss_G: 4769.6580 | Total_Iter: 29241
[9747/10001] End of Epoch | Avg_Loss_D: -325.4514 | Avg_Loss_G: 4977.4715 | Total_Iter: 29244
[9748/10001] End of Epoch | Avg_Loss_D: -415.0760 | Avg_Loss_G: 4738.2270 | Total_Iter: 29247
[9749/10001] End of Epoch | Avg_Loss_D: -83.1296 | Avg_Loss_G: 4995.3081 | Total_Iter: 29250
[9750/10001] End of Epoch | Avg_Loss_D: 30.9813 | Avg_Loss_G: 4986.0767 | Total_Iter: 29253
[9751/10001] End of Epoch | Avg_Loss_D: -219.7562 | Avg_Loss_G: 4745.7176 | Total_Iter: 29256
[9752/10001] End of Epoch | Avg_Loss_D: -301.2232 | Avg_Loss_G: 4890.0167 | Total_Iter: 29259
[9753/10001] End of Epoch | Avg_Loss_D: -420.8263 | Avg_Loss_G: 4957.9693 | Total_Iter: 29262
[9754/10001] End of Epoch | Avg_Loss_D: -460.2016 | Avg_Loss_G: 4936.3268 | Total_Iter: 29265
[9755/10001] End of Epoch | Avg_Loss_D: -698.5611 | Avg_Loss_G: 4912.1581 | Total_Iter: 29268
[9756/10001] End of Epoch | Avg_Loss_D: -149.6421 | Avg_Loss_G: 4897.3276 | Total_Iter: 29271
[9757/10001] End of Epoch | Avg_Loss_D: -63.8894 | Avg_Loss_G: 4969.8032 | Total_Iter: 29274
[9758/10001] End of Epoch | Avg_Loss_D: -182.5158 | Avg_Loss_G: 4910.3014 | Total_Iter: 29277
[9759/10001] End of Epoch | Avg_Loss_D: -661.8157 | Avg_Loss_G: 4957.4007 | Total_Iter: 29280
[9760/10001] End of Epoch | Avg_Loss_D: -1478.9502 | Avg_Loss_G: 4726.0206 | Total_Iter: 29283
[9761/10001] End of Epoch | Avg_Loss_D: -48.9383 | Avg_Loss_G: 5004.7415 | Total_Iter: 29286
[9762/10001] End of Epoch | Avg_Loss_D: -735.6314 | Avg_Loss_G: 4826.3721 | Total_Iter: 29289
[9763/10001] End of Epoch | Avg_Loss_D: -263.2233 | Avg_Loss_G: 4719.5352 | Total_Iter: 29292
[9764/10001] End of Epoch | Avg_Loss_D: 168.4028 | Avg_Loss_G: 4916.4150 | Total_Iter: 29295
[9765/10001] End of Epoch | Avg_Loss_D: -143.9535 | Avg_Loss_G: 4931.0021 | Total_Iter: 29298
[9766/10001] End of Epoch | Avg_Loss_D: -632.3099 | Avg_Loss_G: 4913.7032 | Total_Iter: 29301
[9767/10001] End of Epoch | Avg_Loss_D: -271.9039 | Avg_Loss_G: 4773.0808 | Total_Iter: 29304
[9768/10001] End of Epoch | Avg_Loss_D: -151.3654 | Avg_Loss_G: 4728.4388 | Total_Iter: 29307
[9769/10001] End of Epoch | Avg_Loss_D: 429.6314 | Avg_Loss_G: 4746.8035 | Total_Iter: 29310
[9770/10001] End of Epoch | Avg_Loss_D: -129.0095 | Avg_Loss_G: 4829.6470 | Total_Iter: 29313
[9771/10001] End of Epoch | Avg_Loss_D: 121.9347 | Avg_Loss_G: 4668.7367 | Total_Iter: 29316
[9772/10001] End of Epoch | Avg_Loss_D: -720.7678 | Avg_Loss_G: 4749.6453 | Total_Iter: 29319
[9773/10001] End of Epoch | Avg_Loss_D: -638.1721 | Avg_Loss_G: 4739.5931 | Total_Iter: 29322
[9774/10001] End of Epoch | Avg_Loss_D: -374.6614 | Avg_Loss_G: 4331.6488 | Total_Iter: 29325
[9775/10001] End of Epoch | Avg_Loss_D: -1293.5020 | Avg_Loss_G: 4317.8508 | Total_Iter: 29328
[9776/10001] End of Epoch | Avg_Loss_D: -377.0099 | Avg_Loss_G: 4852.4028 | Total_Iter: 29331
[9777/10001] End of Epoch | Avg_Loss_D: -1019.8340 | Avg_Loss_G: 4656.0757 | Total_Iter: 29334
[9778/10001] End of Epoch | Avg_Loss_D: -780.5639 | Avg_Loss_G: 4322.4238 | Total_Iter: 29337
[9779/10001] End of Epoch | Avg_Loss_D: -20.5862 | Avg_Loss_G: 4286.6182 | Total_Iter: 29340
[9780/10001] End of Epoch | Avg_Loss_D: -1245.8444 | Avg_Loss_G: 4377.3530 | Total_Iter: 29343
[9781/10001] End of Epoch | Avg_Loss_D: 796.7356 | Avg_Loss_G: 4991.0946 | Total_Iter: 29346
[9782/10001] End of Epoch | Avg_Loss_D: -1666.8638 | Avg_Loss_G: 4943.8118 | Total_Iter: 29349
[9783/10001] End of Epoch | Avg_Loss_D: -1171.5460 | Avg_Loss_G: 4934.9688 | Total_Iter: 29352
[9784/10001] End of Epoch | Avg_Loss_D: -1270.1844 | Avg_Loss_G: 4574.7652 | Total_Iter: 29355
[9785/10001] End of Epoch | Avg_Loss_D: -1346.0512 | Avg_Loss_G: 4751.4629 | Total_Iter: 29358
[9786/10001] End of Epoch | Avg_Loss_D: 730.1752 | Avg_Loss_G: 4924.9778 | Total_Iter: 29361
[9787/10001] End of Epoch | Avg_Loss_D: 114.4891 | Avg_Loss_G: 4435.6306 | Total_Iter: 29364
[9788/10001] End of Epoch | Avg_Loss_D: -1648.0074 | Avg_Loss_G: 4304.3649 | Total_Iter: 29367
[9789/10001] End of Epoch | Avg_Loss_D: 218.1270 | Avg_Loss_G: 3004.7303 | Total_Iter: 29370
[9790/10001] End of Epoch | Avg_Loss_D: -2280.5269 | Avg_Loss_G: 3689.9379 | Total_Iter: 29373
[9791/10001] End of Epoch | Avg_Loss_D: 33.6716 | Avg_Loss_G: 3771.5999 | Total_Iter: 29376
[9792/10001] End of Epoch | Avg_Loss_D: -8.7166 | Avg_Loss_G: 4631.0881 | Total_Iter: 29379
[9793/10001] End of Epoch | Avg_Loss_D: -76.9679 | Avg_Loss_G: 4741.7093 | Total_Iter: 29382
[9794/10001] End of Epoch | Avg_Loss_D: -1252.8702 | Avg_Loss_G: 4180.6118 | Total_Iter: 29385
[9795/10001] End of Epoch | Avg_Loss_D: 81.6010 | Avg_Loss_G: 4196.6532 | Total_Iter: 29388
[9796/10001] End of Epoch | Avg_Loss_D: 189.6863 | Avg_Loss_G: 4839.5132 | Total_Iter: 29391
[9797/10001] End of Epoch | Avg_Loss_D: 38.4370 | Avg_Loss_G: 4836.1955 | Total_Iter: 29394
[9798/10001] End of Epoch | Avg_Loss_D: -237.2545 | Avg_Loss_G: 4760.8581 | Total_Iter: 29397
[9799/10001] End of Epoch | Avg_Loss_D: 180.0537 | Avg_Loss_G: 4979.3789 | Total_Iter: 29400
[9800/10001] End of Epoch | Avg_Loss_D: -79.1114 | Avg_Loss_G: 4981.8800 | Total_Iter: 29403
[9801/10001] End of Epoch | Avg_Loss_D: 244.3652 | Avg_Loss_G: 4834.7311 | Total_Iter: 29406
[9802/10001] End of Epoch | Avg_Loss_D: 334.2601 | Avg_Loss_G: 4835.1472 | Total_Iter: 29409
[9803/10001] End of Epoch | Avg_Loss_D: -183.7770 | Avg_Loss_G: 4954.8580 | Total_Iter: 29412
[9804/10001] End of Epoch | Avg_Loss_D: 77.6365 | Avg_Loss_G: 4609.6735 | Total_Iter: 29415
[9805/10001] End of Epoch | Avg_Loss_D: -261.4348 | Avg_Loss_G: 4839.9359 | Total_Iter: 29418
[9806/10001] End of Epoch | Avg_Loss_D: 86.2579 | Avg_Loss_G: 4948.5464 | Total_Iter: 29421
[9807/10001] End of Epoch | Avg_Loss_D: -333.7831 | Avg_Loss_G: 4884.9243 | Total_Iter: 29424
[9808/10001] End of Epoch | Avg_Loss_D: -113.2884 | Avg_Loss_G: 4791.9345 | Total_Iter: 29427
[9809/10001] End of Epoch | Avg_Loss_D: -244.6969 | Avg_Loss_G: 4832.2304 | Total_Iter: 29430
[9810/10001] End of Epoch | Avg_Loss_D: 632.5032 | Avg_Loss_G: 4829.2733 | Total_Iter: 29433
[9811/10001] End of Epoch | Avg_Loss_D: 34.5355 | Avg_Loss_G: 4838.3639 | Total_Iter: 29436
[9812/10001] End of Epoch | Avg_Loss_D: -204.9633 | Avg_Loss_G: 4700.6041 | Total_Iter: 29439
[9813/10001] End of Epoch | Avg_Loss_D: 18.0741 | Avg_Loss_G: 4865.6195 | Total_Iter: 29442
[9814/10001] End of Epoch | Avg_Loss_D: -113.7106 | Avg_Loss_G: 4875.8215 | Total_Iter: 29445
[9815/10001] End of Epoch | Avg_Loss_D: -356.5186 | Avg_Loss_G: 4825.6183 | Total_Iter: 29448
[9816/10001] End of Epoch | Avg_Loss_D: -78.9760 | Avg_Loss_G: 4875.2505 | Total_Iter: 29451
[9817/10001] End of Epoch | Avg_Loss_D: 583.1786 | Avg_Loss_G: 4900.0603 | Total_Iter: 29454
[9818/10001] End of Epoch | Avg_Loss_D: 8.6604 | Avg_Loss_G: 4887.8689 | Total_Iter: 29457
[9819/10001] End of Epoch | Avg_Loss_D: -136.2550 | Avg_Loss_G: 4964.8852 | Total_Iter: 29460
[9820/10001] End of Epoch | Avg_Loss_D: -36.0118 | Avg_Loss_G: 4888.9297 | Total_Iter: 29463
[9821/10001] End of Epoch | Avg_Loss_D: 70.6398 | Avg_Loss_G: 4839.6611 | Total_Iter: 29466
[9822/10001] End of Epoch | Avg_Loss_D: -203.1279 | Avg_Loss_G: 4965.9744 | Total_Iter: 29469
[9823/10001] End of Epoch | Avg_Loss_D: -245.8844 | Avg_Loss_G: 4847.3663 | Total_Iter: 29472
[9824/10001] End of Epoch | Avg_Loss_D: 0.6419 | Avg_Loss_G: 4864.5796 | Total_Iter: 29475
[9825/10001] End of Epoch | Avg_Loss_D: -237.2191 | Avg_Loss_G: 4802.1144 | Total_Iter: 29478
[9826/10001] End of Epoch | Avg_Loss_D: -259.7545 | Avg_Loss_G: 4782.8951 | Total_Iter: 29481
[9827/10001] End of Epoch | Avg_Loss_D: -223.0924 | Avg_Loss_G: 4850.3305 | Total_Iter: 29484
[9828/10001] End of Epoch | Avg_Loss_D: -48.2221 | Avg_Loss_G: 4805.9137 | Total_Iter: 29487
[9829/10001] End of Epoch | Avg_Loss_D: -167.3244 | Avg_Loss_G: 4888.4112 | Total_Iter: 29490
[9830/10001] End of Epoch | Avg_Loss_D: -88.4386 | Avg_Loss_G: 4829.6259 | Total_Iter: 29493
[9831/10001] End of Epoch | Avg_Loss_D: -429.3326 | Avg_Loss_G: 4713.7158 | Total_Iter: 29496
[9832/10001] End of Epoch | Avg_Loss_D: -181.3307 | Avg_Loss_G: 4658.2576 | Total_Iter: 29499
[9833/10001] End of Epoch | Avg_Loss_D: -729.8462 | Avg_Loss_G: 4200.9677 | Total_Iter: 29502
[9834/10001] End of Epoch | Avg_Loss_D: -1300.5342 | Avg_Loss_G: 4642.6201 | Total_Iter: 29505
[9835/10001] End of Epoch | Avg_Loss_D: -2378.4354 | Avg_Loss_G: 4942.2811 | Total_Iter: 29508
[9836/10001] End of Epoch | Avg_Loss_D: -98.4610 | Avg_Loss_G: 2894.3028 | Total_Iter: 29511
[9837/10001] End of Epoch | Avg_Loss_D: -291.7699 | Avg_Loss_G: 5089.9211 | Total_Iter: 29514
[9838/10001] End of Epoch | Avg_Loss_D: -309.8152 | Avg_Loss_G: 4953.2317 | Total_Iter: 29517
[9839/10001] End of Epoch | Avg_Loss_D: -59.3243 | Avg_Loss_G: 4991.5183 | Total_Iter: 29520
[9840/10001] End of Epoch | Avg_Loss_D: -490.7469 | Avg_Loss_G: 5154.9581 | Total_Iter: 29523
[9841/10001] End of Epoch | Avg_Loss_D: -1322.1237 | Avg_Loss_G: 4911.8827 | Total_Iter: 29526
[9842/10001] End of Epoch | Avg_Loss_D: -389.7118 | Avg_Loss_G: 4921.4221 | Total_Iter: 29529
[9843/10001] End of Epoch | Avg_Loss_D: 172.8173 | Avg_Loss_G: 4968.6148 | Total_Iter: 29532
[9844/10001] End of Epoch | Avg_Loss_D: -442.0151 | Avg_Loss_G: 4034.2140 | Total_Iter: 29535
[9845/10001] End of Epoch | Avg_Loss_D: 1490.4253 | Avg_Loss_G: 4939.7327 | Total_Iter: 29538
[9846/10001] End of Epoch | Avg_Loss_D: -3188.9454 | Avg_Loss_G: 4594.7533 | Total_Iter: 29541
[9847/10001] End of Epoch | Avg_Loss_D: 41.9236 | Avg_Loss_G: 4711.1606 | Total_Iter: 29544
[9848/10001] End of Epoch | Avg_Loss_D: -441.0762 | Avg_Loss_G: 5018.8537 | Total_Iter: 29547
[9849/10001] End of Epoch | Avg_Loss_D: -440.4172 | Avg_Loss_G: 3683.1621 | Total_Iter: 29550
[9850/10001] End of Epoch | Avg_Loss_D: -39.1567 | Avg_Loss_G: 4940.7810 | Total_Iter: 29553
[9851/10001] End of Epoch | Avg_Loss_D: -641.8532 | Avg_Loss_G: 4815.0809 | Total_Iter: 29556
[9852/10001] End of Epoch | Avg_Loss_D: -38.3278 | Avg_Loss_G: 4834.9809 | Total_Iter: 29559
[9853/10001] End of Epoch | Avg_Loss_D: -137.8772 | Avg_Loss_G: 4825.7950 | Total_Iter: 29562
[9854/10001] End of Epoch | Avg_Loss_D: -1351.6494 | Avg_Loss_G: 5020.2581 | Total_Iter: 29565
[9855/10001] End of Epoch | Avg_Loss_D: 1121.9215 | Avg_Loss_G: 5018.3320 | Total_Iter: 29568
[9856/10001] End of Epoch | Avg_Loss_D: -558.8280 | Avg_Loss_G: 5105.4562 | Total_Iter: 29571
[9857/10001] End of Epoch | Avg_Loss_D: -12.4616 | Avg_Loss_G: 5140.3363 | Total_Iter: 29574
[9858/10001] End of Epoch | Avg_Loss_D: -605.9707 | Avg_Loss_G: 5166.1383 | Total_Iter: 29577
[9859/10001] End of Epoch | Avg_Loss_D: -334.4167 | Avg_Loss_G: 5115.3686 | Total_Iter: 29580
[9860/10001] End of Epoch | Avg_Loss_D: -229.5532 | Avg_Loss_G: 5160.8967 | Total_Iter: 29583
[9861/10001] End of Epoch | Avg_Loss_D: -205.1117 | Avg_Loss_G: 4964.5224 | Total_Iter: 29586
[9862/10001] End of Epoch | Avg_Loss_D: -13.7976 | Avg_Loss_G: 5061.8944 | Total_Iter: 29589
[9863/10001] End of Epoch | Avg_Loss_D: -250.9046 | Avg_Loss_G: 4980.7402 | Total_Iter: 29592
[9864/10001] End of Epoch | Avg_Loss_D: 13.8710 | Avg_Loss_G: 4973.6514 | Total_Iter: 29595
[9865/10001] End of Epoch | Avg_Loss_D: -342.9323 | Avg_Loss_G: 4761.5971 | Total_Iter: 29598
[9866/10001] End of Epoch | Avg_Loss_D: -169.4138 | Avg_Loss_G: 4819.4845 | Total_Iter: 29601
[9867/10001] End of Epoch | Avg_Loss_D: 563.1079 | Avg_Loss_G: 4806.4091 | Total_Iter: 29604
[9868/10001] End of Epoch | Avg_Loss_D: -154.8454 | Avg_Loss_G: 4840.4963 | Total_Iter: 29607
[9869/10001] End of Epoch | Avg_Loss_D: -222.1248 | Avg_Loss_G: 4788.4093 | Total_Iter: 29610
[9870/10001] End of Epoch | Avg_Loss_D: -290.2910 | Avg_Loss_G: 4811.4709 | Total_Iter: 29613
[9871/10001] End of Epoch | Avg_Loss_D: -218.1034 | Avg_Loss_G: 4674.8955 | Total_Iter: 29616
[9872/10001] End of Epoch | Avg_Loss_D: -996.1680 | Avg_Loss_G: 5000.3849 | Total_Iter: 29619
[9873/10001] End of Epoch | Avg_Loss_D: -132.6301 | Avg_Loss_G: 4205.0634 | Total_Iter: 29622
[9874/10001] End of Epoch | Avg_Loss_D: -862.8804 | Avg_Loss_G: 5030.2087 | Total_Iter: 29625
[9875/10001] End of Epoch | Avg_Loss_D: -669.0521 | Avg_Loss_G: 5061.4949 | Total_Iter: 29628
[9876/10001] End of Epoch | Avg_Loss_D: -369.8641 | Avg_Loss_G: 5020.7395 | Total_Iter: 29631
[9877/10001] End of Epoch | Avg_Loss_D: 105.7711 | Avg_Loss_G: 5297.9133 | Total_Iter: 29634
[9878/10001] End of Epoch | Avg_Loss_D: 200.1374 | Avg_Loss_G: 5016.1434 | Total_Iter: 29637
[9879/10001] End of Epoch | Avg_Loss_D: 132.2960 | Avg_Loss_G: 4467.5971 | Total_Iter: 29640
[9880/10001] End of Epoch | Avg_Loss_D: -25.8670 | Avg_Loss_G: 4840.7246 | Total_Iter: 29643
[9881/10001] End of Epoch | Avg_Loss_D: -289.3312 | Avg_Loss_G: 4941.2319 | Total_Iter: 29646
[9882/10001] End of Epoch | Avg_Loss_D: -402.2926 | Avg_Loss_G: 5114.4103 | Total_Iter: 29649
[9883/10001] End of Epoch | Avg_Loss_D: -185.9955 | Avg_Loss_G: 4673.7244 | Total_Iter: 29652
[9884/10001] End of Epoch | Avg_Loss_D: -143.4929 | Avg_Loss_G: 5181.0025 | Total_Iter: 29655
[9885/10001] End of Epoch | Avg_Loss_D: -1453.6089 | Avg_Loss_G: 4889.9454 | Total_Iter: 29658
[9886/10001] End of Epoch | Avg_Loss_D: 191.0836 | Avg_Loss_G: 4517.6330 | Total_Iter: 29661
[9887/10001] End of Epoch | Avg_Loss_D: -232.9532 | Avg_Loss_G: 4364.6788 | Total_Iter: 29664
[9888/10001] End of Epoch | Avg_Loss_D: -308.4175 | Avg_Loss_G: 4780.7724 | Total_Iter: 29667
[9889/10001] End of Epoch | Avg_Loss_D: -47.5371 | Avg_Loss_G: 5107.5960 | Total_Iter: 29670
[9890/10001] End of Epoch | Avg_Loss_D: -660.4674 | Avg_Loss_G: 4330.3087 | Total_Iter: 29673
[9891/10001] End of Epoch | Avg_Loss_D: -2033.4105 | Avg_Loss_G: 4969.0982 | Total_Iter: 29676
[9892/10001] End of Epoch | Avg_Loss_D: -611.4465 | Avg_Loss_G: 3966.6503 | Total_Iter: 29679
[9893/10001] End of Epoch | Avg_Loss_D: 1787.1717 | Avg_Loss_G: 4751.3806 | Total_Iter: 29682
[9894/10001] End of Epoch | Avg_Loss_D: -262.0044 | Avg_Loss_G: 5158.0455 | Total_Iter: 29685
[9895/10001] End of Epoch | Avg_Loss_D: -1058.7734 | Avg_Loss_G: 4849.9692 | Total_Iter: 29688
[9896/10001] End of Epoch | Avg_Loss_D: 1061.0867 | Avg_Loss_G: 4862.3783 | Total_Iter: 29691
[9897/10001] End of Epoch | Avg_Loss_D: -457.6378 | Avg_Loss_G: 5046.7809 | Total_Iter: 29694
[9898/10001] End of Epoch | Avg_Loss_D: -236.2065 | Avg_Loss_G: 5066.2750 | Total_Iter: 29697
[9899/10001] End of Epoch | Avg_Loss_D: 1877.8863 | Avg_Loss_G: 4304.2614 | Total_Iter: 29700
[9900/10001] End of Epoch | Avg_Loss_D: -509.1534 | Avg_Loss_G: 4990.1766 | Total_Iter: 29703
[9901/10001] End of Epoch | Avg_Loss_D: -2160.4185 | Avg_Loss_G: 5016.4481 | Total_Iter: 29706
[9902/10001] End of Epoch | Avg_Loss_D: -834.3372 | Avg_Loss_G: 4578.7083 | Total_Iter: 29709
[9903/10001] End of Epoch | Avg_Loss_D: 277.1557 | Avg_Loss_G: 5025.9375 | Total_Iter: 29712
[9904/10001] End of Epoch | Avg_Loss_D: -85.6036 | Avg_Loss_G: 5031.7255 | Total_Iter: 29715
[9905/10001] End of Epoch | Avg_Loss_D: -417.8786 | Avg_Loss_G: 5209.6539 | Total_Iter: 29718
[9906/10001] End of Epoch | Avg_Loss_D: -674.8933 | Avg_Loss_G: 4927.6395 | Total_Iter: 29721
[9907/10001] End of Epoch | Avg_Loss_D: -354.8684 | Avg_Loss_G: 4729.0473 | Total_Iter: 29724
[9908/10001] End of Epoch | Avg_Loss_D: -1660.6316 | Avg_Loss_G: 4405.6319 | Total_Iter: 29727
[9909/10001] End of Epoch | Avg_Loss_D: 118.1227 | Avg_Loss_G: 4905.2439 | Total_Iter: 29730
[9910/10001] End of Epoch | Avg_Loss_D: -838.0422 | Avg_Loss_G: 4628.4130 | Total_Iter: 29733
[9911/10001] End of Epoch | Avg_Loss_D: -1715.7110 | Avg_Loss_G: 4764.5116 | Total_Iter: 29736
[9912/10001] End of Epoch | Avg_Loss_D: -3602.6930 | Avg_Loss_G: 5164.2921 | Total_Iter: 29739
[9913/10001] End of Epoch | Avg_Loss_D: -816.1612 | Avg_Loss_G: 5054.9056 | Total_Iter: 29742
[9914/10001] End of Epoch | Avg_Loss_D: -318.6718 | Avg_Loss_G: 5030.3568 | Total_Iter: 29745
[9915/10001] End of Epoch | Avg_Loss_D: -39.6704 | Avg_Loss_G: 5286.5702 | Total_Iter: 29748
[9916/10001] End of Epoch | Avg_Loss_D: -1104.1644 | Avg_Loss_G: 5261.2778 | Total_Iter: 29751
[9917/10001] End of Epoch | Avg_Loss_D: 600.1768 | Avg_Loss_G: 3393.8887 | Total_Iter: 29754
[9918/10001] End of Epoch | Avg_Loss_D: -570.7950 | Avg_Loss_G: 5023.2620 | Total_Iter: 29757
[9919/10001] End of Epoch | Avg_Loss_D: -588.8030 | Avg_Loss_G: 5208.8518 | Total_Iter: 29760
[9920/10001] End of Epoch | Avg_Loss_D: -871.0754 | Avg_Loss_G: 4059.8861 | Total_Iter: 29763
[9921/10001] End of Epoch | Avg_Loss_D: -2802.4780 | Avg_Loss_G: 5089.1752 | Total_Iter: 29766
[9922/10001] End of Epoch | Avg_Loss_D: -164.1313 | Avg_Loss_G: 5010.3661 | Total_Iter: 29769
[9923/10001] End of Epoch | Avg_Loss_D: 271.5265 | Avg_Loss_G: 5054.3965 | Total_Iter: 29772
[9924/10001] End of Epoch | Avg_Loss_D: -426.1816 | Avg_Loss_G: 4612.7368 | Total_Iter: 29775
[9925/10001] End of Epoch | Avg_Loss_D: -1483.2918 | Avg_Loss_G: 4681.4189 | Total_Iter: 29778
[9926/10001] End of Epoch | Avg_Loss_D: -133.7387 | Avg_Loss_G: 4911.7776 | Total_Iter: 29781
[9927/10001] End of Epoch | Avg_Loss_D: 234.6304 | Avg_Loss_G: 5092.7510 | Total_Iter: 29784
[9928/10001] End of Epoch | Avg_Loss_D: -689.5837 | Avg_Loss_G: 4999.6179 | Total_Iter: 29787
[9929/10001] End of Epoch | Avg_Loss_D: -7.3031 | Avg_Loss_G: 5098.3857 | Total_Iter: 29790
[9930/10001] End of Epoch | Avg_Loss_D: -607.2606 | Avg_Loss_G: 5078.8200 | Total_Iter: 29793
[9931/10001] End of Epoch | Avg_Loss_D: -182.7160 | Avg_Loss_G: 4660.3674 | Total_Iter: 29796
[9932/10001] End of Epoch | Avg_Loss_D: -1075.9110 | Avg_Loss_G: 5080.2197 | Total_Iter: 29799
[9933/10001] End of Epoch | Avg_Loss_D: 229.1824 | Avg_Loss_G: 4973.1093 | Total_Iter: 29802
[9934/10001] End of Epoch | Avg_Loss_D: -706.7489 | Avg_Loss_G: 4774.1896 | Total_Iter: 29805
[9935/10001] End of Epoch | Avg_Loss_D: -139.1364 | Avg_Loss_G: 4765.8062 | Total_Iter: 29808
[9936/10001] End of Epoch | Avg_Loss_D: -1320.9618 | Avg_Loss_G: 4720.8877 | Total_Iter: 29811
[9937/10001] End of Epoch | Avg_Loss_D: -1473.0710 | Avg_Loss_G: 4406.8238 | Total_Iter: 29814
[9938/10001] End of Epoch | Avg_Loss_D: -302.7283 | Avg_Loss_G: 3703.4149 | Total_Iter: 29817
[9939/10001] End of Epoch | Avg_Loss_D: -508.7273 | Avg_Loss_G: 5064.3707 | Total_Iter: 29820
[9940/10001] End of Epoch | Avg_Loss_D: -1671.5103 | Avg_Loss_G: 5029.1923 | Total_Iter: 29823
[9941/10001] End of Epoch | Avg_Loss_D: -1139.5669 | Avg_Loss_G: 5099.1785 | Total_Iter: 29826
[9942/10001] End of Epoch | Avg_Loss_D: -1995.3699 | Avg_Loss_G: 4808.5651 | Total_Iter: 29829
[9943/10001] End of Epoch | Avg_Loss_D: -759.0814 | Avg_Loss_G: 4293.1960 | Total_Iter: 29832
[9944/10001] End of Epoch | Avg_Loss_D: 746.8285 | Avg_Loss_G: 4964.3440 | Total_Iter: 29835
[9945/10001] End of Epoch | Avg_Loss_D: -305.7016 | Avg_Loss_G: 4670.3967 | Total_Iter: 29838
[9946/10001] End of Epoch | Avg_Loss_D: -3037.1058 | Avg_Loss_G: 4790.0039 | Total_Iter: 29841
[9947/10001] End of Epoch | Avg_Loss_D: -61.4695 | Avg_Loss_G: 4564.4856 | Total_Iter: 29844
[9948/10001] End of Epoch | Avg_Loss_D: -102.4652 | Avg_Loss_G: 4742.3895 | Total_Iter: 29847
[9949/10001] End of Epoch | Avg_Loss_D: 109.8721 | Avg_Loss_G: 4530.2805 | Total_Iter: 29850
[9950/10001] End of Epoch | Avg_Loss_D: -427.3125 | Avg_Loss_G: 4542.5117 | Total_Iter: 29853
[9951/10001] End of Epoch | Avg_Loss_D: -640.0226 | Avg_Loss_G: 4270.3615 | Total_Iter: 29856
[9952/10001] End of Epoch | Avg_Loss_D: -304.9986 | Avg_Loss_G: 4419.2594 | Total_Iter: 29859
[9953/10001] End of Epoch | Avg_Loss_D: 96.6918 | Avg_Loss_G: 4745.7998 | Total_Iter: 29862
[9954/10001] End of Epoch | Avg_Loss_D: -382.5109 | Avg_Loss_G: 5028.3206 | Total_Iter: 29865
[9955/10001] End of Epoch | Avg_Loss_D: 120.9171 | Avg_Loss_G: 5008.1020 | Total_Iter: 29868
[9956/10001] End of Epoch | Avg_Loss_D: 16.4544 | Avg_Loss_G: 5054.2442 | Total_Iter: 29871
[9957/10001] End of Epoch | Avg_Loss_D: -1245.4783 | Avg_Loss_G: 4893.6768 | Total_Iter: 29874
[9958/10001] End of Epoch | Avg_Loss_D: -762.0982 | Avg_Loss_G: 4477.3664 | Total_Iter: 29877
[9959/10001] End of Epoch | Avg_Loss_D: -338.0916 | Avg_Loss_G: 4739.2819 | Total_Iter: 29880
[9960/10001] End of Epoch | Avg_Loss_D: 595.9643 | Avg_Loss_G: 4810.9537 | Total_Iter: 29883
[9961/10001] End of Epoch | Avg_Loss_D: 14.7550 | Avg_Loss_G: 4636.2371 | Total_Iter: 29886
[9962/10001] End of Epoch | Avg_Loss_D: -1194.6921 | Avg_Loss_G: 3970.9418 | Total_Iter: 29889
[9963/10001] End of Epoch | Avg_Loss_D: -1249.4675 | Avg_Loss_G: 4879.6965 | Total_Iter: 29892
[9964/10001] End of Epoch | Avg_Loss_D: 55.3093 | Avg_Loss_G: 4921.8434 | Total_Iter: 29895
[9965/10001] End of Epoch | Avg_Loss_D: 663.6360 | Avg_Loss_G: 4724.8051 | Total_Iter: 29898
[9966/10001] End of Epoch | Avg_Loss_D: 373.5883 | Avg_Loss_G: 4901.9945 | Total_Iter: 29901
[9967/10001] End of Epoch | Avg_Loss_D: 236.3105 | Avg_Loss_G: 4863.6630 | Total_Iter: 29904
[9968/10001] End of Epoch | Avg_Loss_D: 68.7726 | Avg_Loss_G: 4956.4281 | Total_Iter: 29907
[9969/10001] End of Epoch | Avg_Loss_D: 58.2997 | Avg_Loss_G: 4942.8729 | Total_Iter: 29910
[9970/10001] End of Epoch | Avg_Loss_D: 152.6649 | Avg_Loss_G: 4799.8007 | Total_Iter: 29913
[9971/10001] End of Epoch | Avg_Loss_D: 25.6604 | Avg_Loss_G: 4986.6176 | Total_Iter: 29916
[9972/10001] End of Epoch | Avg_Loss_D: 83.3744 | Avg_Loss_G: 4896.6058 | Total_Iter: 29919
[9973/10001] End of Epoch | Avg_Loss_D: -146.0426 | Avg_Loss_G: 4871.8051 | Total_Iter: 29922
[9974/10001] End of Epoch | Avg_Loss_D: -11.0013 | Avg_Loss_G: 4879.2668 | Total_Iter: 29925
[9975/10001] End of Epoch | Avg_Loss_D: 125.5169 | Avg_Loss_G: 4785.4214 | Total_Iter: 29928
[9976/10001] End of Epoch | Avg_Loss_D: 342.3825 | Avg_Loss_G: 4841.3242 | Total_Iter: 29931
[9977/10001] End of Epoch | Avg_Loss_D: -73.5886 | Avg_Loss_G: 4808.7355 | Total_Iter: 29934
[9978/10001] End of Epoch | Avg_Loss_D: -78.5197 | Avg_Loss_G: 4925.5239 | Total_Iter: 29937
[9979/10001] End of Epoch | Avg_Loss_D: -91.6663 | Avg_Loss_G: 4917.7466 | Total_Iter: 29940
[9980/10001] End of Epoch | Avg_Loss_D: -135.2810 | Avg_Loss_G: 4909.4946 | Total_Iter: 29943
[9981/10001] End of Epoch | Avg_Loss_D: 71.6454 | Avg_Loss_G: 4822.9466 | Total_Iter: 29946
[9982/10001] End of Epoch | Avg_Loss_D: -193.1956 | Avg_Loss_G: 4736.9717 | Total_Iter: 29949
[9983/10001] End of Epoch | Avg_Loss_D: 159.8287 | Avg_Loss_G: 4809.1901 | Total_Iter: 29952
[9984/10001] End of Epoch | Avg_Loss_D: 126.7164 | Avg_Loss_G: 4754.3275 | Total_Iter: 29955
[9985/10001] End of Epoch | Avg_Loss_D: -49.4594 | Avg_Loss_G: 4734.4314 | Total_Iter: 29958
[9986/10001] End of Epoch | Avg_Loss_D: -900.6847 | Avg_Loss_G: 4749.3378 | Total_Iter: 29961
[9987/10001] End of Epoch | Avg_Loss_D: 20.6103 | Avg_Loss_G: 4466.1490 | Total_Iter: 29964
[9988/10001] End of Epoch | Avg_Loss_D: -57.0384 | Avg_Loss_G: 4321.1522 | Total_Iter: 29967
[9989/10001] End of Epoch | Avg_Loss_D: -201.4740 | Avg_Loss_G: 4875.1247 | Total_Iter: 29970
[9990/10001] End of Epoch | Avg_Loss_D: -23.0554 | Avg_Loss_G: 4694.6362 | Total_Iter: 29973
[9991/10001] End of Epoch | Avg_Loss_D: -203.9085 | Avg_Loss_G: 4821.7566 | Total_Iter: 29976
[9992/10001] End of Epoch | Avg_Loss_D: -257.2738 | Avg_Loss_G: 4882.7323 | Total_Iter: 29979
[9993/10001] End of Epoch | Avg_Loss_D: 254.2269 | Avg_Loss_G: 4959.1469 | Total_Iter: 29982
[9994/10001] End of Epoch | Avg_Loss_D: -81.1517 | Avg_Loss_G: 4697.7860 | Total_Iter: 29985
[9995/10001] End of Epoch | Avg_Loss_D: 88.4543 | Avg_Loss_G: 4954.3972 | Total_Iter: 29988
[9996/10001] End of Epoch | Avg_Loss_D: -384.5085 | Avg_Loss_G: 4085.1430 | Total_Iter: 29991
[9997/10001] End of Epoch | Avg_Loss_D: -29.9309 | Avg_Loss_G: 5020.1573 | Total_Iter: 29994
[9998/10001] End of Epoch | Avg_Loss_D: -275.6614 | Avg_Loss_G: 4934.8830 | Total_Iter: 29997
[9999/10001] End of Epoch | Avg_Loss_D: -560.8214 | Avg_Loss_G: 4661.5013 | Total_Iter: 30000
[10000/10001] End of Epoch | Avg_Loss_D: 50.0801 | Avg_Loss_G: 4883.7987 | Total_Iter: 30003
